"Season","Conference","Player","Team","BA","OBP","SLG","OPS","GP","PA","AB","R","H","2B","3B","HR","RBI","HBP","BB","K","SB","CS"
2021,"All Division I","Aalia Bivens","UT Martin",0.323,0.392,0.449,0.84,46,155,127,23,41,13,0,1,15,3,12,15,2,0
2021,"All Division I","Aaliyah Jordan","UCLA",0.319,0.458,0.567,1.025,51,179,141,36,45,9,1,8,32,4,33,18,3,1
2021,"All Division I","Aaliyah Swan","Cal State Northridge",0.27,0.329,0.324,0.654,26,84,74,8,20,4,0,0,5,0,7,23,5,1
2021,"All Division I","Abbey Jacobsen","Loyola Chicago",0.211,0.244,0.211,0.454,42,120,114,7,24,0,0,0,5,1,4,21,0,1
2021,"All Division I","Abbey Latham","Ole Miss",0.305,0.371,0.489,0.86,58,195,174,25,53,11,0,7,36,4,15,40,7,1
2021,"All Division I","Abbey Montoya","Coastal Carolina",0.284,0.363,0.45,0.812,39,130,109,18,31,2,2,4,15,2,12,12,6,1
2021,"All Division I","Abby Ehrenborg","Dayton",0.359,0.386,0.788,1.174,46,167,156,26,56,13,0,18,41,1,7,10,0,0
2021,"All Division I","Abby Frank","Incarnate Word",0.242,0.319,0.315,0.633,41,143,124,19,30,4,1,1,14,2,12,15,7,0
2021,"All Division I","Abrianna Gracia","Western Illinois",0.269,0.321,0.279,0.6,36,117,104,6,28,1,0,0,7,3,5,15,0,0
2021,"All Division I","Abby Herbst","Wisconsin",0.205,0.327,0.261,0.588,32,106,88,4,18,5,0,0,13,2,14,19,0,0
2021,"All Division I","Abby Krzywiecki","South Alabama",0.263,0.336,0.525,0.861,41,134,118,15,31,4,0,9,30,2,11,36,0,0
2021,"All Division I","Abby Sweet","Notre Dame",0.438,0.531,0.705,1.237,48,176,146,43,64,18,3,5,23,18,11,9,20,2
2021,"All Division I","Abby Wilson","Radford",0.24,0.341,0.396,0.737,54,184,154,20,37,9,0,5,27,4,21,25,4,2
2021,"All Division I","Abby Wingo","Seton Hall",0.258,0.295,0.404,0.699,30,97,89,10,23,5,1,2,12,0,5,17,0,0
2021,"All Division I","Abi Ledbetter","Belmont",0.286,0.333,0.365,0.698,41,139,126,10,36,5,1,1,12,3,7,22,1,0
2021,"All Division I","Abi Stahlhut","Eastern Illinois",0.174,0.247,0.261,0.508,38,79,69,3,12,3,0,1,13,4,3,21,0,0
2021,"All Division I","Abigail Amato","Merrimack",0.273,0.314,0.561,0.875,23,70,66,7,18,5,1,4,14,1,3,14,0,1
2021,"All Division I","Addi Burke","Valparaiso",0.239,0.32,0.321,0.641,40,128,109,9,26,6,0,1,8,3,10,16,2,1
2021,"All Division I","Addie Kittel","Lehigh",0.21,0.246,0.306,0.553,26,66,62,2,13,6,0,0,4,0,3,9,0,0
2021,"All Division I","Addie Pate","Western Carolina",0.183,0.292,0.317,0.609,46,122,104,14,19,5,0,3,13,2,14,13,0,0
2021,"All Division I","Adriana Barlow","Miami (OH)",0.305,0.397,0.598,0.994,55,194,164,34,50,12,0,12,55,4,23,41,2,0
2021,"All Division I","Adrianna Noriega","Fresno State",0.328,0.353,0.557,0.91,48,142,131,29,43,8,2,6,31,2,4,28,8,1
2021,"All Division I","Adrienne Chang","Princeton",0,0,0,0,3,10,9,0,0,0,0,0,0,0,0,0,0,0
2021,"All Division I","Adrienne Nardone","Colgate",0.357,0.418,0.586,1.003,32,79,70,8,25,4,0,4,16,0,8,14,1,0
2021,"All Division I","Aeriyl Mass","Southeastern Louisiana",0.369,0.414,0.5,0.914,51,194,176,39,65,10,2,3,30,1,13,15,29,5
2021,"All Division I","Aileen Garcia","UT Arlington",0.192,0.263,0.274,0.536,50,163,146,13,28,3,0,3,20,1,13,21,2,0
2021,"All Division I","Alaena Selden","Delaware State",0.241,0.267,0.241,0.508,30,91,87,3,21,0,0,0,8,2,1,7,0,0
2021,"All Division I","Alaina York","Robert Morris",0.294,0.344,0.361,0.705,43,135,119,22,35,6,1,0,13,2,8,14,3,0
2021,"All Division I","Alana Cobb-Adams","SIUE",0.313,0.367,0.485,0.852,39,151,134,34,42,8,3,3,16,0,12,23,17,0
2021,"All Division I","Alana Collins","East Tennessee State",0.232,0.277,0.284,0.561,30,101,95,11,22,2,0,1,4,1,5,9,0,0
2021,"All Division I","Alannah Cran","Illinois-Chicago",0.281,0.323,0.43,0.753,44,132,121,19,34,8,2,2,21,3,5,29,5,0
2021,"All Division I","Alayis Seneca","McNeese",0.307,0.328,0.362,0.69,49,136,127,18,39,3,2,0,7,1,3,4,8,1
2021,"All Division I","Aleah Marra","Toledo",0.31,0.378,0.414,0.792,49,165,145,20,45,10,1,1,25,2,15,22,4,3
2021,"All Division I","Aleix Hudson","Bryant",0.318,0.403,0.5,0.903,24,77,66,9,21,6,0,2,9,3,7,11,1,0
2021,"All Division I","Alesia Denby","Fresno State",0.22,0.29,0.323,0.612,49,146,127,21,28,6,2,1,13,2,12,24,9,3
2021,"All Division I","Alesia Ranches","Iowa State",0.24,0.333,0.344,0.677,55,177,154,25,37,7,0,3,21,3,19,34,10,3
2021,"All Division I","Alessandra Ponce","George Washington",0.303,0.379,0.613,0.991,48,169,142,28,43,6,1,12,58,3,18,21,3,0
2021,"All Division I","Alex Boze","Missouri State",0.2,0.363,0.425,0.788,36,104,80,7,16,3,0,5,17,5,16,21,1,0
2021,"All Division I","Alex DeLeon","Youngstown State",0.333,0.453,0.409,0.863,51,176,132,38,44,6,2,0,18,17,12,14,2,0
2021,"All Division I","Alex Hedspeth","Stephen F. Austin",0.264,0.402,0.396,0.798,41,140,106,22,28,5,0,3,17,20,5,16,8,3
2021,"All Division I","Alex Pleasic","Rhode Island",0.226,0.305,0.528,0.833,22,59,53,11,12,4,0,4,13,1,5,22,0,0
2021,"All Division I","Alexa Milius","Virginia Tech",0.32,0.391,0.577,0.968,42,112,97,17,31,4,0,7,22,1,11,15,3,0
2021,"All Division I","Alexia Lara","Drake",0.213,0.26,0.287,0.547,38,101,94,7,20,5,1,0,11,1,5,20,0,0
2021,"All Division I","Alexis Arrendondo","Jackson State",0.311,0.431,0.367,0.798,33,109,90,14,28,5,0,0,12,6,13,15,1,0
2021,"All Division I","Alexis D'Ambrosio","Kansas City",0.279,0.313,0.386,0.699,48,150,140,21,39,7,1,2,11,3,4,19,5,0
2021,"All Division I","Alexis Genovese","Coppin State",0.222,0.232,0.333,0.565,26,84,81,6,18,6,0,1,8,0,1,6,0,1
2021,"All Division I","Alexis Johns","USF",0.254,0.319,0.302,0.62,41,140,126,32,32,2,2,0,12,0,12,8,22,1
2021,"All Division I","Alexis Lucyshyn","Buffalo",0.245,0.327,0.457,0.784,53,171,151,20,37,2,0,10,30,2,17,49,0,1
2021,"All Division I","Alexis Massie","Alabama State",0.284,0.323,0.328,0.65,43,127,116,10,33,5,0,0,14,2,5,14,0,0
2021,"All Division I","Alexis Matheney","Buffalo",0.311,0.428,0.595,1.022,53,181,148,34,46,7,1,11,36,4,27,45,5,2
2021,"All Division I","Alexis Perry","Northwestern State",0.232,0.288,0.336,0.624,44,141,125,9,29,2,1,3,29,2,9,13,0,0
2021,"All Division I","Alexis Perry","Tulsa",0.333,0.464,0.648,1.112,39,140,108,22,36,4,0,10,38,1,28,22,1,0
2021,"All Division I","Alexis Phillips","Albany",0.268,0.376,0.331,0.707,40,150,127,27,34,2,3,0,6,1,21,24,13,4
2021,"All Division I","Alexis Ross","Florida International",0.275,0.321,0.336,0.657,40,143,131,31,36,4,2,0,5,2,7,15,14,2
2021,"All Division I","Alexis Silinonte","Wagner",0.282,0.349,0.359,0.708,31,90,78,10,22,3,0,1,8,2,6,11,2,0
2021,"All Division I","Alexis Strother","Morehead State",0.291,0.378,0.436,0.814,41,127,110,9,32,7,0,3,25,4,12,18,1,0
2021,"All Division I","Alexis Taube","Kent State",0.304,0.34,0.481,0.822,48,150,135,23,41,4,1,6,34,4,5,17,2,2
2021,"All Division I","Alexis Wayland","Longwood",0.247,0.286,0.414,0.7,54,186,174,28,43,8,0,7,34,2,8,26,7,3
2021,"All Division I","Alexus Jimmerson","Jacksonville State",0.309,0.389,0.596,0.984,48,159,136,17,42,12,0,9,29,2,17,22,1,0
2021,"All Division I","Alexys Campos","North Dakota",0.295,0.325,0.333,0.658,50,165,156,19,46,4,1,0,3,0,7,20,2,4
2021,"All Division I","Ali Milam","Marist",0.3,0.33,0.533,0.863,27,95,90,12,27,6,0,5,16,0,4,21,5,1
2021,"All Division I","Alia Booth","Georgia Southern",0.213,0.344,0.313,0.656,34,98,80,7,17,5,0,1,5,0,16,17,3,0
2021,"All Division I","Alicia Peters","Buffalo",0.21,0.285,0.383,0.668,53,179,162,21,34,4,0,8,23,7,10,43,1,0
2021,"All Division I","Alicia Veltri","Belmont",0.219,0.327,0.354,0.682,36,113,96,9,21,4,0,3,11,2,14,37,1,0
2021,"All Division I","Alina Castillo","Long Island",0.424,0.521,0.515,1.036,35,121,99,24,42,6,0,1,22,6,14,6,0,0
2021,"All Division I","Alise Hale","Fort Wayne",0.202,0.318,0.383,0.701,36,114,94,21,19,2,0,5,12,2,14,24,0,0
2021,"All Division I","Alison Seng","Boise State",0.274,0.371,0.323,0.693,45,145,124,12,34,6,0,0,14,3,16,20,2,0
2021,"All Division I","Aliya Ewell","Morgan State",0.294,0.384,0.471,0.855,41,139,119,29,35,7,4,2,20,3,15,15,9,1
2021,"All Division I","Aliyah Andrews","LSU",0.365,0.419,0.479,0.898,57,212,192,46,70,6,5,2,19,1,17,19,27,2
2021,"All Division I","Aliyah Huerta-Leipner","Boston University",0.292,0.364,0.4,0.764,40,144,120,25,35,7,3,0,22,1,16,25,6,1
2021,"All Division I","Aliyah Binford","Baylor",0.286,0.325,0.457,0.782,46,151,140,18,40,9,0,5,28,2,7,27,2,0
2021,"All Division I","Allee Bunker","Oregon",0.342,0.382,0.582,0.963,57,200,184,36,63,10,2,10,49,3,10,6,4,1
2021,"All Division I","Allie Cummins","Miami (OH)",0.439,0.576,0.892,1.468,56,203,148,58,65,16,0,17,59,2,50,28,11,2
2021,"All Division I","Allie Englant","Ohio",0.358,0.385,0.412,0.797,47,177,165,35,59,7,1,0,9,1,7,13,30,3
2021,"All Division I","Allie Herron","Saint Louis",0.196,0.217,0.304,0.521,38,107,102,7,20,4,2,1,5,1,2,34,2,0
2021,"All Division I","Allie Jones","Mercer",0.306,0.353,0.458,0.811,47,156,144,26,44,6,2,4,18,2,9,20,20,3
2021,"All Division I","Allisha Martinez","Loyola Marymount",0.222,0.274,0.333,0.607,36,108,99,14,22,2,3,1,14,2,5,24,2,2
2021,"All Division I","Allison Helton","Omaha",0.237,0.294,0.359,0.652,47,144,131,18,31,8,1,2,11,2,9,28,1,0
2021,"All Division I","Allison Yoder","South Dakota State",0.266,0.357,0.371,0.728,51,169,143,34,38,7,4,0,12,4,18,35,6,0
2021,"All Division I","Ally Choate","Seattle",0.363,0.431,0.431,0.862,50,182,160,30,58,4,2,1,12,4,16,27,0,2
2021,"All Division I","Ally Clegg","Coastal Carolina",0.244,0.337,0.329,0.666,34,95,82,12,20,4,0,1,12,4,8,14,1,1
2021,"All Division I","Ally Jones","Villanova",0.363,0.479,0.664,1.143,42,142,113,22,41,8,1,8,23,3,24,20,0,0
2021,"All Division I","Ally Kurland","Penn State",0.234,0.277,0.468,0.745,38,101,94,5,22,5,1,5,14,2,4,28,0,0
2021,"All Division I","Ally Miklesh","Wisconsin",0.26,0.33,0.308,0.638,39,120,104,16,27,0,1,1,2,2,9,17,18,3
2021,"All Division I","Ally Nodohara","UC Santa Barbara",0.257,0.303,0.413,0.715,38,119,109,12,28,4,2,3,17,3,5,20,3,1
2021,"All Division I","Ally Repko","Elon",0.33,0.5,0.66,1.16,39,134,100,23,33,4,1,9,34,3,31,16,1,0
2021,"All Division I","Ally Shipman","Tennessee",0.304,0.327,0.551,0.878,52,168,158,27,48,9,3,8,39,3,4,17,3,0
2021,"All Division I","Ally Snelling","Army",0.301,0.381,0.548,0.929,30,106,93,12,28,4,2,5,25,1,11,7,1,0
2021,"All Division I","Ally Vonfeldt","Kansas City",0.278,0.335,0.58,0.915,55,194,176,34,49,12,1,13,44,2,14,17,2,1
2021,"All Division I","Allyn Bezjak","Saint Francis",0.294,0.403,0.404,0.807,43,137,109,21,32,3,0,3,26,8,14,19,1,0
2021,"All Division I","Allyson Ferreira","Santa Clara",0.282,0.338,0.338,0.676,25,80,71,7,20,1,0,1,10,1,5,14,4,1
2021,"All Division I","Allyson Ivey","Loyola Chicago",0.398,0.497,0.65,1.147,42,150,123,17,49,10,0,7,27,11,14,20,2,1
2021,"All Division I","Alondra Mejia","Sacramento State",0.301,0.344,0.584,0.928,40,122,113,10,34,3,4,7,16,1,7,13,0,0
2021,"All Division I","Alston Jenkins","South Carolina State",0.294,0.333,0.294,0.627,26,74,68,10,20,0,0,0,3,2,2,6,3,0
2021,"All Division I","Aly Harrell","Marshall",0.415,0.526,0.819,1.345,30,116,94,25,39,8,0,10,29,5,17,3,1,0
2021,"All Division I","Aly Manzo","Arkansas",0.273,0.304,0.345,0.65,46,116,110,4,30,5,0,1,9,1,4,16,0,0
2021,"All Division I","Aly Packish","Cleveland State",0.263,0.317,0.421,0.738,43,133,114,16,30,6,0,4,16,1,8,21,2,0
2021,"All Division I","Alynah Torres","Arizona State",0.275,0.333,0.544,0.877,49,166,149,28,41,4,0,12,34,3,11,14,0,0
2021,"All Division I","Alyson Matriotti","Seattle",0.279,0.336,0.369,0.705,50,126,111,20,31,5,1,1,9,0,10,21,7,1
2021,"All Division I","Alyssa Adams","Saint Peter's",0.06,0.161,0.08,0.241,28,58,50,4,3,1,0,0,0,1,5,12,1,1
2021,"All Division I","Alyssa Ansara","Rider",0.341,0.355,0.341,0.695,30,95,91,22,31,0,0,0,3,2,0,12,7,0
2021,"All Division I","Alyssa Barrera","Utah",0.272,0.312,0.434,0.746,55,190,173,27,47,7,3,5,36,2,10,21,2,3
2021,"All Division I","Alyssa Brewer","Green Bay",0.288,0.403,0.442,0.846,38,127,104,15,30,5,1,3,16,8,12,26,0,0
2021,"All Division I","Alyssa Cacini","Dayton",0.319,0.357,0.603,0.96,45,155,141,23,45,12,2,8,33,0,10,34,1,1
2021,"All Division I","Alyssa Chavez","Saint Louis",0.255,0.313,0.359,0.671,46,160,145,17,37,10,1,1,27,2,11,22,1,0
2021,"All Division I","Alyssa Davis","Southern Miss",0.324,0.349,0.511,0.861,52,187,176,24,57,8,2,7,36,3,5,27,6,2
2021,"All Division I","Alyssa Dean","Memphis",0.3,0.391,0.508,0.898,50,152,130,24,39,7,1,6,19,7,13,14,9,2
2021,"All Division I","Alyssa Ealy","Western Illinois",0.191,0.306,0.309,0.615,40,112,94,12,18,1,2,2,9,0,16,32,5,1
2021,"All Division I","Alyssa Garcia","Butler",0.215,0.255,0.237,0.492,36,101,93,13,20,2,0,0,2,0,5,19,3,2
2021,"All Division I","Alyssa Garcia","Prairie View",0.318,0.367,0.435,0.803,31,98,85,12,27,7,0,1,19,1,8,7,0,0
2021,"All Division I","Alyssa Gilman","Stetson",0.213,0.267,0.213,0.48,30,89,80,4,17,0,0,0,3,0,6,14,3,4
2021,"All Division I","Alyssa Gonzalez","Long Beach State",0.409,0.462,0.63,1.091,41,143,127,36,52,5,1,7,33,2,12,5,2,0
2021,"All Division I","Alyssa Gonzalez","Sacred Heart",0.365,0.476,0.913,1.39,36,126,104,21,38,6,0,17,41,2,20,21,0,0
2021,"All Division I","Alyssa Graham","San Jose State",0.333,0.425,0.478,0.902,32,108,90,13,30,5,1,2,14,1,14,15,0,0
2021,"All Division I","Alyssa Kramer","Western Michigan",0.286,0.318,0.421,0.739,45,135,126,21,36,3,1,4,14,2,4,28,2,0
2021,"All Division I","Alyssa Lopez","Alabama A&M",0.215,0.288,0.292,0.58,25,74,65,12,14,3,1,0,8,1,6,6,0,0
2021,"All Division I","Alyssa Palomino-Cardoza","Arizona",0.306,0.413,0.563,0.975,53,172,144,41,44,9,2,8,35,2,25,33,1,0
2021,"All Division I","Alyssa Rivera","Auburn",0.252,0.283,0.359,0.641,49,139,131,14,33,6,1,2,15,0,6,19,7,4
2021,"All Division I","Alyssa Wenzel","Northern Colorado",0.355,0.377,0.445,0.823,36,116,110,17,39,5,1,1,15,1,3,8,9,3
2021,"All Division I","Alyssa Wesley","Arkansas-Pine Bluff",0.21,0.359,0.306,0.665,27,81,62,11,13,1,1,1,5,4,11,19,4,0
2021,"All Division I","Amaia Daniel","Ball State",0.319,0.444,0.56,1.005,45,145,116,27,37,10,0,6,23,3,24,12,5,0
2021,"All Division I","Amanda Argomaniz","California Baptist",0.219,0.292,0.333,0.626,44,134,114,10,25,4,0,3,18,2,11,20,0,1
2021,"All Division I","Amanda Ayala","Tennessee",0.368,0.427,0.652,1.079,48,171,155,37,57,11,3,9,32,2,14,14,11,0
2021,"All Division I","Amanda Briskin","Samford",0.348,0.394,0.379,0.773,42,143,132,17,46,4,0,0,10,1,9,17,9,3
2021,"All Division I","Amanda Doyle","LSU",0.269,0.304,0.474,0.778,54,186,171,25,46,5,0,10,41,3,7,13,1,0
2021,"All Division I","Amanda Fleming","Furman",0.198,0.286,0.333,0.619,45,130,111,14,22,4,1,3,14,0,14,37,14,3
2021,"All Division I","Amanda Guercio","Indiana State",0.24,0.286,0.442,0.727,47,171,154,18,37,6,2,7,32,1,10,34,1,0
2021,"All Division I","Amari Ramsey","Alcorn State",0.275,0.34,0.451,0.791,29,101,91,15,25,11,1,1,13,2,7,15,1,0
2021,"All Division I","Amber Bishop","Liberty",0.382,0.47,0.763,1.233,59,217,186,43,71,12,1,19,49,6,25,17,0,0
2021,"All Division I","Amber Cieplinski","Eastern Illinois",0.24,0.333,0.473,0.806,46,149,129,12,31,7,1,7,22,1,17,24,1,0
2021,"All Division I","Amber Lotz","George Washington",0.286,0.307,0.306,0.613,41,103,98,25,28,2,0,0,3,1,2,14,9,0
2021,"All Division I","Amber Storer","SIUE",0.32,0.346,0.484,0.83,39,131,122,6,39,8,0,4,20,1,5,8,0,0
2021,"All Division I","Amber Verstynen","George Mason",0.297,0.321,0.297,0.618,27,79,74,13,22,0,0,0,6,0,3,9,6,1
2021,"All Division I","Amberly Rodriguez","Northern Illinois",0.288,0.331,0.294,0.625,48,164,153,35,44,1,0,0,7,2,8,23,11,3
2021,"All Division I","Amelia Ditolvo","St. John's",0.186,0.269,0.254,0.523,24,69,59,3,11,2,1,0,9,1,6,17,3,0
2021,"All Division I","Amelia Thomas","Loyola Chicago",0.271,0.333,0.356,0.689,40,135,118,12,32,5,1,1,14,3,9,16,8,2
2021,"All Division I","Amelia Van Orman","Wagner",0.337,0.445,0.461,0.906,33,111,89,17,30,9,1,0,23,1,18,13,2,0
2021,"All Division I","Amy Petrovich","Sacred Heart",0.233,0.316,0.467,0.783,38,137,120,20,28,10,0,6,29,3,12,17,2,0
2021,"All Division I","Amy Smith","UMass",0.354,0.458,0.458,0.916,33,118,96,26,34,5,1,1,20,2,18,8,1,0
2021,"All Division I","Amy Vetula","Lipscomb",0.333,0.398,0.375,0.773,36,136,120,25,40,3,1,0,15,2,11,16,18,2
2021,"All Division I","Anaiyah Fultz","Grambling",0.333,0.415,0.42,0.835,29,94,81,14,27,1,0,2,20,2,10,18,6,0
2021,"All Division I","Analeigh Coursey","Tennessee State",0.105,0.183,0.167,0.349,38,129,114,9,12,1,0,2,0,2,9,28,0,0
2021,"All Division I","Analyse Petree","UAB",0.331,0.406,0.568,0.975,49,162,139,33,46,9,0,8,36,8,11,17,0,0
2021,"All Division I","AnaMarie Bruni","USF",0.362,0.439,0.396,0.835,50,173,149,32,54,1,2,0,11,3,18,13,37,3
2021,"All Division I","Andrea Coursey","Illinois State",0.297,0.343,0.462,0.805,35,100,91,11,27,4,1,3,20,3,4,17,0,0
2021,"All Division I","Andrea Gonzalez","Loyola Marymount",0.297,0.357,0.475,0.831,40,129,118,22,35,9,0,4,16,1,10,18,5,0
2021,"All Division I","Andrea Howard","New Mexico",0.336,0.427,0.728,1.155,46,150,125,25,42,9,2,12,33,1,21,21,2,2
2021,"All Division I","Andrea Lyon","Gardner-Webb",0.214,0.313,0.393,0.706,33,100,84,7,18,3,0,4,12,4,9,21,0,0
2021,"All Division I","Andrea Sarhatt","East Tennessee State",0.226,0.286,0.262,0.548,29,92,84,11,19,1,1,0,4,2,5,7,1,0
2021,"All Division I","Angela Giampolo","Villanova",0.283,0.387,0.439,0.827,52,204,173,39,49,12,0,5,36,9,21,34,8,1
2021,"All Division I","Angela Scalzitti","DePaul",0.293,0.414,0.44,0.854,36,140,116,25,34,8,3,1,11,2,22,12,10,2
2021,"All Division I","Angela Zedak","Northwestern",0.244,0.311,0.415,0.726,46,151,135,24,33,9,1,4,22,4,10,20,4,0
2021,"All Division I","Angelica Cano","Idaho State",0.282,0.364,0.659,1.022,35,99,85,21,24,6,1,8,20,2,10,16,0,0
2021,"All Division I","Angelina Bebek","Army",0.353,0.441,0.569,1.009,33,119,102,23,36,8,1,4,18,2,14,11,5,1
2021,"All Division I","Angelina Ioppolo","Hofstra",0.323,0.39,0.398,0.788,32,107,93,12,30,3,2,0,14,7,4,7,3,2
2021,"All Division I","Angelina Stile","Siena",0.258,0.371,0.371,0.742,33,107,89,14,23,1,0,3,13,5,11,11,1,0
2021,"All Division I","Angelique Ramos","Hawaii",0.31,0.375,0.48,0.855,31,112,100,16,31,4,2,3,12,3,8,11,1,1
2021,"All Division I","Angie Rizzi","NC State",0.36,0.482,0.713,1.196,48,171,136,40,49,8,2,12,32,3,30,34,28,2
2021,"All Division I","Anja Solveig Kane","Saint Peter's",0.23,0.31,0.257,0.566,30,88,74,9,17,2,0,0,7,2,7,18,5,3
2021,"All Division I","Anna Aguon","Buffalo",0.392,0.497,0.758,1.255,53,188,153,42,60,12,1,14,36,5,27,17,12,2
2021,"All Division I","Anna Dixon","Toledo",0.344,0.391,0.389,0.779,51,171,157,30,54,3,2,0,14,1,11,14,6,1
2021,"All Division I","Anna Knox","UNC Wilmington",0.125,0.24,0.203,0.443,32,80,64,8,8,2,0,1,6,3,7,14,0,0
2021,"All Division I","Anna Lonchar","UMBC",0.2,0.3,0.314,0.614,29,81,70,7,14,6,1,0,8,6,4,17,1,0
2021,"All Division I","Anna Shelnutt","Florida State",0.206,0.288,0.333,0.621,63,188,165,19,34,3,0,6,25,2,17,28,1,1
2021,"All Division I","Anne Gerwitz","Arkansas-Pine Bluff",0.243,0.338,0.286,0.623,29,80,70,6,17,3,0,0,5,1,9,17,0,0
2021,"All Division I","Annie Moore","Manhattan",0.354,0.403,0.513,0.917,34,124,113,19,40,3,0,5,20,1,9,8,0,0
2021,"All Division I","Annie Tokarek","Indiana State",0.22,0.307,0.371,0.678,46,150,132,9,29,5,0,5,20,0,17,34,0,0
2021,"All Division I","Anslee Finch","Troy",0.266,0.375,0.5,0.875,45,152,128,23,34,9,0,7,29,3,20,37,0,0
2021,"All Division I","Ansley Gilreath","Winthrop",0.351,0.409,0.682,1.091,49,164,148,19,52,8,1,13,41,2,13,26,0,1
2021,"All Division I","Ansley Gilstrap","Clemson",0.292,0.418,0.424,0.842,51,177,144,43,42,5,1,4,21,15,17,21,13,1
2021,"All Division I","Antiya Randle","Grambling",0.2,0.317,0.22,0.537,22,65,50,8,10,1,0,0,6,1,8,6,3,1
2021,"All Division I","Antonia Alba","Siena",0.316,0.388,0.355,0.743,29,87,76,5,24,1,1,0,6,0,9,12,0,1
2021,"All Division I","Anyssa Iliopoulos","Rutgers",0.186,0.26,0.274,0.534,44,127,113,10,21,4,0,2,11,2,10,25,2,1
2021,"All Division I","Ari Castillo","Rhode Island",0.431,0.512,0.653,1.164,27,86,72,7,31,10,0,2,15,2,11,7,0,0
2021,"All Division I","Arianna Miranda","San Jose State",0.183,0.227,0.232,0.459,30,89,82,7,15,1,0,1,7,0,5,9,0,0
2021,"All Division I","ArieAnn Bell","Texas State",0.243,0.351,0.565,0.916,50,135,115,19,28,4,0,11,27,3,16,41,5,1
2021,"All Division I","Ariel McAtee","Alabama A&M",0.28,0.316,0.347,0.663,23,81,75,11,21,3,1,0,7,0,4,4,3,0
2021,"All Division I","Ariyana Miranda","Eastern Kentucky",0.213,0.3,0.376,0.676,50,165,141,29,30,2,0,7,27,3,15,40,4,0
2021,"All Division I","Arizona Ritchie","Virginia",0.22,0.298,0.315,0.613,46,148,127,12,28,6,3,0,18,2,12,17,3,0
2021,"All Division I","Armani Brown","Marshall",0.246,0.343,0.328,0.671,31,73,61,12,15,3,1,0,2,1,8,9,0,2
2021,"All Division I","Ashleigh Inae","East Carolina",0.261,0.425,0.29,0.714,49,184,138,21,36,4,0,0,16,17,23,16,7,1
2021,"All Division I","Ashleigh Sgambelluri","Texas A&M-Corpus Christi",0.317,0.391,0.414,0.804,48,174,145,25,46,6,1,2,24,6,14,25,14,3
2021,"All Division I","Ashley Arnold","Alcorn State",0.298,0.369,0.333,0.703,22,70,57,8,17,2,0,0,11,0,7,13,1,0
2021,"All Division I","Ashley Cantu","Creighton",0.402,0.439,0.522,0.961,28,99,92,16,37,1,2,2,13,0,6,16,1,0
2021,"All Division I","Ashley Ellis","Southeast Missouri",0.3,0.376,0.762,1.137,47,149,130,23,39,3,0,19,46,1,16,34,1,0
2021,"All Division I","Ashley Goebel","North Florida",0.397,0.434,0.488,0.922,43,129,121,20,48,8,0,1,20,2,6,6,3,0
2021,"All Division I","Ashley Mendenhall","LaSalle",0.19,0.242,0.259,0.501,27,62,58,4,11,4,0,0,1,0,4,19,0,0
2021,"All Division I","Ashley Michelena","Colorado State",0.307,0.364,0.406,0.77,30,111,101,16,31,4,3,0,9,1,8,10,3,1
2021,"All Division I","Ashley Prange","Ohio State",0.246,0.305,0.413,0.718,43,152,138,25,34,11,0,4,20,1,11,13,2,0
2021,"All Division I","Ashley Salausa","Nevada",0.276,0.39,0.402,0.793,35,105,87,22,24,5,0,2,10,1,16,32,1,0
2021,"All Division I","Ashley Thorne","Kansas City",0.236,0.269,0.318,0.587,45,120,110,10,26,2,2,1,12,1,5,32,8,0
2021,"All Division I","Ashley Trierweiler","Santa Clara",0.481,0.56,0.584,1.145,28,92,77,21,37,2,3,0,11,3,11,8,18,1
2021,"All Division I","Ashley Westbrooks","Winthrop",0.213,0.267,0.38,0.647,50,165,150,22,32,7,0,6,21,1,11,15,6,0
2021,"All Division I","Ashling Shahan","Texas Southern",0.313,0.36,0.337,0.697,33,93,83,12,26,2,0,0,6,1,5,9,7,1
2021,"All Division I","Ashlyn Adams","Boise State",0.358,0.395,0.439,0.834,45,158,148,22,53,9,0,1,12,1,8,11,11,1
2021,"All Division I","Ashlyn Anderson","Kansas",0.277,0.373,0.531,0.904,47,154,130,32,36,6,0,9,24,0,20,31,4,1
2021,"All Division I","Ashlyn Cribb","Charleston Southern",0.22,0.277,0.341,0.618,34,102,91,8,20,5,0,2,12,2,6,18,0,0
2021,"All Division I","Ashlynn Gunter","Georgia Southern",0.274,0.329,0.37,0.699,43,159,146,21,40,5,0,3,14,1,11,18,2,0
2021,"All Division I","Ashlynn Uvila","North Dakota",0.243,0.312,0.286,0.597,50,155,140,7,34,6,0,0,4,7,7,28,5,1
2021,"All Division I","Ashlynn Walls","Texas A&M",0.248,0.345,0.339,0.684,47,141,121,13,30,5,0,2,16,1,17,28,4,3
2021,"All Division I","Aspen Howie","Houston",0.211,0.291,0.421,0.712,43,128,114,14,24,6,0,6,17,4,9,20,4,0
2021,"All Division I","Aspyn Godwin","Auburn",0.217,0.263,0.462,0.725,47,117,106,11,23,5,3,5,18,0,7,27,0,1
2021,"All Division I","Aubree Beitzinger","Drake",0.272,0.321,0.291,0.613,38,114,103,14,28,2,0,0,11,2,6,20,2,0
2021,"All Division I","Aubree Seaney","Tulsa",0.246,0.323,0.398,0.722,41,138,118,15,29,5,2,3,18,2,12,19,0,0
2021,"All Division I","Audrey Greely","Southeastern Louisiana",0.398,0.477,0.555,1.031,51,153,128,35,51,7,2,3,22,6,14,26,18,2
2021,"All Division I","Audrey Lyle","Belmont",0.238,0.309,0.467,0.776,41,136,122,17,29,5,1,7,18,0,13,37,2,1
2021,"All Division I","Audrey Sellers","Boston University",0.204,0.328,0.426,0.754,33,71,54,12,11,3,0,3,11,1,9,20,3,0
2021,"All Division I","Austine Pauley","Southeast Missouri",0.282,0.353,0.466,0.819,41,116,103,23,29,3,2,4,9,1,11,25,4,3
2021,"All Division I","Autumn Bennett","Boise State",0.206,0.239,0.318,0.557,41,117,107,15,22,4,1,2,10,0,5,24,5,0
2021,"All Division I","Autumn Bishop","Liberty",0.319,0.418,0.633,1.051,59,225,188,44,60,21,1,12,38,5,29,19,3,0
2021,"All Division I","Autumn Gillespie","Ole Miss",0.279,0.402,0.497,0.899,55,183,147,31,41,4,2,8,30,8,23,26,10,0
2021,"All Division I","Autumn Humes","Kentucky",0.256,0.294,0.429,0.722,51,146,133,12,34,3,1,6,17,0,8,26,0,1
2021,"All Division I","Autumn Slemaker","Radford",0.24,0.305,0.413,0.718,54,172,150,17,36,4,2,6,27,1,13,26,8,5
2021,"All Division I","Autumn Sydlik","Houston Christian",0.3,0.391,0.592,0.983,39,141,120,26,36,8,0,9,31,5,13,23,0,0
2021,"All Division I","Ava Lawson","Northern Kentucky",0.3,0.395,0.618,1.014,38,131,110,21,33,8,3,7,28,3,15,20,0,1
2021,"All Division I","Avery Winchell","Robert Morris",0.247,0.34,0.427,0.767,35,103,89,18,22,10,0,2,11,1,12,24,5,0
2021,"All Division I","Avery Wysong","North Dakota State",0.278,0.336,0.574,0.91,40,125,115,18,32,8,1,8,25,1,9,26,0,0
2021,"All Division I","Avrey Schumacher","Youngstown State",0.27,0.356,0.461,0.817,43,133,115,16,31,8,1,4,31,0,16,25,0,1
2021,"All Division I","Avrey Steiner","Illinois",0.329,0.35,0.381,0.731,44,163,155,26,51,4,2,0,14,0,5,10,10,1
2021,"All Division I","Avry Blume","Bradley",0.295,0.33,0.526,0.856,32,101,95,15,28,6,2,4,19,0,5,20,3,0
2021,"All Division I","Ayana Sallee","Howard",0.244,0.32,0.311,0.631,25,53,45,9,11,1,1,0,3,2,3,8,3,0
2021,"All Division I","Aziah James","Connecticut",0.218,0.25,0.239,0.489,42,152,142,19,31,3,0,0,6,0,6,28,18,4
2021,"All Division I","Bailee Nickerson","Wichita State",0.299,0.398,0.481,0.878,55,185,154,33,46,10,0,6,28,5,21,14,1,0
2021,"All Division I","Bailee Richardson","Georgia State",0.324,0.411,0.551,0.963,46,158,136,27,44,7,0,8,29,3,18,21,3,0
2021,"All Division I","Bailee Wilson","Georgia Southern",0.382,0.429,0.61,1.039,43,147,136,20,52,9,2,6,27,2,9,24,1,0
2021,"All Division I","Bailee Zeitler","Georgia Tech",0.218,0.331,0.336,0.667,44,136,110,16,24,7,0,2,15,4,16,20,4,1
2021,"All Division I","Bailey Bates","Holy Cross",0.12,0.214,0.147,0.361,27,84,75,8,9,2,0,0,5,3,6,24,4,1
2021,"All Division I","Bailey Chavez","Holy Cross",0.2,0.22,0.225,0.445,25,85,80,7,16,0,1,0,0,0,2,11,1,1
2021,"All Division I","Bailey Curry","UL Lafayette",0.329,0.473,0.553,1.026,52,110,85,14,28,1,0,6,22,4,20,7,1,1
2021,"All Division I","Bailey Hemphill","Alabama",0.422,0.583,0.776,1.359,61,216,147,47,62,8,1,14,57,7,57,6,0,0
2021,"All Division I","Bailey Huneycutt","Western Carolina",0.364,0.497,0.714,1.211,52,179,140,35,51,7,0,14,32,2,35,29,7,2
2021,"All Division I","Bailey Ledvina","East Carolina",0.21,0.259,0.391,0.65,46,150,138,16,29,1,0,8,20,2,7,30,0,0
2021,"All Division I","Bailey Schultz","Green Bay",0.299,0.365,0.34,0.705,44,162,144,21,43,4,1,0,10,5,10,17,2,1
2021,"All Division I","Bailey Shorter","Austin Peay",0.326,0.361,0.551,0.911,40,148,138,29,45,11,4,4,21,1,7,13,5,0
2021,"All Division I","Bailey Thompson","Seattle",0.327,0.426,0.605,1.032,50,176,147,24,48,14,0,9,46,15,12,24,0,0
2021,"All Division I","Bailey Urban","Wichita State",0.212,0.298,0.364,0.662,43,117,99,17,21,6,0,3,15,3,10,21,1,1
2021,"All Division I","Bailey Vannoy","Charlotte",0.387,0.468,0.767,1.235,50,188,163,46,63,23,0,13,36,8,17,10,14,4
2021,"All Division I","Bailey Winscott","Virginia",0.23,0.353,0.25,0.603,43,124,100,14,23,0,1,0,4,1,18,11,5,1
2021,"All Division I","Bailley Concatto","SIUE",0.262,0.325,0.402,0.727,35,119,107,13,28,7,1,2,25,1,9,12,3,2
2021,"All Division I","Basia Query","Utah Valley",0.325,0.38,0.556,0.936,52,187,169,32,55,11,5,6,33,3,13,15,3,1
2021,"All Division I","Baylee Allender","Seton Hall",0.235,0.295,0.346,0.641,29,89,81,11,19,6,0,1,8,2,5,26,5,1
2021,"All Division I","Baylee Klingler","Washington",0.416,0.507,0.792,1.299,58,217,173,56,72,17,0,16,53,13,25,9,6,1
2021,"All Division I","Baylee Morton","Appalachian State",0.22,0.436,0.458,0.894,46,165,118,23,26,4,0,8,28,11,35,24,0,0
2021,"All Division I","Baylee Sexton","Georgia State",0.25,0.348,0.258,0.606,45,141,120,20,30,1,0,0,3,1,17,33,18,1
2021,"All Division I","Baylee Smith","Memphis",0.234,0.291,0.298,0.589,47,135,124,12,29,2,3,0,8,1,9,30,8,3
2021,"All Division I","Becca Edwards","Green Bay",0.272,0.337,0.337,0.674,35,101,92,9,25,6,0,0,15,1,8,12,0,0
2021,"All Division I","Becca Jones","Purdue",0.277,0.315,0.337,0.651,39,116,101,14,28,4,1,0,8,1,5,16,2,0
2021,"All Division I","Bella Devesa","Elon",0.108,0.185,0.162,0.347,38,85,74,7,8,1,0,1,2,0,7,25,1,0
2021,"All Division I","Bella Jankowski","Holy Cross",0.292,0.356,0.323,0.679,23,75,65,4,19,2,0,0,6,2,5,19,4,1
2021,"All Division I","Bella Loomis","Arizona State",0.301,0.416,0.46,0.876,48,140,113,33,34,3,0,5,18,2,21,28,12,3
2021,"All Division I","Bella Loya","Illinois",0.284,0.344,0.447,0.791,44,157,141,15,40,9,1,4,24,7,7,13,1,0
2021,"All Division I","Bella Norton","Indiana",0.341,0.411,0.519,0.93,44,148,129,11,44,9,1,4,24,3,13,16,3,0
2021,"All Division I","Bella Peterson","Indiana State",0.356,0.441,0.631,1.072,48,186,160,35,57,19,2,7,39,1,24,21,4,0
2021,"All Division I","Bella Rocco","Boise State",0.336,0.415,0.512,0.927,44,149,125,16,42,4,0,6,29,3,16,13,1,0
2021,"All Division I","Beth McCulley","Tennessee Tech",0.317,0.345,0.367,0.712,44,146,139,7,44,7,0,0,14,1,5,19,1,0
2021,"All Division I","Bethaney Keen","USF",0.299,0.37,0.401,0.772,49,156,137,11,41,6,1,2,24,6,10,18,1,0
2021,"All Division I","Bethany Busch","Houston",0.314,0.386,0.493,0.879,50,161,140,32,44,9,2,4,16,1,16,21,15,1
2021,"All Division I","Bianca Barone","Northern Illinois",0.269,0.371,0.379,0.75,56,172,145,20,39,10,0,2,32,5,19,9,1,0
2021,"All Division I","Blake Gibson","Liberty",0.216,0.347,0.382,0.729,45,124,102,17,22,6,1,3,18,8,13,24,2,0
2021,"All Division I","Brandi Feeney","Saint Peter's",0.321,0.364,0.444,0.808,30,89,81,13,26,4,0,2,14,1,5,19,1,2
2021,"All Division I","Brandice Boatwright","Florida A&M",0.206,0.267,0.279,0.546,25,75,68,8,14,2,0,1,6,2,4,3,1,0
2021,"All Division I","Braxton Burnside","Arkansas",0.357,0.507,0.892,1.399,52,205,157,51,56,9,0,25,54,7,41,22,0,0
2021,"All Division I","Brea Dickey","Kennesaw State",0.374,0.437,0.626,1.063,54,194,171,39,64,15,2,8,25,2,17,18,8,2
2021,"All Division I","Breanna Roper","Georgia Tech",0.298,0.401,0.553,0.954,44,167,141,42,42,9,0,9,29,2,23,21,2,1
2021,"All Division I","Breanna Russell","Texas Tech",0.189,0.311,0.233,0.545,37,111,90,3,17,1,0,1,8,6,10,11,0,0
2021,"All Division I","Bree Soma","Hawaii",0.263,0.349,0.434,0.783,31,86,76,8,20,2,1,3,17,1,9,19,0,1
2021,"All Division I","Breezy Wise","Long Beach State",0.376,0.456,0.675,1.131,41,136,117,30,44,10,5,5,40,5,13,14,5,0
2021,"All Division I","Brenn Ursin","Alcorn State",0.247,0.312,0.376,0.688,26,94,85,19,21,4,2,1,0,0,8,12,2,2
2021,"All Division I","Brett Jackson","Austin Peay",0.204,0.278,0.272,0.55,38,115,103,6,21,2,1,1,12,2,9,22,0,0
2021,"All Division I","Bri Bryant","Campbell",0.352,0.423,0.592,1.015,47,164,142,40,50,12,2,6,23,1,18,20,21,2
2021,"All Division I","Bri Stubbs","North Carolina",0.306,0.313,0.327,0.64,37,101,98,13,30,2,0,0,7,0,1,19,5,2
2021,"All Division I","Bri Vire","Tennessee State",0.265,0.333,0.311,0.644,44,153,132,8,35,4,1,0,10,1,13,9,4,0
2021,"All Division I","Bri Walker","Central Connecticut",0.207,0.342,0.38,0.723,37,113,92,14,19,1,0,5,14,3,16,27,0,0
2021,"All Division I","Briana Marcelino","Connecticut",0.32,0.392,0.539,0.931,42,150,128,28,41,7,0,7,26,5,12,16,18,0
2021,"All Division I","Briana Martinez","New Mexico",0.186,0.297,0.284,0.581,43,120,102,8,19,5,1,1,10,3,13,39,5,0
2021,"All Division I","Briana Perez","UCLA",0.353,0.419,0.7,1.119,54,195,170,52,60,10,5,13,41,2,18,33,13,1
2021,"All Division I","Brianna Alston","Mississippi Valley",0.294,0.333,0.338,0.672,22,72,68,11,20,3,0,0,5,0,4,9,2,0
2021,"All Division I","Brianna Castro","Buffalo",0.163,0.299,0.318,0.617,52,156,129,24,21,2,0,6,13,9,16,34,0,0
2021,"All Division I","Brianna Clary","Stetson",0.327,0.352,0.356,0.708,34,110,104,14,34,1,1,0,3,0,4,14,12,2
2021,"All Division I","Brianna Grays","Prairie View",0.391,0.436,0.391,0.827,27,85,69,14,27,0,0,0,12,0,7,11,19,5
2021,"All Division I","Brianna Koonce","Rider",0.274,0.344,0.333,0.677,35,98,84,8,23,2,0,1,10,4,6,14,1,0
2021,"All Division I","Brianna Pinto","Fordham",0.431,0.462,0.553,1.014,45,130,123,33,53,5,2,2,26,1,6,27,28,0
2021,"All Division I","Bridget Nasir","Quinnipiac",0.187,0.308,0.22,0.528,36,112,91,11,17,0,0,1,8,2,14,18,6,0
2021,"All Division I","Brigette Nordberg","NC State",0.171,0.236,0.293,0.529,40,89,82,8,14,2,1,2,7,1,6,20,0,0
2021,"All Division I","Briley Sidor","Dayton",0.278,0.314,0.299,0.613,40,107,97,17,27,2,0,0,1,0,5,11,16,0
2021,"All Division I","Brissa Alvarado","Coppin State",0.333,0.448,0.437,0.884,31,105,87,11,29,4,1,1,3,2,16,11,0,0
2021,"All Division I","Britaney Shaw","Houston",0.252,0.349,0.472,0.821,50,151,127,17,32,7,0,7,25,3,17,30,0,0
2021,"All Division I","Britanny Phillips","Florida International",0.247,0.333,0.281,0.614,35,105,89,11,22,3,0,0,4,2,10,8,5,0
2021,"All Division I","Brittany Anderson","Valparaiso",0.2,0.325,0.338,0.663,31,79,65,5,13,3,0,2,6,4,8,20,0,0
2021,"All Division I","Brittany Galvez","California Baptist",0.279,0.318,0.365,0.684,42,112,104,2,29,9,0,0,14,0,6,9,0,0
2021,"All Division I","Brittany Jackson","Kansas",0.365,0.434,0.484,0.918,40,146,126,29,46,10,1,1,21,3,13,11,10,0
2021,"All Division I","Brittany Pickett","North Carolina",0.256,0.439,0.512,0.95,38,114,86,11,22,1,0,7,17,3,25,25,0,0
2021,"All Division I","Brittany Sundermeier","North Florida",0.264,0.359,0.31,0.67,39,108,87,15,23,4,0,0,12,0,14,12,4,2
2021,"All Division I","Brittnee Rossi","Hawaii",0.326,0.432,0.457,0.889,31,111,92,21,30,7,1,1,13,4,14,21,8,1
2021,"All Division I","Brittney Crawford","Saint Francis",0.27,0.312,0.383,0.695,45,129,115,25,31,4,0,3,15,2,6,31,3,0
2021,"All Division I","Brittney Manthie","Creighton",0.304,0.407,0.304,0.712,27,59,46,10,14,0,0,0,0,0,8,14,3,1
2021,"All Division I","Brittney Mendoza","Delaware",0.34,0.418,0.641,1.059,34,123,103,35,35,5,1,8,35,5,11,13,6,1
2021,"All Division I","Brittney Seibert","Robert Morris",0.236,0.346,0.292,0.638,36,110,89,9,21,5,0,0,5,5,10,16,3,1
2021,"All Division I","Brittney Triplett","Alcorn State",0.189,0.247,0.27,0.517,22,83,74,12,14,1,1,1,8,0,6,5,3,1
2021,"All Division I","Briza Blanco","UC Riverside",0.253,0.281,0.275,0.556,32,96,91,9,23,2,0,0,9,1,3,15,0,1
2021,"All Division I","Brooke Bond","Norfolk State",0.259,0.315,0.438,0.752,35,124,112,18,29,8,0,4,23,1,9,10,2,0
2021,"All Division I","Brooke Brown","Southern Utah",0.349,0.425,0.767,1.192,50,167,146,35,51,8,1,17,54,5,15,23,0,0
2021,"All Division I","Brooke Diaz","Louisiana Tech",0.252,0.301,0.374,0.675,41,126,115,7,29,8,0,2,12,6,2,18,2,0
2021,"All Division I","Brooke Glanden","Delaware",0.354,0.443,0.727,1.171,34,115,99,25,35,6,2,9,30,0,16,10,2,1
2021,"All Division I","Brooke Hartman","USF",0.208,0.304,0.375,0.679,39,115,96,15,20,4,0,4,23,1,14,26,2,0
2021,"All Division I","Brooke Johnson","DePaul",0.298,0.387,0.51,0.896,34,119,104,17,31,7,0,5,24,0,15,20,1,1
2021,"All Division I","Brooke Malia","Sam Houston State",0.258,0.324,0.444,0.767,45,137,124,7,32,5,0,6,17,1,11,33,0,0
2021,"All Division I","Brooke Perry","Gardner-Webb",0.243,0.321,0.429,0.749,29,80,70,5,17,1,0,4,8,0,8,10,0,0
2021,"All Division I","Brooke Pfefferle","Austin Peay",0.327,0.414,0.459,0.873,33,118,98,21,32,5,1,2,19,2,14,8,2,1
2021,"All Division I","Brooke Rice","Ohio",0.202,0.267,0.298,0.565,40,108,94,6,19,3,0,2,16,2,7,26,0,0
2021,"All Division I","Brooke Wilmes","Missouri",0.373,0.41,0.632,1.043,59,230,212,55,79,16,0,13,55,2,13,14,17,3
2021,"All Division I","Brooklyn Whitt","Kent State",0.363,0.425,0.45,0.875,51,180,160,34,58,9,1,1,20,2,16,22,9,1
2021,"All Division I","Brooklynn Brewington","Charleston Southern",0.336,0.4,0.389,0.789,35,129,113,18,38,4,1,0,4,0,12,10,14,0
2021,"All Division I","Bryana Novegil","Stephen F. Austin",0.309,0.411,0.349,0.76,46,178,149,31,46,3,0,1,18,3,23,19,2,0
2021,"All Division I","Bryanna Molina","UTEP",0.294,0.368,0.471,0.839,34,99,85,8,25,6,0,3,16,3,7,16,0,0
2021,"All Division I","Brylee Hage","Western Kentucky",0.331,0.359,0.429,0.788,45,147,133,19,44,11,1,0,19,0,7,13,7,1
2021,"All Division I","Caela Abadie","Saint Joseph's",0.393,0.444,0.752,1.195,46,160,145,28,57,10,0,14,56,1,13,10,1,0
2021,"All Division I","Caileigh Holland","Rhode Island",0.277,0.346,0.362,0.708,21,54,47,4,13,2,1,0,7,0,5,12,0,0
2021,"All Division I","Cailin Hannon","Tennessee",0.252,0.372,0.447,0.818,57,192,159,35,40,9,2,6,32,7,24,13,12,1
2021,"All Division I","Cailyn Peterson","Mississippi Valley",0.254,0.292,0.39,0.682,22,68,59,7,15,5,0,1,13,0,4,14,0,1
2021,"All Division I","Caitie Ladd","Michigan State",0.275,0.296,0.389,0.686,40,137,131,16,36,8,2,1,6,0,4,15,3,1
2021,"All Division I","Caitlin Coker","Boston University",0.403,0.503,0.54,1.044,40,153,124,43,50,8,3,1,17,11,15,8,15,1
2021,"All Division I","Caitlin Engelking","Loyola Chicago",0.163,0.172,0.279,0.451,36,88,86,7,14,4,0,2,8,1,0,28,2,0
2021,"All Division I","Caitlin Fogue","Ohio",0.272,0.345,0.408,0.753,47,141,125,21,34,6,1,3,15,6,8,20,5,3
2021,"All Division I","Caitlin Garcia","Nicholls",0.256,0.31,0.346,0.656,32,84,78,7,20,4,0,1,7,2,4,4,0,0
2021,"All Division I","Caitlin Meyer","Delaware State",0.267,0.347,0.5,0.847,31,104,90,13,24,9,0,4,19,3,8,21,0,0
2021,"All Division I","Caitlin Turner","Lipscomb",0.315,0.342,0.369,0.711,35,118,111,9,35,6,0,0,15,1,4,16,0,0
2021,"All Division I","Caitlyn Brockway","Houston Christian",0.325,0.394,0.569,0.963,39,139,123,22,40,6,0,8,33,5,9,30,0,0
2021,"All Division I","Caitlyn Mitros","Albany",0.369,0.421,0.387,0.809,38,124,111,20,41,2,0,0,9,0,10,22,11,1
2021,"All Division I","Calie Burris","Abilene Christian",0.282,0.358,0.528,0.887,47,159,142,18,40,11,0,8,30,2,15,21,3,2
2021,"All Division I","Cam Ybarra","Nebraska",0.298,0.336,0.461,0.797,44,152,141,12,42,11,0,4,27,0,9,9,3,2
2021,"All Division I","Cameren Swafford","Chattanooga",0.163,0.306,0.359,0.665,37,116,92,10,15,3,0,5,12,2,17,16,0,0
2021,"All Division I","Cameron Andrews","Southern",0.313,0.355,0.365,0.72,37,124,115,15,36,4,1,0,15,4,4,8,1,2
2021,"All Division I","Cameron Beal","Southeastern Louisiana",0.195,0.326,0.221,0.547,43,96,77,15,15,0,1,0,7,1,14,27,11,3
2021,"All Division I","Cam Goodman","Southeastern Louisiana",0.322,0.367,0.458,0.825,46,133,118,28,38,2,4,2,23,2,7,21,29,1
2021,"All Division I","Cameron Lavergne","Prairie View",0.286,0.416,0.333,0.749,27,78,63,14,18,3,0,0,5,3,11,12,12,0
2021,"All Division I","Cameron Stanford","Georgia Tech",0.299,0.371,0.503,0.875,45,167,147,24,44,6,0,8,36,2,16,32,0,1
2021,"All Division I","Cameryn O'Grady","New Mexico",0.318,0.433,0.643,1.077,46,157,129,34,41,11,2,9,28,12,15,36,3,0
2021,"All Division I","Cami Sellers","Montana",0.327,0.396,0.525,0.92,49,184,162,30,53,11,0,7,32,6,13,12,2,1
2021,"All Division I","Camille Fowler","South Dakota",0.284,0.345,0.309,0.653,49,179,162,24,46,0,2,0,10,0,15,13,16,2
2021,"All Division I","Camille Navarro","Howard",0.421,0.462,0.664,1.125,30,117,107,22,45,10,2,4,19,3,6,2,14,3
2021,"All Division I","Cammie Brummitt","Oakland",0.359,0.392,0.59,0.981,43,166,156,28,56,13,1,7,29,1,8,9,0,1
2021,"All Division I","Campbell Kline","Maryland",0.253,0.301,0.356,0.657,37,93,87,10,22,0,3,1,11,1,5,15,3,2
2021,"All Division I","Camryn Dean","UNC Wilmington",0.169,0.286,0.246,0.532,32,79,65,5,11,2,0,1,7,3,8,19,2,1
2021,"All Division I","Camryn Lyman","Long Island",0.36,0.392,0.447,0.839,34,126,114,34,41,4,3,0,23,0,8,7,7,0
2021,"All Division I","Camryn Middlebrook","Stephen F. Austin",0.307,0.382,0.528,0.91,41,152,127,32,39,8,1,6,21,8,8,15,3,0
2021,"All Division I","Camryn Monteer","Bradley",0.342,0.436,0.408,0.844,41,140,120,26,41,4,2,0,11,0,20,14,7,3
2021,"All Division I","Camryn Wincher","Michigan State",0.209,0.274,0.239,0.513,32,74,67,1,14,2,0,0,6,1,5,18,0,0
2021,"All Division I","Candain Callahan","North Texas",0.212,0.281,0.279,0.56,48,123,104,15,22,4,0,1,12,1,9,15,3,0
2021,"All Division I","Candela Figueroa","Troy",0.224,0.359,0.32,0.679,47,157,125,24,28,6,3,0,15,6,21,26,10,1
2021,"All Division I","Cara McNulty","Saint Peter's",0.195,0.253,0.273,0.526,28,86,77,7,15,3,0,1,6,3,3,12,5,1
2021,"All Division I","Carlee Selle","Kent State",0.284,0.313,0.433,0.746,49,149,141,13,40,9,0,4,24,0,6,22,0,0
2021,"All Division I","Carley Barjaktarovich","Lehigh",0.471,0.508,0.521,1.028,34,131,121,36,57,4,1,0,6,0,9,7,19,4
2021,"All Division I","Carley Davis","Elon",0.256,0.356,0.289,0.645,36,104,90,10,23,3,0,0,14,1,13,12,0,1
2021,"All Division I","Carley Gaskill","Ohio State",0.263,0.372,0.425,0.797,35,99,80,9,21,7,0,2,9,1,13,17,1,0
2021,"All Division I","Carley Goetschius","Northern Illinois",0.271,0.315,0.458,0.773,55,168,155,22,42,6,1,7,31,1,9,26,1,0
2021,"All Division I","Carley Morfey","Sacramento State",0.239,0.324,0.424,0.748,34,106,92,9,22,5,0,4,17,1,11,20,0,0
2021,"All Division I","Carli Backlund","Central Connecticut",0.277,0.382,0.598,0.98,38,133,112,32,31,7,1,9,23,1,18,39,6,1
2021,"All Division I","Carli Spelhaug","Iowa State",0.32,0.394,0.487,0.881,57,221,197,52,63,9,0,8,31,4,20,27,14,0
2021,"All Division I","Carlie Brandt","Minnesota",0.13,0.32,0.21,0.53,40,131,100,17,13,2,0,2,8,2,26,28,2,1
2021,"All Division I","Carly Lucchetti","Pacific",0.28,0.33,0.387,0.717,29,100,93,13,26,7,0,1,14,0,7,7,11,1
2021,"All Division I","Carly Robinson","Eastern Kentucky",0.318,0.422,0.581,1.004,49,163,129,13,41,7,0,9,40,0,27,31,0,0
2021,"All Division I","Caroline Adair","Abilene Christian",0.111,0.182,0.173,0.355,39,89,81,12,9,2,0,1,7,5,2,27,6,0
2021,"All Division I","Caroline Baratta","Marist",0.34,0.415,0.606,1.021,27,107,94,22,32,9,2,4,11,0,12,9,10,1
2021,"All Division I","Caroline Deem","UMass",0.318,0.408,0.386,0.794,32,105,88,18,28,1,1,1,21,2,12,10,1,0
2021,"All Division I","Caroline Hudson","Liberty",0.201,0.254,0.262,0.516,57,181,164,17,33,4,0,2,21,0,12,21,1,0
2021,"All Division I","Caroline Jacobsen","Duke",0.248,0.353,0.488,0.841,54,152,125,25,31,10,1,6,25,0,22,16,3,2
2021,"All Division I","Caroline Kruger","Sacred Heart",0.318,0.38,0.488,0.869,38,142,129,27,41,8,1,4,17,2,11,27,4,0
2021,"All Division I","Caroline Spacek","Ohio",0.288,0.331,0.445,0.776,47,158,146,25,42,11,0,4,23,1,9,15,4,1
2021,"All Division I","Caroline Videtto","UMass",0.352,0.427,0.5,0.927,33,105,88,19,31,2,4,1,19,7,6,19,8,0
2021,"All Division I","Carson Fischer","Northern Colorado",0.205,0.341,0.288,0.629,32,90,73,11,15,3,0,1,14,8,7,14,2,0
2021,"All Division I","Carter Spexarth","Mississippi State",0.332,0.396,0.576,0.972,60,207,184,22,61,9,0,12,43,6,15,21,0,0
2021,"All Division I","Casey Walker","LaSalle",0.225,0.267,0.268,0.534,25,78,71,5,16,3,0,0,8,0,4,8,0,0
2021,"All Division I","Cassady Greenwood","Louisville",0.212,0.272,0.294,0.566,38,92,85,9,18,4,0,1,4,1,6,20,2,0
2021,"All Division I","Cassidy Davis","Florida State",0.269,0.381,0.531,0.912,61,176,145,21,39,9,1,9,28,0,28,39,1,0
2021,"All Division I","Cassidy Triska","Fairleigh Dickinson",0.289,0.355,0.474,0.829,30,107,97,15,28,6,0,4,17,2,8,13,7,0
2021,"All Division I","Cassie Kaelber","Illinois-Chicago",0.295,0.323,0.349,0.672,52,159,149,20,44,6,1,0,11,1,5,23,9,4
2021,"All Division I","Cassie Swenson","Rhode Island",0.245,0.327,0.327,0.654,22,56,49,10,12,4,0,0,3,0,6,8,0,0
2021,"All Division I","Cat Crenek","Texas State",0.265,0.333,0.402,0.735,46,130,117,19,31,2,1,4,15,1,11,29,8,1
2021,"All Division I","Cayla Jones","Northwestern State",0.302,0.443,0.491,0.934,40,149,116,24,35,8,1,4,27,8,23,15,11,1
2021,"All Division I","Cayla Kessinger","Missouri",0.327,0.426,0.612,1.038,58,195,165,32,54,5,0,14,34,0,29,27,2,0
2021,"All Division I","Cayla Nielsen","Creighton",0.286,0.342,0.386,0.728,28,83,70,15,20,1,0,2,10,2,4,17,2,0
2021,"All Division I","Caylie Kifer","Appalachian State",0.197,0.315,0.246,0.561,45,152,122,17,24,3,0,1,9,1,20,13,7,2
2021,"All Division I","Celene Funke","Louisville",0.188,0.215,0.297,0.512,48,150,138,20,26,4,4,1,11,1,4,28,12,2
2021,"All Division I","Celeste Loughman","UTSA",0.312,0.441,0.543,0.985,46,170,138,32,43,6,4,6,20,1,31,21,11,0
2021,"All Division I","Chaela Crowder","Rider",0.366,0.387,0.465,0.851,32,75,71,5,26,1,0,2,21,0,3,4,0,0
2021,"All Division I","Charla Echols","Florida",0.375,0.478,0.763,1.24,56,201,160,39,60,11,3,15,55,3,33,3,4,0
2021,"All Division I","Charley Butler","Louisville",0.226,0.287,0.349,0.636,40,121,106,20,24,2,1,3,13,2,7,28,6,2
2021,"All Division I","Chase Knapp","Bucknell",0.233,0.321,0.37,0.691,24,84,73,11,17,4,0,2,11,0,10,13,1,0
2021,"All Division I","Chayanna Gallardo","Delaware",0.278,0.357,0.375,0.732,32,85,72,7,20,1,0,2,11,1,9,14,0,0
2021,"All Division I","Chelie Senini","Nevada",0.347,0.385,0.388,0.772,40,158,147,32,51,2,2,0,11,1,8,22,23,0
2021,"All Division I","Chelsea Alexander","Oklahoma State",0.373,0.452,0.483,0.935,54,144,118,43,44,7,0,2,17,4,13,24,16,2
2021,"All Division I","Chelsea Manto","Hofstra",0.347,0.407,0.386,0.793,32,116,101,26,35,2,1,0,9,0,11,23,22,3
2021,"All Division I","Chelsea Purcell","Notre Dame",0.236,0.281,0.34,0.62,42,116,106,17,25,5,0,2,12,5,2,12,1,1
2021,"All Division I","Chelsea Seggern","Tennessee",0.288,0.413,0.477,0.89,55,189,153,24,44,14,0,5,24,11,23,35,3,0
2021,"All Division I","Chelsey Gore","UT Martin",0.193,0.25,0.239,0.489,35,104,88,12,17,2,1,0,12,1,6,14,4,0
2021,"All Division I","Chenise Delce","Tulsa",0.296,0.402,0.418,0.82,35,117,98,8,29,3,0,3,20,3,15,9,0,0
2021,"All Division I","Cherise Silvan","Seattle",0.326,0.378,0.462,0.84,48,151,132,22,43,4,1,4,23,0,13,29,14,3
2021,"All Division I","Cheyanne Sales","Kennesaw State",0.231,0.282,0.371,0.653,50,156,143,8,33,6,1,4,17,1,10,37,0,0
2021,"All Division I","Cheyenne Cavanaugh","Belmont",0.376,0.437,0.6,1.037,39,144,125,21,47,5,7,3,21,1,14,6,15,0
2021,"All Division I","Cheyenne Hornbuckle","Kansas",0.278,0.409,0.319,0.729,39,89,72,7,20,3,0,0,5,4,12,15,0,0
2021,"All Division I","Cheyenne Lindsey","Florida",0.327,0.365,0.515,0.88,56,180,165,41,54,14,1,5,31,1,10,25,13,1
2021,"All Division I","Chloe Camarero","Weber State",0.301,0.321,0.526,0.848,39,142,133,24,40,6,6,4,44,0,5,12,3,0
2021,"All Division I","Chloe Jacque","Murray State",0.151,0.255,0.163,0.418,46,104,86,10,13,1,0,0,1,1,11,24,4,2
2021,"All Division I","Chloe Malau'ulu","Mississippi State",0.291,0.403,0.402,0.805,60,227,189,39,55,13,1,2,19,14,22,26,9,3
2021,"All Division I","Chloe Morgan","Binghamton",0.221,0.232,0.235,0.467,21,70,68,10,15,1,0,0,1,0,1,4,6,1
2021,"All Division I","Chloe Poulich","Towson",0.365,0.408,0.521,0.929,31,103,96,21,35,11,2,0,20,4,3,8,7,2
2021,"All Division I","Chloe Smith","Villanova",0.356,0.393,0.509,0.902,50,173,163,32,58,5,1,6,35,2,8,34,2,0
2021,"All Division I","Christaana Angelopulos","Wisconsin",0.204,0.25,0.363,0.613,40,120,113,8,23,3,0,5,19,3,4,32,1,0
2021,"All Division I","Christen Florence","Kennesaw State",0.299,0.355,0.389,0.743,54,184,157,20,47,9,1,1,26,5,9,13,0,1
2021,"All Division I","Christiana Cottrell","Colgate",0.191,0.278,0.234,0.512,28,59,47,9,9,2,0,0,2,1,5,7,2,0
2021,"All Division I","Christina Rizzi","UMass Lowell",0.33,0.374,0.451,0.824,29,103,91,14,30,5,0,2,16,6,1,13,3,0
2021,"All Division I","Christine Gebhardt","Manhattan",0.256,0.328,0.372,0.7,38,136,121,19,31,6,1,2,9,2,11,11,0,0
2021,"All Division I","Chyenne Factor","Oklahoma State",0.337,0.426,0.521,0.947,60,201,163,36,55,8,2,6,30,8,17,23,1,1
2021,"All Division I","Ciara Briggs","LSU",0.339,0.392,0.485,0.878,57,187,171,32,58,7,3,4,18,0,15,23,11,1
2021,"All Division I","Ciara Bryan","UL Lafayette",0.418,0.459,0.606,1.065,59,231,208,63,87,10,4,7,40,2,17,19,37,3
2021,"All Division I","Ciara Granado","Long Island",0.324,0.414,0.588,1.002,35,129,102,21,33,12,0,5,37,2,18,13,1,0
2021,"All Division I","Ciarra DiGuilio","Iona",0.3,0.379,0.391,0.77,34,124,110,18,33,7,0,1,15,2,12,20,2,0
2021,"All Division I","Claire Smith","Middle Tennessee",0.265,0.317,0.292,0.609,43,124,113,13,30,3,0,0,11,3,6,3,6,1
2021,"All Division I","Claudia Ware","Campbell",0.341,0.441,0.577,1.018,47,157,123,27,42,11,3,4,25,5,20,28,9,4
2021,"All Division I","Colleen Sullivan","Texas",0.316,0.453,0.59,1.042,50,151,117,15,37,11,0,7,34,7,23,21,0,0
2021,"All Division I","Conchetta Rinaldi","Youngstown State",0.219,0.3,0.333,0.633,48,123,105,12,23,6,0,2,11,2,11,17,1,0
2021,"All Division I","Cori Hoffler","Charlotte",0.333,0.414,0.492,0.907,50,152,132,34,44,12,0,3,17,11,8,17,8,0
2021,"All Division I","Cori McCrary","McNeese",0.307,0.396,0.55,0.947,61,227,189,48,58,14,1,10,32,14,16,34,22,5
2021,"All Division I","Corina Gamboa","Colorado State",0.273,0.315,0.488,0.803,36,130,121,17,33,5,0,7,24,3,5,11,3,0
2021,"All Division I","Courtney Callahan","Michigan State",0.202,0.26,0.27,0.53,37,99,89,7,18,1,1,1,8,0,7,25,3,3
2021,"All Division I","Courtney Cashman","UMass Lowell",0.362,0.487,0.809,1.296,31,117,94,27,34,5,2,11,26,0,23,10,5,2
2021,"All Division I","Courtney Dean","Coastal Carolina",0.207,0.266,0.45,0.717,38,124,111,23,23,1,1,8,24,1,9,19,2,0
2021,"All Division I","Courtney Farrish","Western Michigan",0.264,0.296,0.4,0.696,48,135,125,9,33,6,1,3,18,2,5,26,0,1
2021,"All Division I","Courtney Fernette","Cleveland State",0.198,0.273,0.345,0.618,44,132,116,13,23,5,0,4,16,1,11,23,0,0
2021,"All Division I","Courtney Lanpher","Merrimack",0.25,0.333,0.383,0.717,24,69,60,8,15,2,0,2,4,1,7,19,4,0
2021,"All Division I","Courtney Mahoney","Fairleigh Dickinson",0.271,0.311,0.427,0.738,31,111,96,13,26,9,0,2,13,1,5,12,0,0
2021,"All Division I","Courtney White","Presbyterian",0.207,0.247,0.253,0.5,32,95,87,11,18,4,0,0,8,1,4,18,2,0
2021,"All Division I","Crimson Davis","Texas Southern",0.417,0.467,0.427,0.894,33,111,96,23,40,1,0,0,4,0,9,23,13,2
2021,"All Division I","Crosby Huckabay","Georgia Tech",0.289,0.413,0.545,0.959,45,150,121,20,35,7,0,8,28,10,17,23,0,0
2021,"All Division I","Cy Gonzalez","Quinnipiac",0.296,0.383,0.296,0.678,28,86,71,9,21,0,0,0,10,2,8,10,3,1
2021,"All Division I","Cylie Halvorson","South Dakota State",0.352,0.419,0.77,1.189,51,187,165,33,58,10,1,19,58,4,16,21,1,0
2021,"All Division I","Cylla Hill","Central Arkansas",0.264,0.35,0.497,0.847,56,183,159,23,42,8,1,9,41,0,22,27,3,1
2021,"All Division I","Daisha Simon","South Carolina State",0.225,0.262,0.3,0.562,31,87,80,6,18,2,2,0,7,0,4,7,0,0
2021,"All Division I","Daisy Hess","Georgia State",0.331,0.398,0.641,1.039,46,162,145,32,48,11,2,10,41,1,15,25,7,1
2021,"All Division I","Daisy Munoz","Cal State Fullerton",0.345,0.404,0.647,1.051,50,157,139,17,48,9,0,11,40,1,14,17,1,1
2021,"All Division I","Dani Dabroski","Villanova",0.287,0.354,0.357,0.711,44,130,115,26,33,4,2,0,16,0,12,19,2,0
2021,"All Division I","Dani Fey","Penn State",0.151,0.225,0.164,0.389,35,86,73,8,11,1,0,0,4,0,7,24,4,2
2021,"All Division I","Dani Morgan","Florida State",0.256,0.33,0.35,0.68,60,183,160,28,41,4,1,3,30,6,12,20,14,2
2021,"All Division I","Daniela Chiorazzi","Manhattan",0.244,0.337,0.453,0.79,33,98,86,13,21,1,1,5,19,1,11,13,4,1
2021,"All Division I","Danielle Castleberry","Mercer",0.333,0.378,0.447,0.825,47,160,141,22,47,10,0,2,27,9,3,6,3,0
2021,"All Division I","Danielle de Ruiter","North Alabama",0.19,0.261,0.238,0.499,38,99,84,9,16,4,0,0,7,1,7,23,1,0
2021,"All Division I","Danielle Diaz","Stetson",0.225,0.319,0.263,0.581,27,92,80,3,18,3,0,0,8,0,11,14,0,0
2021,"All Division I","Danielle Rocheleau","Hartford",0.426,0.453,0.689,1.142,19,64,61,10,26,7,0,3,11,1,2,6,1,1
2021,"All Division I","Danielle Serna","Colorado State",0.27,0.336,0.365,0.701,36,128,115,14,31,11,0,0,14,1,11,21,0,1
2021,"All Division I","Daphne Plummer","Missouri State",0.423,0.479,0.592,1.072,41,148,130,35,55,6,5,2,13,2,13,13,16,2
2021,"All Division I","Darby Pandolfo","Seton Hall",0.311,0.42,0.667,1.086,32,112,90,22,28,8,0,8,21,0,19,13,1,1
2021,"All Division I","Darby Trull","Virginia Tech",0.246,0.312,0.341,0.653,50,143,126,21,31,7,1,1,19,0,13,11,7,0
2021,"All Division I","Darian Frost","Missouri State",0.268,0.351,0.381,0.733,38,113,97,9,26,6,1,1,20,0,13,30,2,0
2021,"All Division I","Dayna Hokanson","Southern Utah",0.316,0.4,0.411,0.811,50,184,158,41,50,9,0,2,22,12,10,20,1,3
2021,"All Division I","Dayna Kennedy","Illinois State",0.179,0.313,0.33,0.643,40,133,106,17,19,2,1,4,20,3,19,26,5,0
2021,"All Division I","Deangie Jimenez","Monmouth",0.242,0.33,0.424,0.755,34,113,99,18,24,6,0,4,18,3,10,18,2,0
2021,"All Division I","Deja Davis","Duke",0.389,0.444,0.653,1.097,56,190,167,39,65,9,7,7,28,3,15,17,14,4
2021,"All Division I","Dejah Mulipola","Arizona",0.383,0.516,0.859,1.375,56,193,149,53,57,8,0,21,63,8,34,31,0,0
2021,"All Division I","Delainey Fenoglio","Kansas City",0.259,0.331,0.41,0.741,52,157,139,8,36,3,0,6,23,2,14,15,1,0
2021,"All Division I","Delaney Cumbie","UNC Greensboro",0.232,0.464,0.512,0.976,49,184,125,35,29,11,0,8,23,12,42,20,0,0
2021,"All Division I","Delaney Rummell","Illinois",0.314,0.336,0.496,0.832,44,149,137,14,43,13,0,4,33,1,5,18,6,0
2021,"All Division I","Delaney Smith","Memphis",0.235,0.283,0.243,0.525,50,147,136,13,32,1,0,0,7,1,8,27,17,0
2021,"All Division I","Demi Slater","Mississippi Valley",0.196,0.275,0.217,0.492,20,52,46,6,9,1,0,0,2,0,5,17,0,0
2021,"All Division I","DeNae Chatman","Arizona State",0.264,0.373,0.585,0.958,44,128,106,25,28,5,1,9,27,0,19,24,0,0
2021,"All Division I","Denali Schappacher","UCF",0.35,0.393,0.401,0.794,59,173,157,30,55,4,2,0,10,0,11,17,16,3
2021,"All Division I","Denise Armendariz","UNLV",0.352,0.413,0.565,0.978,38,122,108,16,38,14,0,3,25,0,12,21,0,0
2021,"All Division I","Denisha Megginson","Norfolk State",0.305,0.391,0.516,0.907,37,110,95,14,29,6,1,4,21,2,12,11,4,1
2021,"All Division I","Desirea Lindsey","Alcorn State",0.203,0.306,0.243,0.549,29,86,74,14,15,1,1,0,5,2,9,13,4,0
2021,"All Division I","Desiree Moreno","Loyola Marymount",0.236,0.286,0.39,0.676,40,133,123,10,29,5,1,4,19,1,8,31,0,0
2021,"All Division I","Destini Brown","Southern Miss",0.273,0.417,0.489,0.906,49,176,139,43,38,6,3,6,16,2,33,24,35,1
2021,"All Division I","Destiny Freeman","Radford",0.294,0.354,0.506,0.861,54,177,160,23,47,7,3,7,21,4,11,25,14,5
2021,"All Division I","Destiny Hernandez","Southern",0.192,0.28,0.233,0.513,30,84,73,5,14,0,0,1,9,2,7,15,0,0
2021,"All Division I","Destiny Martinez","Longwood",0.192,0.292,0.28,0.572,53,148,125,16,24,6,1,1,12,6,12,32,21,2
2021,"All Division I","Destiny Middleton","North Carolina",0.233,0.258,0.325,0.583,39,126,120,20,28,4,2,1,6,1,3,21,5,2
2021,"All Division I","Devon Casazza","Connecticut",0.229,0.317,0.514,0.831,41,133,109,11,25,4,0,9,30,1,14,28,1,0
2021,"All Division I","Devyn Flaherty","Florida State",0.281,0.365,0.405,0.77,63,211,185,39,52,8,0,5,22,1,24,39,19,0
2021,"All Division I","Devyn Losco","Hofstra",0.364,0.38,0.534,0.915,31,95,88,22,32,5,2,2,12,0,3,17,5,0
2021,"All Division I","Diana Murtha","Omaha",0.247,0.293,0.403,0.695,37,83,77,6,19,6,0,2,12,0,5,16,0,0
2021,"All Division I","Djhane Valido","Boston College",0.183,0.303,0.215,0.518,41,110,93,9,17,3,0,0,6,1,15,26,1,0
2021,"All Division I","Dominique Mannerino","Charleston Southern",0.188,0.239,0.235,0.474,31,94,85,8,16,4,0,0,10,1,5,15,1,0
2021,"All Division I","Donna Friedman","Virginia",0.227,0.296,0.359,0.655,44,143,128,12,29,8,0,3,13,2,11,22,0,1
2021,"All Division I","Drew Dudley","Austin Peay",0.293,0.333,0.444,0.778,35,108,99,10,29,3,0,4,20,1,6,14,1,0
2021,"All Division I","EC Taylor","Pittsburgh",0.315,0.357,0.364,0.721,43,154,143,28,45,5,1,0,16,3,7,31,27,4
2021,"All Division I","EJ Bankson","George Mason",0.259,0.294,0.429,0.723,35,119,112,16,29,9,2,2,15,0,6,25,3,1
2021,"All Division I","Elena Gonzalez","Rider",0.367,0.411,0.533,0.944,37,130,120,26,44,9,1,3,33,0,9,13,1,0
2021,"All Division I","Elena Woulfe","Drexel",0.344,0.422,0.461,0.883,40,148,128,39,44,10,1,1,22,3,15,13,4,2
2021,"All Division I","Eleni Spirakis","Stanford",0.258,0.318,0.432,0.75,55,177,155,24,40,7,1,6,33,2,14,21,1,0
2021,"All Division I","Elisa Rosado","Mercer",0.284,0.342,0.396,0.738,42,151,134,28,38,9,3,0,14,3,10,26,11,0
2021,"All Division I","Elison Ollinger","Belmont",0.219,0.306,0.362,0.668,39,121,105,9,23,7,1,2,11,1,13,35,5,0
2021,"All Division I","Elissa Brown","Alabama",0.386,0.407,0.392,0.8,61,169,158,41,61,1,0,0,12,0,7,8,24,6
2021,"All Division I","Elizabeth Jackson","Stetson",0.352,0.449,0.407,0.855,31,116,91,16,32,3,1,0,7,6,10,4,19,7
2021,"All Division I","Elizabeth Mason","Florida State",0.23,0.291,0.435,0.726,63,213,191,34,44,9,0,10,36,0,18,29,18,0
2021,"All Division I","Ellen Ebbers","Morgan State",0.34,0.411,0.526,0.936,36,113,97,14,33,12,0,2,21,0,13,11,1,0
2021,"All Division I","Ellessa Bonstrom","Utah",0.268,0.408,0.623,1.031,52,174,138,37,37,5,1,14,42,12,22,18,6,0
2021,"All Division I","Ellie Grill","Sam Houston State",0.277,0.336,0.369,0.705,46,145,130,18,36,5,2,1,17,6,6,14,16,1
2021,"All Division I","Ellie Mataya","Boston College",0.366,0.405,0.503,0.908,45,164,153,20,56,9,3,2,18,0,10,20,12,0
2021,"All Division I","Elyse Morris","St. John's",0.203,0.365,0.288,0.653,28,75,59,12,12,2,0,1,4,11,4,9,5,0
2021,"All Division I","Emery Nielson","Utah Valley",0.297,0.331,0.359,0.69,49,139,128,23,38,3,1,1,15,0,7,20,5,1
2021,"All Division I","Emily Bartlett","Furman",0.28,0.387,0.439,0.826,46,155,132,25,37,9,0,4,12,9,14,26,1,0
2021,"All Division I","Emily Bracamonte","Central Michigan",0.2,0.254,0.296,0.55,44,132,115,10,23,5,0,2,18,1,8,15,0,0
2021,"All Division I","Emily Brown","Georgia State",0.335,0.377,0.433,0.81,46,176,164,27,55,4,3,2,15,1,10,27,7,0
2021,"All Division I","Emily Cimino","Lehigh",0.342,0.387,0.57,0.957,34,127,114,25,39,10,2,4,32,0,9,17,1,0
2021,"All Division I","Emily Coltharp","Chattanooga",0.319,0.398,0.354,0.752,38,136,113,21,36,4,0,0,4,2,13,20,5,1
2021,"All Division I","Emily Daniel","Dayton",0.298,0.365,0.327,0.692,41,116,104,20,31,3,0,0,5,1,10,15,8,5
2021,"All Division I","Emily Evans","UT Arlington",0.161,0.223,0.178,0.401,51,132,118,12,19,2,0,0,8,0,10,16,0,0
2021,"All Division I","Emily Gant","Boston University",0.387,0.43,0.591,1.021,34,101,93,31,36,7,3,2,23,1,6,13,6,0
2021,"All Division I","Emily Hansen","Minnesota",0.244,0.341,0.395,0.736,42,144,119,6,29,10,1,2,25,2,16,26,1,0
2021,"All Division I","Emily Harkleroad","Austin Peay",0.304,0.357,0.431,0.789,35,114,102,16,31,6,2,1,12,3,6,8,8,0
2021,"All Division I","Emily Hott","Baylor",0.312,0.428,0.48,0.908,47,153,125,35,39,9,0,4,18,6,20,24,3,2
2021,"All Division I","Emily Johansen","Portland State",0.317,0.37,0.463,0.834,41,136,123,16,39,6,0,4,19,2,9,27,0,1
2021,"All Division I","Emily Klosterman","Omaha",0.286,0.365,0.411,0.776,47,130,112,12,32,7,2,1,19,5,9,19,10,1
2021,"All Division I","Emily Lewandowski","St. Bonaventure",0.279,0.347,0.353,0.7,23,76,68,9,19,2,0,1,6,0,7,17,1,0
2021,"All Division I","Emily Parrott","Appalachian State",0.255,0.276,0.382,0.658,41,120,110,16,28,6,1,2,18,0,4,18,2,0
2021,"All Division I","Emily Phillips","James Madison",0.264,0.308,0.417,0.724,36,80,72,12,19,2,0,3,21,0,5,11,3,0
2021,"All Division I","Emily Piergustavo","Connecticut",0.173,0.239,0.198,0.436,33,88,81,2,14,2,0,0,3,1,6,15,0,1
2021,"All Division I","Emily Salazar","Long Beach State",0.301,0.374,0.43,0.804,33,109,93,18,28,7,1,1,17,5,7,7,2,2
2021,"All Division I","Emily Schultz","Stanford",0.295,0.349,0.424,0.773,53,150,132,15,39,5,3,2,26,1,12,21,1,0
2021,"All Division I","Emily Sweat","Liberty",0.257,0.344,0.485,0.829,59,199,171,23,44,16,1,7,36,3,20,35,3,0
2021,"All Division I","Emily Telg","Sam Houston State",0.216,0.322,0.392,0.714,39,120,102,21,22,1,1,5,8,5,11,24,4,0
2021,"All Division I","Emily Valtman","Drake",0.319,0.396,0.504,0.9,49,164,141,23,45,12,1,4,38,2,18,28,0,0
2021,"All Division I","Emily Young","Stanford",0.314,0.405,0.434,0.839,55,191,159,28,50,10,0,3,32,5,20,19,8,1
2021,"All Division I","Emma Armstrong","Hartford",0.213,0.321,0.34,0.662,18,56,47,5,10,0,0,2,10,1,7,15,0,0
2021,"All Division I","Emma Bickford","Santa Clara",0.329,0.389,0.506,0.895,28,90,79,6,26,6,1,2,19,3,6,11,4,1
2021,"All Division I","Emma Bordenkecher","Idaho State",0.313,0.374,0.53,0.904,37,132,115,18,36,7,0,6,30,0,13,14,2,2
2021,"All Division I","Emma Brockmann","Northern Colorado",0.257,0.36,0.554,0.915,30,87,74,13,19,4,0,6,16,2,10,12,1,1
2021,"All Division I","Emma Clark","Notre Dame",0.404,0.434,0.444,0.878,47,161,151,34,61,2,2,0,17,1,7,16,25,6
2021,"All Division I","Emma Curry","Hartford",0.308,0.449,0.538,0.987,17,49,39,5,12,3,0,2,5,6,4,14,0,0
2021,"All Division I","Emma Holland","Nicholls",0.194,0.242,0.28,0.522,36,103,93,9,18,5,0,1,10,0,6,12,1,1
2021,"All Division I","Emma Kauf","Georgia Tech",0.345,0.408,0.64,1.048,45,157,139,30,48,7,2,10,33,1,15,20,6,1
2021,"All Division I","Emma Latham","North Alabama",0.141,0.218,0.192,0.411,30,90,78,8,11,1,0,1,8,0,8,22,2,0
2021,"All Division I","Emma McLaughlin","Siena",0.279,0.305,0.342,0.647,34,118,111,8,31,4,0,1,25,0,5,16,0,0
2021,"All Division I","Emma Nedley","Penn",0.333,0.405,0.667,1.072,10,37,33,6,11,2,0,3,7,1,3,3,5,0
2021,"All Division I","Emma Raabe","Missouri",0.269,0.4,0.552,0.952,56,166,134,20,36,11,0,9,33,2,28,38,0,0
2021,"All Division I","Emma Callie Delafield","Northwestern State",0.331,0.437,0.449,0.886,42,143,118,31,39,8,0,2,22,7,16,20,5,0
2021,"All Division I","Emme Martinez","Boston College",0.21,0.314,0.235,0.549,44,138,119,4,25,3,0,0,10,0,18,5,0,0
2021,"All Division I","Emme Olson","Illinois State",0.318,0.392,0.488,0.88,41,148,129,22,41,8,1,4,28,3,14,15,4,0
2021,"All Division I","Erica Barley","Bryant",0.327,0.417,0.558,0.974,22,60,52,10,17,6,0,2,15,0,8,18,0,0
2021,"All Division I","Erica Robles","Rhode Island",0.233,0.321,0.438,0.76,27,84,73,9,17,3,0,4,13,1,9,16,0,0
2021,"All Division I","Erika Bell","Robert Morris",0.31,0.401,0.44,0.841,41,137,116,16,36,6,0,3,19,2,17,15,1,0
2021,"All Division I","Erika Cooper","Charleston Southern",0.265,0.324,0.368,0.692,31,76,68,8,18,2,1,1,3,0,6,16,2,0
2021,"All Division I","Erika Coreth","Monmouth",0.359,0.459,0.553,1.012,34,122,103,24,37,5,0,5,27,4,15,14,1,0
2021,"All Division I","Erin Bengston","Holy Cross",0.299,0.389,0.468,0.856,28,91,77,5,23,7,0,2,18,1,11,12,0,0
2021,"All Division I","Erin Hufford","Canisius",0.359,0.396,0.379,0.775,29,112,103,19,37,0,1,0,14,0,7,12,17,2
2021,"All Division I","Eryn Gould","Evansville",0.418,0.566,0.762,1.329,44,166,122,38,51,7,1,11,32,8,35,25,11,5
2021,"All Division I","Eternal Fuller","North Carolina A&T",0.213,0.33,0.227,0.556,34,92,75,14,16,1,0,0,4,2,11,13,10,1
2021,"All Division I","Evelyn Loyola","Bowling Green",0.242,0.346,0.341,0.687,52,159,132,8,32,1,0,4,20,0,22,29,0,0
2021,"All Division I","Fa Leilua","Mississippi State",0.343,0.482,0.728,1.21,60,220,169,41,58,5,0,20,48,1,47,24,4,1
2021,"All Division I","Faith Alexander","Kennesaw State",0.246,0.288,0.323,0.611,54,140,130,20,32,4,3,0,13,0,8,18,13,0
2021,"All Division I","Faith Hegh","UAB",0.319,0.373,0.464,0.836,48,153,138,30,44,12,1,2,20,5,8,9,6,1
2021,"All Division I","Faith Hensley","Ball State",0.39,0.478,0.662,1.14,53,183,154,38,60,17,2,7,51,4,23,16,11,3
2021,"All Division I","Faith Hoe","Weber State",0.347,0.438,0.548,0.987,42,146,124,36,43,5,4,4,22,9,12,17,1,0
2021,"All Division I","Faith Shirley","Georgia Southern",0.304,0.347,0.594,0.941,41,147,138,22,42,13,0,9,25,2,7,20,0,0
2021,"All Division I","Faith Weber","George Washington",0.345,0.417,0.691,1.107,48,157,139,29,48,7,1,13,44,4,13,27,5,0
2021,"All Division I","Faith Willis","Kansas City",0.319,0.434,0.472,0.906,54,175,144,36,46,6,2,4,21,8,21,35,11,3
2021,"All Division I","Farley Callaghan","FGCU",0.174,0.234,0.209,0.443,40,95,86,1,15,3,0,0,4,1,6,11,0,0
2021,"All Division I","Fayth Davis","Florida Atlantic",0.178,0.257,0.278,0.535,37,103,90,10,16,4,1,1,9,2,8,32,0,0
2021,"All Division I","Fiona Girardot","Wisconsin",0.324,0.462,0.533,0.995,38,133,105,20,34,12,2,2,16,5,22,22,3,4
2021,"All Division I","Frankie Hammoude","Oregon State",0.36,0.456,0.765,1.221,46,160,136,24,49,4,0,17,41,3,21,26,0,0
2021,"All Division I","Frankie Tago","Idaho State",0.311,0.455,0.509,0.965,39,135,106,12,33,7,1,4,21,4,24,3,0,0
2021,"All Division I","Gabbi Jenkins","Indiana",0.34,0.398,0.556,0.953,44,164,144,31,49,18,2,3,24,4,11,16,24,8
2021,"All Division I","Gabbie Kowalik","Saint Louis",0.395,0.475,0.798,1.273,39,139,119,35,47,10,4,10,36,4,15,18,10,2
2021,"All Division I","Gabby Buruato","Appalachian State",0.326,0.331,0.426,0.757,46,143,141,22,46,8,3,0,17,0,1,22,5,1
2021,"All Division I","Gabby O'Riley","DePaul",0.25,0.393,0.412,0.805,29,84,68,9,17,2,0,3,11,7,9,15,0,0
2021,"All Division I","Gabby Teran","Syracuse",0.24,0.364,0.424,0.788,44,155,125,21,30,8,0,5,16,20,5,17,8,1
2021,"All Division I","Gabby Vaughan","Norfolk State",0.324,0.387,0.556,0.942,39,120,108,17,35,6,2,5,23,1,10,14,2,0
2021,"All Division I","Gabriella Conca","St. John's",0.213,0.29,0.377,0.667,27,69,61,11,13,1,0,3,9,0,7,17,0,0
2021,"All Division I","Gabriella Hessenthaler","UNC Wilmington",0.266,0.329,0.305,0.633,38,140,128,28,34,0,1,1,6,1,11,20,14,2
2021,"All Division I","Gabriella Jimenez","Utah State",0.301,0.353,0.545,0.898,44,156,143,28,43,3,1,10,27,1,11,32,0,0
2021,"All Division I","Gabriella Mazzotta","Manhattan",0.252,0.308,0.308,0.616,36,119,107,17,27,3,0,1,7,0,9,10,11,1
2021,"All Division I","Gabrielle Callaway","Rutgers",0.278,0.34,0.444,0.784,44,147,133,19,37,7,0,5,17,4,9,17,0,0
2021,"All Division I","Gabrielle Fonseca","Prairie View",0.231,0.324,0.354,0.678,26,77,65,11,15,2,0,2,10,2,7,12,5,0
2021,"All Division I","Gaby Garcia","Stephen F. Austin",0.4,0.45,0.645,1.095,47,171,155,35,62,14,0,8,40,6,9,15,2,1
2021,"All Division I","Georgia Clark","LSU",0.252,0.358,0.477,0.834,56,181,151,15,38,4,0,10,37,2,24,20,0,0
2021,"All Division I","Gianna Boccagno","Boston College",0.172,0.291,0.333,0.624,42,111,93,9,16,3,0,4,11,11,5,38,0,0
2021,"All Division I","Gianna Nicoletti","Grand Canyon",0.361,0.45,0.419,0.869,49,180,155,38,56,5,2,0,9,3,22,14,28,3
2021,"All Division I","Gianna Randazza","Boston College",0.234,0.294,0.299,0.593,35,86,77,3,18,2,0,1,5,2,5,13,0,1
2021,"All Division I","Gisele Tapia","Duke",0.275,0.328,0.419,0.747,56,190,167,23,46,5,2,5,31,2,12,19,5,2
2021,"All Division I","Goose McGlaun","Baylor",0.307,0.371,0.487,0.857,50,171,150,29,46,10,1,5,26,0,17,23,4,0
2021,"All Division I","Grace Cea","Youngstown State",0.259,0.275,0.302,0.577,51,144,139,11,36,6,0,0,23,1,2,15,2,0
2021,"All Division I","Grace French","Bradley",0.177,0.244,0.291,0.535,36,86,79,7,14,3,0,2,11,0,7,13,1,0
2021,"All Division I","Grace Gressly","Dayton",0.184,0.323,0.224,0.546,40,95,76,2,14,0,0,1,6,0,16,13,1,0
2021,"All Division I","Grace Harvey","Lafayette",0.259,0.295,0.379,0.674,22,62,58,5,15,4,0,1,6,0,3,5,0,0
2021,"All Division I","Grace Lyons","Oklahoma",0.389,0.495,0.713,1.208,60,209,167,62,65,12,0,14,52,9,27,14,8,0
2021,"All Division I","Grace McGouldrick","Maine",0.211,0.221,0.237,0.458,26,77,76,6,16,0,1,0,2,0,1,24,5,1
2021,"All Division I","Grace Messmer","Oregon State",0.276,0.317,0.328,0.645,41,125,116,11,32,6,0,0,12,0,7,17,0,1
2021,"All Division I","Grace Perechinsky","St. Bonaventure",0.205,0.293,0.438,0.731,27,82,73,6,15,2,0,5,17,0,9,21,0,0
2021,"All Division I","Grace Stansfield","Rider",0.262,0.344,0.298,0.641,30,98,84,9,22,3,0,0,9,1,10,6,0,1
2021,"All Division I","Gracey Kruse","Chattanooga",0.218,0.279,0.366,0.646,37,112,101,11,22,12,0,1,4,3,6,17,0,2
2021,"All Division I","Gracie Morton","Memphis",0.274,0.333,0.418,0.751,50,169,146,19,40,8,2,3,18,0,15,29,10,0
2021,"All Division I","Gracyn Houmis","Towson",0.205,0.229,0.256,0.485,31,83,78,8,16,4,0,0,13,1,2,8,2,1
2021,"All Division I","Grayson Radcliffe","Indiana",0.288,0.388,0.504,0.892,44,154,125,20,36,6,3,5,25,6,17,20,14,1
2021,"All Division I","Greta L'Esperance","Bowling Green",0.373,0.408,0.405,0.814,53,197,185,35,69,4,1,0,9,0,11,26,25,3
2021,"All Division I","Gretchen Bowie","St. John's",0.34,0.382,0.612,0.993,31,111,103,21,35,9,2,5,13,1,6,10,13,2
2021,"All Division I","Haeli Bryson","Tennessee Tech",0.23,0.292,0.317,0.609,47,156,139,12,32,6,0,2,13,1,12,12,0,0
2021,"All Division I","Haellie Gordon","George Mason",0.288,0.338,0.394,0.732,28,71,66,4,19,4,0,1,7,0,5,8,2,0
2021,"All Division I","Hailee Jantorno","Marist",0.262,0.354,0.262,0.616,23,54,42,8,11,0,0,0,6,0,6,10,4,1
2021,"All Division I","Hailey Arteaga","Seton Hall",0.3,0.378,0.4,0.778,27,90,80,10,24,5,0,1,13,0,10,5,0,0
2021,"All Division I","Hailey Goins","Incarnate Word",0.171,0.238,0.224,0.462,38,92,76,1,13,4,0,0,4,2,5,16,1,0
2021,"All Division I","Hailey Hoklotubbe","Rutgers",0.208,0.25,0.264,0.514,34,78,72,9,15,1,0,1,2,2,2,13,3,1
2021,"All Division I","Hailey Jackson","Incarnate Word",0.243,0.36,0.365,0.724,33,90,74,12,18,4,1,1,10,7,7,19,1,0
2021,"All Division I","Hailey MacKay","Texas State",0.29,0.391,0.469,0.859,53,171,145,16,42,8,0,6,26,1,23,25,0,0
2021,"All Division I","Hailey Martin","Cal Poly",0.394,0.471,0.596,1.067,35,122,104,6,41,13,1,2,20,2,14,13,1,0
2021,"All Division I","Hailey Pop","IUPUI",0.181,0.342,0.287,0.629,39,122,94,14,17,4,0,2,10,0,23,25,1,0
2021,"All Division I","Hailey Tanori","New Mexico State",0.318,0.345,0.41,0.755,54,204,195,39,62,10,4,0,17,0,8,28,17,5
2021,"All Division I","Haleigh Winter","Alabama A&M",0.222,0.26,0.306,0.565,27,78,72,10,16,3,0,1,11,1,3,2,1,0
2021,"All Division I","Haley Bravo","Coppin State",0.295,0.34,0.364,0.704,31,94,88,10,26,4,1,0,6,0,6,10,0,0
2021,"All Division I","Haley Burda","Nevada",0.293,0.36,0.424,0.785,35,115,99,12,29,4,0,3,23,1,10,13,3,2
2021,"All Division I","Haley Cruse","Oregon",0.389,0.452,0.611,1.063,56,209,185,45,72,16,2,7,27,2,20,16,21,4
2021,"All Division I","Haley Denning","Utah",0.391,0.395,0.453,0.848,55,200,192,46,75,2,5,0,8,0,2,21,31,5
2021,"All Division I","Haley Dominique","Ball State",0.368,0.432,0.468,0.9,55,193,171,24,63,8,0,3,35,3,17,11,3,0
2021,"All Division I","Haley Hanson","Sacramento State",0.229,0.257,0.248,0.504,36,109,105,10,24,2,0,0,2,0,4,9,7,6
2021,"All Division I","Haley Hoogenraad","Michigan",0.193,0.287,0.261,0.548,44,111,88,13,17,1,1,1,9,1,11,27,4,1
2021,"All Division I","Haley Lee","Texas A&M",0.423,0.536,0.949,1.485,55,194,156,42,66,7,0,25,51,3,35,21,3,0
2021,"All Division I","Haley Mitchell","Eastern Illinois",0.341,0.427,0.652,1.078,46,157,132,18,45,2,0,13,36,9,13,20,0,0
2021,"All Division I","Haley Morgan","Tulsa",0.311,0.472,0.415,0.887,39,144,106,33,33,5,0,2,17,23,11,13,9,0
2021,"All Division I","Haley Morse","Texas A&M-Corpus Christi",0.324,0.425,0.438,0.863,40,129,105,12,34,6,0,2,26,1,19,13,1,0
2021,"All Division I","Haley Strang","St. Bonaventure",0.247,0.256,0.376,0.632,28,87,85,9,21,2,0,3,9,1,0,29,0,0
2021,"All Division I","Haley Taormina","George Mason",0.267,0.353,0.427,0.78,30,85,75,12,20,2,2,2,10,2,8,31,2,1
2021,"All Division I","Haley Woolf","Evansville",0.267,0.305,0.467,0.771,39,129,120,15,32,7,1,5,20,2,5,36,1,0
2021,"All Division I","Haley Wynn","Ball State",0.353,0.432,0.51,0.942,50,177,153,42,54,11,2,3,26,6,16,21,4,5
2021,"All Division I","Halle Kisamore","Delaware",0.235,0.326,0.42,0.746,31,96,81,17,19,9,0,2,15,4,8,7,7,0
2021,"All Division I","Halle Kyler","San Diego",0.212,0.236,0.271,0.507,38,101,85,9,18,0,1,1,10,0,3,10,8,3
2021,"All Division I","Halle Morris","Utah",0.25,0.353,0.397,0.749,47,137,116,12,29,5,0,4,24,4,15,31,0,0
2021,"All Division I","Hallie Hall","James Madison",0.213,0.344,0.333,0.678,39,91,75,15,16,3,0,2,13,2,13,14,0,0
2021,"All Division I","Hanna Garber","Delaware",0.384,0.475,0.596,1.071,33,119,99,28,38,5,5,2,23,2,16,13,12,1
2021,"All Division I","Hanna Krosky","Pacific",0.157,0.181,0.257,0.438,27,77,70,5,11,4,0,1,5,0,2,15,0,0
2021,"All Division I","Hannah Adams","Florida",0.356,0.457,0.571,1.027,56,220,177,52,63,8,0,10,38,12,25,17,9,0
2021,"All Division I","Hannah Borden","Southern Miss",0.247,0.377,0.467,0.844,53,183,150,15,37,6,0,9,21,7,25,25,0,0
2021,"All Division I","Hannah Bunker","UMass",0.337,0.44,0.449,0.89,33,110,89,17,30,3,2,1,21,2,16,7,1,0
2021,"All Division I","Hannah Carpenter","Lamar",0.325,0.407,0.433,0.84,49,140,120,11,39,5,1,2,14,3,15,25,2,1
2021,"All Division I","Hannah Carson","Michigan",0.296,0.324,0.423,0.747,45,151,142,16,42,10,1,2,19,2,4,9,2,0
2021,"All Division I","Hannah Chew","Saint Mary's (CA)",0.265,0.396,0.325,0.721,32,101,83,6,22,2,0,1,11,3,15,8,0,0
2021,"All Division I","Hannah Cravens","Eastern Illinois",0.283,0.393,0.551,0.945,46,151,127,27,36,11,1,7,35,0,23,22,1,0
2021,"All Division I","Hannah Crumlish","Delaware State",0.225,0.231,0.258,0.489,31,96,89,3,20,3,0,0,9,0,1,14,2,0
2021,"All Division I","Hannah DeSousa","Rhode Island",0.333,0.344,0.54,0.883,22,65,63,4,21,6,2,1,9,0,1,9,0,0
2021,"All Division I","Hannah Eslick","George Washington",0.21,0.267,0.333,0.601,42,118,105,11,22,4,0,3,18,1,8,17,0,1
2021,"All Division I","Hannah Hood","Evansville",0.19,0.269,0.238,0.507,43,122,105,16,20,5,0,0,12,2,10,22,12,0
2021,"All Division I","Hannah Kincer","UNC Greensboro",0.234,0.388,0.57,0.958,40,136,107,20,25,6,0,10,24,2,25,27,0,1
2021,"All Division I","Hannah Lutz","Princeton",0,0,0,0,3,8,8,,0,0,0,0,1,0,0,2,0,0
2021,"All Division I","Hannah McEwen","Arkansas",0.318,0.476,0.512,0.988,44,168,129,41,41,10,0,5,16,4,35,14,1,0
2021,"All Division I","Hannah Scheaffer","Sam Houston State",0.256,0.296,0.419,0.715,45,129,117,12,30,4,0,5,15,5,2,10,1,0
2021,"All Division I","Hannah Walker","Drexel",0.278,0.365,0.444,0.81,36,105,90,13,25,6,0,3,24,2,11,12,1,0
2021,"All Division I","HannahJo Peterson","BYU",0.296,0.373,0.568,0.941,53,187,162,40,48,10,2,10,41,9,12,34,8,1
2021,"All Division I","Harley Stokes","North Alabama",0.25,0.358,0.57,0.928,38,121,100,24,25,3,1,9,25,2,16,30,3,1
2021,"All Division I","Hatti Moore","Missouri",0.32,0.42,0.657,1.077,59,212,175,45,56,8,0,17,50,2,31,36,0,1
2021,"All Division I","Haylee Bobos","Morgan State",0.286,0.426,0.5,0.926,39,123,98,15,28,9,0,4,21,1,23,11,0,0
2021,"All Division I","Haylee Brinlee","McNeese",0.243,0.343,0.485,0.828,60,202,169,21,41,12,1,9,45,4,24,27,9,1
2021,"All Division I","Hayleigh Galvan","Fresno State",0.3,0.404,0.425,0.829,45,152,120,15,36,6,0,3,25,8,15,29,0,0
2021,"All Division I","Hayleigh Weissenbach","Chattanooga",0.32,0.405,0.515,0.92,38,123,103,19,33,7,2,3,23,2,14,3,2,0
2021,"All Division I","Hayley Barbazon","Northwestern State",0.275,0.352,0.358,0.71,43,125,109,20,30,2,2,1,7,3,10,14,1,1
2021,"All Division I","Heather Haberman","Niagara",0.371,0.415,0.567,0.982,30,109,97,12,36,7,0,4,22,0,8,13,1,0
2021,"All Division I","Heather Hill","Southern Miss",0.222,0.278,0.333,0.612,47,159,144,12,32,7,0,3,13,1,11,23,1,0
2021,"All Division I","Heaven Burton","Texas Tech",0.333,0.378,0.391,0.77,44,152,138,24,46,5,0,1,2,1,9,35,18,2
2021,"All Division I","Heidi Jaquez","Houston Christian",0.362,0.456,0.491,0.947,39,142,116,28,42,9,0,2,15,3,17,15,1,1
2021,"All Division I","Hollis Wivell","Connecticut",0.284,0.358,0.284,0.643,37,109,95,15,27,0,0,0,4,0,11,20,13,3
2021,"All Division I","Holly Blaska","Miami (OH)",0.373,0.453,0.675,1.127,49,149,126,46,47,13,2,7,38,5,15,19,14,0
2021,"All Division I","Holly Bridgman","Drexel",0.314,0.469,0.457,0.926,33,97,70,20,22,4,0,2,21,3,20,12,3,0
2021,"All Division I","Hunter Hand","Marist",0.242,0.277,0.242,0.519,25,71,62,5,15,0,0,0,4,0,3,11,1,0
2021,"All Division I","Hunter Levesque","Pittsburgh",0.256,0.347,0.465,0.812,46,152,129,23,33,9,3,4,19,4,14,33,2,2
2021,"All Division I","Huntyr Ava","BYU",0.309,0.4,0.588,0.988,49,161,136,16,42,5,0,11,40,2,20,21,2,0
2021,"All Division I","Idalis Mendez","UTEP",0.41,0.5,0.676,1.176,37,126,105,21,43,8,1,6,19,7,12,19,2,1
2021,"All Division I","Ilena Santos","UTEP",0.293,0.416,0.402,0.818,37,103,82,12,24,6,0,1,9,5,13,32,1,0
2021,"All Division I","Imani Moore","Norfolk State",0.32,0.393,0.39,0.783,30,112,100,25,32,3,2,0,7,0,12,16,15,1
2021,"All Division I","Imani Rochelle","Charlotte",0.258,0.338,0.333,0.672,42,136,120,20,31,4,1,1,17,2,13,22,4,3
2021,"All Division I","India Wells","Grambling",0.314,0.377,0.329,0.705,24,81,70,19,22,1,0,0,4,0,7,8,17,0
2021,"All Division I","Indya Smith","Saint Mary's (CA)",0.33,0.378,0.44,0.819,37,121,109,16,36,9,0,1,12,1,8,19,1,2
2021,"All Division I","Irie Siofele","Cal State Fullerton",0.336,0.468,0.467,0.935,50,155,122,23,41,10,0,2,17,5,26,16,3,0
2021,"All Division I","Isabel Cargill","Idaho State",0.269,0.357,0.352,0.709,37,128,108,18,29,6,0,1,19,1,15,13,0,0
2021,"All Division I","Isabel Gusman","Jackson State",0.302,0.378,0.448,0.826,33,111,96,20,29,6,1,2,18,5,8,22,1,0
2021,"All Division I","Isabella Leon","UC Davis",0.35,0.415,0.504,0.92,34,130,117,20,41,12,0,2,15,1,12,11,8,2
2021,"All Division I","Isabelle DeChiaro","Siena",0.396,0.508,0.573,1.081,34,120,96,18,38,8,0,3,23,2,21,9,2,0
2021,"All Division I","Isis Taylor","Jackson State",0.207,0.298,0.326,0.624,33,104,92,9,19,6,1,1,15,0,12,17,0,0
2021,"All Division I","Ivory Jones","Tennessee State",0.184,0.286,0.286,0.571,36,117,98,13,18,1,0,3,10,6,8,29,2,1
2021,"All Division I","Ivy Davis","Tennessee",0.282,0.346,0.626,0.972,57,181,163,31,46,8,0,16,47,1,15,40,1,0
2021,"All Division I","Izzy Nieblas","Maine",0.239,0.274,0.455,0.728,28,95,88,14,21,7,0,4,18,1,4,20,1,0
2021,"All Division I","Jackie McKenna","Mississippi State",0.202,0.281,0.333,0.615,46,131,114,15,23,3,0,4,17,3,10,21,0,0
2021,"All Division I","Jackie Napoli","Cal Poly",0.167,0.25,0.167,0.417,27,63,54,4,9,0,0,0,3,3,3,7,1,0
2021,"All Division I","Jada Cody","UCF",0.324,0.412,0.5,0.912,61,216,182,44,59,11,0,7,28,5,23,11,9,1
2021,"All Division I","Jada Santiago","UNC Wilmington",0.39,0.481,0.581,1.062,38,129,105,17,41,11,0,3,36,8,13,11,4,2
2021,"All Division I","Jada Terry","Jacksonville State",0.342,0.374,0.627,1.001,48,172,158,26,54,10,1,11,43,0,10,15,4,1
2021,"All Division I","Jade Dixon","Norfolk State",0.281,0.427,0.313,0.74,38,134,96,22,27,3,0,0,4,15,11,11,6,1
2021,"All Division I","Jade Gortarez","UL Lafayette",0.284,0.345,0.475,0.82,59,205,183,35,52,11,0,8,37,1,17,16,15,3
2021,"All Division I","Jade King","Delaware State",0.267,0.29,0.283,0.574,25,64,60,6,16,1,0,0,4,1,1,11,0,0
2021,"All Division I","Jade Sinness","Troy",0.339,0.397,0.556,0.953,54,210,189,53,64,15,1,8,33,2,17,21,4,0
2021,"All Division I","Jadyn DeWitte","South Dakota",0.252,0.308,0.402,0.71,42,118,107,11,27,5,1,3,21,4,5,24,1,0
2021,"All Division I","Jadyn Erickson","UT Arlington",0.285,0.359,0.315,0.674,46,153,130,29,37,2,1,0,6,1,14,26,8,2
2021,"All Division I","Jaelyn Baker","Delaware State",0.289,0.301,0.411,0.712,31,94,90,5,26,6,1,1,12,2,0,16,0,0
2021,"All Division I","Jaelyn Vickery","Illinois",0.306,0.404,0.446,0.851,44,144,121,25,37,7,2,2,16,10,10,17,11,3
2021,"All Division I","Jaelynn Chesson","Lehigh",0.38,0.456,0.75,1.206,34,125,108,24,41,16,0,8,50,2,14,12,0,0
2021,"All Division I","Jaida Speth","IUPUI",0.272,0.287,0.312,0.599,44,129,125,11,34,5,0,0,8,0,3,17,2,0
2021,"All Division I","Jaiden Fields","Georgia",0.315,0.348,0.546,0.894,43,115,108,18,34,2,1,7,22,3,3,15,0,0
2021,"All Division I","Jaiden Tweed","Presbyterian",0.225,0.226,0.425,0.651,30,93,80,7,18,1,0,5,13,0,1,22,4,1
2021,"All Division I","Jaimie Hoover","Florida",0.224,0.348,0.321,0.668,55,165,134,22,30,1,0,4,24,5,22,40,7,0
2021,"All Division I","Jaina Westphal","Valparaiso",0.233,0.293,0.344,0.637,36,102,90,8,21,1,3,1,4,1,7,23,8,0
2021,"All Division I","Jamaica Flowers","Alabama State",0.237,0.29,0.299,0.589,42,109,97,14,23,6,0,0,19,1,7,22,9,1
2021,"All Division I","Jameson Kavel","Duke",0.32,0.395,0.461,0.856,56,202,178,41,57,13,0,4,33,1,21,19,20,2
2021,"All Division I","Jamie Squires","Oakland",0.284,0.384,0.483,0.867,42,140,116,17,33,8,0,5,23,0,20,15,5,4
2021,"All Division I","Jamie White","Omaha",0.269,0.361,0.415,0.777,48,156,130,17,35,4,0,5,25,7,14,16,0,1
2021,"All Division I","Jana Johns","Oklahoma",0.29,0.451,0.621,1.072,56,163,124,48,36,5,0,12,40,18,19,23,7,1
2021,"All Division I","Janae Barracato","Seton Hall",0.25,0.304,0.385,0.688,32,112,104,17,26,9,1,1,6,3,5,9,1,1
2021,"All Division I","Janae Hogg","Ball State",0.311,0.424,0.504,0.928,52,166,135,19,42,8,0,6,31,5,23,13,0,0
2021,"All Division I","Janae Jefferson","Texas",0.446,0.495,0.595,1.09,51,189,168,49,75,8,1,5,27,1,16,6,14,1
2021,"All Division I","Janel Gamache","UNC Wilmington",0.391,0.45,0.626,1.076,38,131,115,26,45,10,1,5,31,1,13,23,1,1
2021,"All Division I","Janelle Meono","Arizona",0.439,0.483,0.518,1.001,51,180,164,45,72,8,1,1,9,0,14,16,12,1
2021,"All Division I","Janessa Lozano","San Jose State",0.279,0.408,0.41,0.818,25,76,61,9,17,2,0,2,7,2,12,15,2,0
2021,"All Division I","Jasie Roberts","Houston Christian",0.336,0.382,0.552,0.934,39,137,125,17,42,8,2,5,29,2,8,13,0,0
2021,"All Division I","Jasmine Gray","Maine",0.304,0.325,0.43,0.756,28,83,79,13,24,4,0,2,8,0,3,6,0,0
2021,"All Division I","Jasmine Melgoza","Delaware State",0.265,0.308,0.325,0.633,25,92,83,13,22,5,0,0,9,2,4,9,1,0
2021,"All Division I","Jasmine Palmer","UNC Greensboro",0.306,0.442,0.556,0.998,50,181,144,33,44,9,0,9,28,11,25,13,0,0
2021,"All Division I","Jaxie Klucewich","Montana",0.342,0.369,0.35,0.719,46,123,117,22,40,1,0,0,7,1,4,9,8,3
2021,"All Division I","Jaycee Ruberti","Hofstra",0.38,0.441,0.59,1.031,32,119,100,26,38,8,2,3,35,1,13,6,13,1
2021,"All Division I","Jayda Alaan","Saint Mary's (CA)",0.254,0.309,0.325,0.634,36,126,114,12,29,6,1,0,11,3,6,14,1,0
2021,"All Division I","Jayden Mount","UL Monroe",0.333,0.42,0.507,0.926,49,176,150,32,50,9,1,5,24,5,18,7,7,4
2021,"All Division I","Jaylon Davis","Mississippi Valley",0.274,0.395,0.565,0.959,22,77,62,16,17,7,1,3,15,5,8,12,2,2
2021,"All Division I","Jayme Bailey","Virginia Tech",0.302,0.346,0.568,0.914,52,182,162,32,49,13,3,8,42,7,7,19,2,0
2021,"All Division I","Jaymi Steward","Cal State Northridge",0.282,0.402,0.592,0.994,26,88,71,12,20,3,2,5,15,4,11,13,3,2
2021,"All Division I","Jazmine Esparza","UCF",0.349,0.398,0.602,1,59,186,166,28,58,15,0,9,45,2,12,21,4,0
2021,"All Division I","Jazmine Hill","Arizona State",0.344,0.414,0.662,1.076,49,171,151,43,52,14,2,10,40,2,16,36,8,3
2021,"All Division I","Jazmyn Stokes","Bucknell",0.219,0.265,0.313,0.577,26,71,64,3,14,3,0,1,4,2,2,10,1,0
2021,"All Division I","Jazzmaine Hammond","Norfolk State",0.313,0.358,0.469,0.827,31,106,96,19,30,5,2,2,17,0,8,12,26,4
2021,"All Division I","Jen Horita","Boston University",0.452,0.49,0.527,1.017,38,107,93,20,42,5,1,0,21,0,7,8,8,3
2021,"All Division I","Jen Krizka","Oakland",0.316,0.387,0.481,0.868,43,150,133,11,42,10,0,4,39,3,13,14,2,2
2021,"All Division I","Jenae Wash","Michigan State",0.27,0.349,0.478,0.827,40,129,115,12,31,5,5,3,17,4,10,28,0,1
2021,"All Division I","Jenna Cone","George Washington",0.418,0.523,0.887,1.409,48,176,141,42,59,15,0,17,51,7,26,6,1,1
2021,"All Division I","Jenna Helberg","College of Charleston",0.3,0.406,0.363,0.769,31,97,80,6,24,2,0,1,9,3,12,9,0,0
2021,"All Division I","Jenna Lis","Evansville",0.262,0.374,0.408,0.782,42,125,103,7,27,9,0,2,16,2,17,18,0,0
2021,"All Division I","Jenna O'Hair","Northern Kentucky",0.231,0.351,0.308,0.658,31,86,65,7,15,3,1,0,6,2,10,12,6,1
2021,"All Division I","Jenna Olszewski","UAB",0.323,0.357,0.509,0.866,49,171,161,25,52,11,5,3,26,3,6,10,8,3
2021,"All Division I","Jenna Richmond","Buffalo",0.173,0.252,0.255,0.507,52,125,110,10,19,3,0,2,16,1,11,37,1,0
2021,"All Division I","Jenna Wacaster","Gardner-Webb",0.143,0.28,0.143,0.423,26,77,63,4,9,0,0,0,0,3,9,16,0,0
2021,"All Division I","Jenna Wildeman","Central Arkansas",0.39,0.435,0.429,0.864,56,197,177,43,69,7,0,0,16,1,13,27,56,3
2021,"All Division I","Jennah Speth","IUPUI",0.268,0.393,0.48,0.873,44,153,123,19,33,8,0,6,18,0,26,36,3,2
2021,"All Division I","Jenny Jansen","Southern Illinois",0.319,0.421,0.538,0.958,53,195,160,30,51,8,0,9,47,0,31,18,10,0
2021,"All Division I","Jensen Striegel","Murray State",0.269,0.335,0.301,0.637,51,175,156,26,42,3,1,0,5,1,15,17,21,3
2021,"All Division I","Jess Hom","Bucknell",0.205,0.3,0.227,0.527,30,101,88,15,18,2,0,0,2,0,12,15,3,1
2021,"All Division I","Jessica Chilcott","Iona",0.362,0.473,0.771,1.245,34,131,105,28,38,13,0,10,25,2,22,24,2,0
2021,"All Division I","Jessica Cothern","DePaul",0.373,0.458,0.618,1.075,36,120,102,16,38,7,0,6,22,0,16,13,0,0
2021,"All Division I","Jessica Fehr","Evansville",0.318,0.411,0.482,0.893,39,130,110,18,35,3,3,3,17,2,16,15,2,0
2021,"All Division I","Jessica Gaughan","Saint Joseph's",0.263,0.326,0.331,0.656,44,133,118,10,31,8,0,0,16,1,11,12,0,0
2021,"All Division I","Jessica Linquist","George Washington",0.355,0.527,0.601,1.128,48,188,138,53,49,16,0,6,34,10,40,11,4,0
2021,"All Division I","Jessica Mabrey","Pacific",0.237,0.333,0.355,0.689,28,94,76,9,18,3,0,2,11,4,7,11,1,0
2021,"All Division I","Jessica McAlister","Montana",0.337,0.402,0.469,0.871,43,116,98,15,33,4,0,3,19,7,5,6,0,0
2021,"All Division I","Jessica Puk","Ole Miss",0.243,0.403,0.378,0.781,58,200,148,32,36,8,0,4,32,14,29,22,2,0
2021,"All Division I","Jessica Rivera","Florida International",0.297,0.361,0.523,0.885,40,145,128,28,38,5,0,8,30,0,14,15,7,3
2021,"All Division I","Jessica Tomaso","Providence",0.281,0.431,0.509,0.939,22,72,57,10,16,1,0,4,9,2,13,14,0,1
2021,"All Division I","Jessie Harper","Arizona",0.327,0.394,0.684,1.078,56,194,171,43,56,11,1,16,49,1,19,35,1,0
2021,"All Division I","Jessie Lowery","Tennessee Tech",0.276,0.302,0.393,0.694,47,171,163,20,45,7,0,4,20,1,5,20,1,2
2021,"All Division I","Jessie Munson","Oakland",0.235,0.241,0.265,0.506,43,140,132,19,31,2,1,0,17,0,2,10,12,1
2021,"All Division I","Jessie Nagel","Holy Cross",0.216,0.266,0.378,0.644,25,79,74,9,16,3,0,3,7,1,4,14,0,0
2021,"All Division I","Jessie Rising","Manhattan",0.253,0.311,0.284,0.595,37,105,95,9,24,3,0,0,7,0,8,26,2,1
2021,"All Division I","Jil Poullard","McNeese",0.28,0.343,0.39,0.733,55,185,164,33,46,4,1,4,20,3,13,23,21,3
2021,"All Division I","Jillian Celis","San Diego State",0.312,0.338,0.447,0.785,44,148,141,20,44,13,0,2,25,0,6,35,4,1
2021,"All Division I","Jillian Figueroa","San Jose State",0.19,0.329,0.286,0.615,25,78,63,12,12,4,1,0,2,2,11,26,3,0
2021,"All Division I","Jocelyn Alo","Oklahoma",0.475,0.566,1.109,1.676,60,226,183,71,87,12,1,34,89,3,38,16,3,0
2021,"All Division I","Jocelyn Bennett","North Carolina A&T",0.233,0.283,0.326,0.608,34,93,86,4,20,5,0,1,14,1,5,19,2,0
2021,"All Division I","Jocelyn Carrillo","South Dakota State",0.418,0.49,0.813,1.304,50,153,134,36,56,9,4,12,39,2,17,20,6,0
2021,"All Division I","Jocelyn Kirk","North Dakota",0.232,0.29,0.338,0.628,50,157,142,10,33,7,1,2,14,6,6,41,9,1
2021,"All Division I","Jocelynn De La Cruz","Middle Tennessee",0.303,0.343,0.371,0.714,41,141,132,8,40,6,0,1,10,1,7,21,0,0
2021,"All Division I","Jocylyn Vidal","San Jose State",0.213,0.27,0.325,0.595,32,91,80,5,17,3,0,2,11,1,6,23,0,1
2021,"All Division I","Johneisha Rowe","FGCU",0.336,0.374,0.349,0.724,44,156,146,36,49,0,1,0,6,4,5,23,31,1
2021,"All Division I","Jolie Readeaux","UAB",0.294,0.373,0.385,0.758,44,127,109,12,32,4,0,2,16,6,9,7,5,2
2021,"All Division I","Jonah Cunnigan","Delaware State",0.306,0.32,0.388,0.708,31,101,98,20,30,2,3,0,6,0,2,13,4,1
2021,"All Division I","Jordan Dickerson","Tarleton State",0.274,0.324,0.363,0.687,51,152,135,16,37,3,0,3,15,0,11,27,1,0
2021,"All Division I","Jordan Fabian","South Carolina",0.258,0.346,0.47,0.816,49,161,132,18,34,6,2,6,31,12,8,33,1,0
2021,"All Division I","Jordan Frank","Saint Francis",0.275,0.338,0.406,0.744,50,157,138,23,38,6,0,4,24,5,8,13,8,1
2021,"All Division I","Jordan Jenkins","Northern Kentucky",0.212,0.287,0.247,0.534,34,97,85,4,18,3,0,0,7,1,8,10,0,0
2021,"All Division I","Jordan Ridge","Western Kentucky",0.269,0.388,0.5,0.888,42,136,108,25,29,5,1,6,21,5,16,23,8,2
2021,"All Division I","Jordyn Gasper","Utah",0.252,0.294,0.369,0.663,45,111,103,15,26,4,1,2,14,1,5,18,1,1
2021,"All Division I","Jordyn Manning","Louisiana Tech",0.202,0.25,0.284,0.534,45,122,109,10,22,4,1,1,6,1,6,20,0,0
2021,"All Division I","Jordyn Nowakowski","Stony Brook",0.259,0.32,0.464,0.785,42,133,112,11,29,5,0,6,23,1,11,25,2,0
2021,"All Division I","Jordyn Rudd","Northwestern",0.331,0.395,0.47,0.865,46,167,151,16,50,10,1,3,29,10,6,10,0,0
2021,"All Division I","Jordyn Swinehart","Western Michigan",0.27,0.336,0.344,0.68,52,140,122,18,33,6,0,1,14,5,7,15,0,0
2021,"All Division I","Josey White","Southern Utah",0.386,0.434,0.728,1.162,49,175,158,37,61,15,0,13,47,5,10,10,0,0
2021,"All Division I","Josie Bower","Baylor",0.283,0.381,0.35,0.731,46,139,120,15,34,8,0,0,15,8,11,14,3,0
2021,"All Division I","Josie Charles","Lehigh",0.278,0.325,0.292,0.616,26,78,72,17,20,1,0,0,5,0,5,13,1,4
2021,"All Division I","Josie Frazier","Northern Kentucky",0.264,0.294,0.281,0.575,35,128,121,18,32,2,0,0,6,3,2,16,3,1
2021,"All Division I","Jourdin Hering","Stony Brook",0.346,0.369,0.523,0.892,43,161,153,31,53,6,3,5,18,0,6,18,12,1
2021,"All Division I","Journey Rojas","Cal State Northridge",0.233,0.282,0.247,0.529,26,79,73,5,17,1,0,0,4,0,5,14,1,0
2021,"All Division I","Julia Bilbao","Texas Southern",0.245,0.354,0.383,0.737,37,117,94,12,23,2,4,1,19,1,16,22,0,0
2021,"All Division I","Julia Cottrill","Florida",0.294,0.392,0.469,0.86,51,166,143,23,42,10,0,5,26,4,19,17,2,0
2021,"All Division I","Julia DaCosta","Villanova",0.253,0.324,0.43,0.754,52,179,158,21,40,7,0,7,27,0,18,35,0,2
2021,"All Division I","Julia Fritz","East Tennessee State",0.277,0.344,0.454,0.797,36,134,119,16,33,9,0,4,16,0,12,27,3,0
2021,"All Division I","Julia Gubner","Brown",0.25,0.4,0.5,0.9,2,5,4,0,1,1,0,0,0,0,1,1,0,0
2021,"All Division I","Julia Jimenez","Michigan",0.289,0.313,0.43,0.743,46,154,142,13,41,6,1,4,20,1,4,11,2,0
2021,"All Division I","Julia Keffler","UMBC",0.33,0.351,0.396,0.748,34,111,106,15,35,3,2,0,14,0,4,20,12,2
2021,"All Division I","Julia Martine","Fordham",0.312,0.391,0.567,0.959,46,166,141,37,44,13,1,7,23,3,16,27,12,0
2021,"All Division I","Julia Mazanec","Kent State",0.207,0.263,0.25,0.513,40,107,92,13,19,2,1,0,3,1,6,9,0,1
2021,"All Division I","Julia McCormack","Saint Mary's (CA)",0.242,0.324,0.418,0.741,37,107,91,16,22,1,0,5,23,2,10,31,2,0
2021,"All Division I","Julia Noskin","Utah",0.277,0.385,0.304,0.689,53,178,148,27,41,2,1,0,14,2,24,13,10,2
2021,"All Division I","Julia Roman","Lafayette",0.2,0.246,0.287,0.533,22,123,115,6,23,4,0,2,6,2,5,32,2,2
2021,"All Division I","Julia Schneider","Penn",0.3,0.417,0.333,0.75,10,36,30,3,9,1,0,0,3,0,6,4,0,0
2021,"All Division I","Julia Valenzuela","Cal State Fullerton",0.396,0.409,0.612,1.021,51,151,139,30,55,11,2,5,34,0,6,16,5,0
2021,"All Division I","Juliana Shields","UMass",0.356,0.434,0.575,1.009,33,109,87,26,31,10,3,1,25,4,11,13,4,0
2021,"All Division I","Juliana Wilson","UCF",0.272,0.354,0.536,0.89,55,144,125,25,34,9,0,8,31,0,17,14,2,1
2021,"All Division I","Julie Phelps","Montana",0.25,0.333,0.323,0.656,46,115,96,13,24,7,0,0,10,1,11,14,1,2
2021,"All Division I","Julie Rawls","UL Lafayette",0.273,0.377,0.516,0.892,57,192,161,34,44,6,3,9,56,4,24,25,9,1
2021,"All Division I","Justice Milz","UL Lafayette",0.292,0.348,0.528,0.876,50,161,144,19,42,10,0,8,37,1,13,27,0,0
2021,"All Division I","Justine Federe","UNLV",0.323,0.419,0.646,1.065,34,118,99,24,32,5,0,9,28,0,17,19,1,0
2021,"All Division I","Justus Perry","Auburn",0.2,0.292,0.261,0.553,50,133,115,12,23,1,0,2,6,8,7,21,1,0
2021,"All Division I","K'Lea Parks","North Carolina Central",0.227,0.33,0.278,0.609,36,113,97,12,22,3,1,0,9,3,12,12,2,1
2021,"All Division I","Ka'ena Keliinoi","Hawaii",0.185,0.274,0.2,0.474,24,74,65,7,12,1,0,0,5,6,2,9,4,0
2021,"All Division I","Kaelene Walter","Iona",0.303,0.396,0.434,0.83,26,93,76,16,23,4,0,2,15,2,11,10,2,0
2021,"All Division I","Kai Barrett","Cal Poly",0.231,0.318,0.333,0.652,29,89,78,8,18,5,0,1,3,0,10,17,0,0
2021,"All Division I","Kailee Powell","Illinois",0.328,0.409,0.55,0.959,44,160,131,29,43,10,2,5,28,8,10,22,2,0
2021,"All Division I","Kailey Brown","Belmont",0.248,0.315,0.301,0.615,40,125,113,10,28,4,1,0,11,0,11,34,4,1
2021,"All Division I","Kailey McNeil","Western Carolina",0.312,0.412,0.567,0.979,53,171,141,26,44,9,0,9,36,3,23,25,3,0
2021,"All Division I","Kailey Wilson","Creighton",0.398,0.479,0.747,1.226,27,96,83,11,33,5,0,8,26,1,12,10,0,0
2021,"All Division I","Kaili Chval","Illinois State",0.336,0.459,0.397,0.856,41,151,116,22,39,5,1,0,17,6,23,20,4,3
2021,"All Division I","Kailyn Lorberter","Bucknell",0.226,0.273,0.274,0.547,23,69,62,7,14,1,1,0,4,2,2,13,0,0
2021,"All Division I","Kaitlin Hoffman","Fairfield",0.337,0.43,0.511,0.941,35,109,92,17,31,6,2,2,19,5,10,20,11,3
2021,"All Division I","Kaitlin Mattera","St. John's",0.354,0.402,0.519,0.921,26,87,79,8,28,4,0,3,13,3,4,7,1,0
2021,"All Division I","Kaitlin Parsons","Tennessee",0.289,0.413,0.289,0.703,46,93,76,23,22,0,0,0,5,2,14,21,15,2
2021,"All Division I","Kaitlin Paterson","Central Connecticut",0.388,0.504,0.602,1.106,38,129,98,32,38,6,0,5,22,3,23,11,2,0
2021,"All Division I","Kaitlyn Burke","Florida Atlantic",0.3,0.313,0.446,0.76,43,134,130,13,39,4,0,5,16,0,3,21,3,0
2021,"All Division I","Kaitlyn Jennings","Fresno State",0.338,0.467,0.545,1.011,49,182,145,52,49,9,6,3,21,22,13,10,34,5
2021,"All Division I","Kaitlyn Miller","Kent State",0.338,0.377,0.492,0.869,41,139,130,32,44,6,1,4,17,0,8,6,4,0
2021,"All Division I","Kaitlyn Morrison","Penn State",0.165,0.232,0.198,0.43,39,101,91,4,15,3,0,0,5,0,8,15,0,1
2021,"All Division I","Kaitlyn St. Clair","Northwestern State",0.3,0.4,0.45,0.85,45,153,120,23,36,6,0,4,17,0,20,9,0,1
2021,"All Division I","Kaitlyn Washington","Texas",0.308,0.363,0.474,0.837,45,147,133,26,41,7,0,5,21,4,8,15,2,0
2021,"All Division I","Kaity McInall","Niagara",0.224,0.286,0.293,0.579,23,65,58,10,13,2,1,0,3,1,4,11,0,1
2021,"All Division I","Kalei Sorensen","St. John's",0.23,0.313,0.284,0.597,29,84,74,7,17,1,0,1,12,5,4,16,1,0
2021,"All Division I","Kalena Burns","Iowa",0.238,0.261,0.39,0.652,39,112,105,12,25,4,0,4,20,0,4,21,1,0
2021,"All Division I","Kaley Anthony","Alabama State",0.28,0.306,0.495,0.802,40,115,107,15,30,8,0,5,23,0,4,20,5,0
2021,"All Division I","Kaley Coltrain","Marist",0.459,0.551,0.959,1.51,26,89,74,13,34,7,0,10,30,2,13,9,0,0
2021,"All Division I","Kalita Dennis","Howard",0.333,0.418,0.619,1.037,28,100,84,22,28,8,2,4,21,0,13,6,3,1
2021,"All Division I","Kallie Pickens","UT Martin",0.319,0.352,0.462,0.814,46,132,119,21,38,9,1,2,14,1,5,18,3,0
2021,"All Division I","Kamdyn Kvistad","South Alabama",0.256,0.336,0.56,0.896,46,143,125,20,32,8,0,10,27,1,15,40,0,0
2021,"All Division I","Kameri Mott","Southern",0.189,0.322,0.27,0.592,32,92,74,12,14,3,0,1,11,5,10,17,1,0
2021,"All Division I","Kamrie Rich","Lipscomb",0.292,0.341,0.407,0.749,36,124,113,9,33,5,1,2,15,0,9,14,0,0
2021,"All Division I","Kamryn Jackson","Duke",0.259,0.367,0.426,0.793,48,128,108,19,28,4,1,4,19,8,11,20,5,0
2021,"All Division I","Kamryn Shaffer","Northern Iowa",0.278,0.425,0.667,1.092,49,160,126,30,35,6,2,13,34,6,27,27,3,2
2021,"All Division I","Kara Apato","Northern Illinois",0.291,0.359,0.311,0.671,56,173,151,28,44,3,0,0,3,1,15,21,10,5
2021,"All Division I","Kara Canetto","Liberty",0.385,0.412,0.487,0.899,59,209,195,38,75,10,2,2,23,2,7,21,19,4
2021,"All Division I","Kara Paradowski","Canisius",0.374,0.425,0.415,0.84,36,138,123,31,46,1,2,0,20,0,11,14,40,1
2021,"All Division I","Kari Jacobson","Holy Cross",0.2,0.286,0.22,0.506,23,58,50,4,10,1,0,0,1,0,6,17,1,0
2021,"All Division I","Karina Somoza","UTEP",0.23,0.305,0.284,0.589,33,84,74,6,17,1,0,1,12,4,4,7,1,0
2021,"All Division I","Karissa Ornelas","UCF",0.299,0.39,0.455,0.845,50,160,134,11,40,6,0,5,20,1,21,15,1,0
2021,"All Division I","Karlee Johnson","Boise State",0.211,0.271,0.367,0.638,43,123,109,10,23,4,2,3,9,4,5,13,2,0
2021,"All Division I","Karli Hamilton","Texas Tech",0.294,0.379,0.532,0.911,44,148,126,23,37,5,2,7,35,0,18,27,5,1
2021,"All Division I","Karli Petty","Oklahoma State",0.292,0.386,0.514,0.9,60,173,144,31,42,6,1,8,32,6,18,32,1,1
2021,"All Division I","Karli Ricketts","Butler",0.22,0.346,0.541,0.887,39,132,109,14,24,7,2,8,27,2,19,36,1,0
2021,"All Division I","Karolina Flores","Delaware",0.356,0.443,0.778,1.221,33,106,90,20,32,9,1,9,26,3,12,13,1,0
2021,"All Division I","Karsen Mosley","Jacksonville State",0.29,0.342,0.448,0.79,45,163,145,19,42,4,2,5,25,8,5,18,10,2
2021,"All Division I","Karsen O'Rourke","Lehigh",0.295,0.337,0.347,0.684,33,108,95,12,28,5,0,0,15,1,6,10,5,1
2021,"All Division I","Kasey Flores","UTEP",0.284,0.406,0.557,0.962,35,107,88,20,25,3,0,7,20,0,18,21,1,0
2021,"All Division I","Kat Lane","Saint Louis",0.372,0.45,0.446,0.896,46,172,148,41,55,5,3,0,6,0,21,25,14,5
2021,"All Division I","Kat Marshall","Northwestern State",0.254,0.307,0.319,0.626,46,153,138,13,35,7,1,0,13,0,12,24,0,1
2021,"All Division I","Katariina Delph","Morgan State",0.189,0.202,0.253,0.455,39,104,95,11,18,4,1,0,11,0,2,19,8,0
2021,"All Division I","Kate Beckemeyer","Valparaiso",0.222,0.239,0.233,0.472,35,93,90,4,20,1,0,0,4,0,2,12,0,2
2021,"All Division I","Kate Gordon","James Madison",0.358,0.396,0.861,1.257,44,169,151,47,54,11,1,21,58,0,13,14,5,1
2021,"All Division I","Kate Polucha","DePaul",0.303,0.383,0.56,0.942,36,131,109,24,33,5,1,7,23,3,13,11,2,1
2021,"All Division I","Katelyn Belch","Abilene Christian",0.226,0.329,0.274,0.603,47,146,124,19,28,4,1,0,8,7,12,15,13,3
2021,"All Division I","Katelyn Kemmetmueller","Minnesota",0.281,0.393,0.496,0.889,40,149,121,25,34,3,1,7,18,4,19,18,5,1
2021,"All Division I","Katelyn Mangrello","California Baptist",0.289,0.301,0.444,0.746,44,148,135,10,39,9,0,4,23,1,4,10,0,0
2021,"All Division I","Katelyn Massa","Southern Illinois",0.254,0.402,0.403,0.805,50,169,134,14,34,2,0,6,30,1,33,21,0,0
2021,"All Division I","Katelyn Norris","Charleston Southern",0.226,0.323,0.262,0.585,27,98,84,20,19,1,1,0,5,0,12,12,6,0
2021,"All Division I","Katelyn Petty","Presbyterian",0.25,0.295,0.295,0.59,32,97,88,8,22,4,0,0,5,2,4,12,1,0
2021,"All Division I","Katelyn Whiting","Weber State",0.28,0.404,0.424,0.828,44,160,118,20,33,9,1,2,32,0,26,27,4,0
2021,"All Division I","Katherine Karnatz","Kansas City",0.28,0.343,0.341,0.684,54,208,182,28,51,5,3,0,18,6,12,17,5,1
2021,"All Division I","Kat Rodriguez","Quinnipiac",0.352,0.396,0.484,0.879,36,135,122,24,43,8,1,2,18,4,6,6,1,0
2021,"All Division I","Kathryn Jackson","Samford",0.177,0.255,0.281,0.536,36,109,96,3,17,4,0,2,4,3,7,26,0,0
2021,"All Division I","Kati Ray Brown","Houston",0.25,0.377,0.5,0.877,50,146,120,19,30,5,2,7,21,9,16,34,0,0
2021,"All Division I","Katie Adams","Marshall",0.352,0.422,0.582,1.004,31,102,91,12,32,9,0,4,24,2,9,4,1,0
2021,"All Division I","Katie Falotico","Albany",0.246,0.317,0.469,0.786,40,145,130,31,32,6,1,7,31,7,7,20,5,1
2021,"All Division I","Katie Faulk","Utah",0.202,0.293,0.33,0.623,48,127,109,5,22,2,0,4,12,1,13,42,0,0
2021,"All Division I","Katie Goldberg","Virginia",0.256,0.32,0.442,0.762,48,173,156,21,40,9,1,6,27,1,14,18,5,0
2021,"All Division I","Katie Greep","Kennesaw State",0.274,0.305,0.398,0.703,43,122,113,12,31,6,1,2,9,1,4,16,5,1
2021,"All Division I","Katie Harrington","Monmouth",0.385,0.471,0.442,0.913,34,124,104,32,40,4,1,0,11,3,14,19,3,4
2021,"All Division I","Katie Hinkle","Long Island",0.378,0.413,0.459,0.873,36,110,98,26,37,6,1,0,11,0,6,4,13,0
2021,"All Division I","Katie Keller","Northern Illinois",0.422,0.536,0.721,1.257,56,195,154,39,65,23,1,7,36,4,35,15,10,5
2021,"All Division I","Katie Lacefield","Indiana",0.146,0.213,0.268,0.482,42,92,82,8,12,3,2,1,4,2,5,18,2,0
2021,"All Division I","Katie Lively","Troy",0.303,0.376,0.521,0.898,52,188,165,31,50,11,2,7,37,6,14,35,0,0
2021,"All Division I","Katie Marino","Notre Dame",0.289,0.373,0.511,0.885,48,165,135,32,39,10,1,6,37,4,16,16,8,2
2021,"All Division I","Katie Mclean","Evansville",0.258,0.416,0.416,0.832,36,118,89,16,23,5,0,3,18,1,23,26,2,0
2021,"All Division I","Katie O'Leary","Brown",0.286,0.286,0.571,0.857,2,7,7,1,2,0,1,0,2,0,0,0,1,0
2021,"All Division I","Katie Polaski","Loyola Chicago",0.153,0.197,0.208,0.406,32,78,72,6,11,2,1,0,0,2,2,18,4,1
2021,"All Division I","Katie Reeg","Dayton",0.29,0.309,0.419,0.729,38,103,93,21,27,6,0,2,13,1,2,15,3,1
2021,"All Division I","Katie Sciglimpaglia","Saint Peter's",0.292,0.313,0.385,0.699,30,102,96,12,28,3,0,2,10,1,2,12,2,0
2021,"All Division I","Katie Webb","Troy",0.376,0.454,0.582,1.036,54,199,170,39,64,17,0,6,36,3,22,22,5,2
2021,"All Division I","Katie Yun","Ohio",0.352,0.439,0.655,1.094,47,171,145,31,51,9,1,11,32,2,22,11,13,0
2021,"All Division I","Katy Schaefer","Tarleton State",0.298,0.367,0.503,0.87,51,169,151,15,45,7,0,8,35,3,14,7,0,0
2021,"All Division I","Kayla Bowen","New Mexico State",0.315,0.358,0.586,0.944,53,178,162,34,51,16,2,8,39,1,11,27,3,2
2021,"All Division I","Kayla Fielder","Utah State",0.235,0.239,0.261,0.5,39,118,115,14,27,1,1,0,11,0,1,17,3,1
2021,"All Division I","Kayla Green","Arkansas",0.226,0.339,0.503,0.842,54,188,155,21,35,7,0,12,32,4,24,28,0,1
2021,"All Division I","Kayla Gutierrez","College of Charleston",0.198,0.252,0.208,0.461,38,104,96,11,19,1,0,0,3,0,7,13,7,0
2021,"All Division I","Kayla Jensen","Quinnipiac",0.257,0.382,0.327,0.71,36,138,113,17,29,5,0,1,8,0,23,20,8,0
2021,"All Division I","Kayla Keeling","Abilene Christian",0.216,0.321,0.423,0.744,39,112,97,8,21,2,0,6,15,6,9,28,0,1
2021,"All Division I","Kayla Kowalik","Kentucky",0.495,0.554,0.787,1.341,59,233,202,77,100,11,6,12,37,1,27,18,23,4
2021,"All Division I","Kayla Lane","Pittsburgh",0.217,0.321,0.417,0.738,39,136,115,16,25,5,0,6,20,7,11,34,1,0
2021,"All Division I","Kayla McGory","North Florida",0.256,0.372,0.416,0.788,44,152,125,25,32,6,1,4,14,1,22,9,18,1
2021,"All Division I","Kayla Owens","Jackson State",0.247,0.391,0.438,0.829,34,111,89,10,22,8,0,3,18,7,14,23,1,0
2021,"All Division I","Kayla Rosado","Coastal Carolina",0.351,0.463,0.595,1.058,45,160,131,18,46,8,0,8,29,5,23,10,0,0
2021,"All Division I","Kayla Sanchez","Mississippi Valley",0.136,0.269,0.182,0.451,19,53,44,3,6,2,0,0,7,0,8,4,0,0
2021,"All Division I","Kayla Wedl","Illinois-Chicago",0.417,0.477,0.834,1.311,52,197,175,61,73,15,8,14,51,2,19,10,30,1
2021,"All Division I","Kayla Whitehead","Florida International",0.314,0.374,0.492,0.866,40,134,118,17,37,10,4,1,19,0,12,15,4,1
2021,"All Division I","Kaylee Anderson","Southeast Missouri",0.311,0.377,0.652,1.029,47,151,135,32,42,4,0,14,35,6,9,17,3,0
2021,"All Division I","Kaylee Butterworth","Idaho State",0.232,0.274,0.232,0.506,31,74,69,15,16,0,0,0,2,0,4,16,1,1
2021,"All Division I","Kaylee Dietrich","Grand Canyon",0.176,0.25,0.306,0.556,41,123,108,12,19,2,0,4,12,1,10,14,0,0
2021,"All Division I","Kaylee Huecker","Wichita State",0.279,0.341,0.467,0.808,50,142,122,23,34,5,0,6,23,0,12,32,1,0
2021,"All Division I","Kaylee Lopez","McNeese",0.409,0.48,0.497,0.976,56,175,149,15,61,13,0,0,22,2,19,18,4,0
2021,"All Division I","Kaylee Piven","LaSalle",0.171,0.203,0.289,0.492,30,80,76,6,13,4,1,1,7,1,2,10,2,0
2021,"All Division I","Kaylee Stoner","Mount St. Mary's",0.302,0.368,0.419,0.787,40,144,129,26,39,7,1,2,13,0,14,13,10,3
2021,"All Division I","Kaylee Tow","Alabama",0.362,0.427,0.574,1.002,61,213,188,41,68,14,1,8,51,1,22,30,5,1
2021,"All Division I","Kayleigh Willis","UNC Greensboro",0.327,0.474,0.738,1.213,42,137,107,22,35,8,0,12,40,9,21,22,0,0
2021,"All Division I","Kaylen Glenfield","Western Michigan",0.296,0.312,0.396,0.709,50,182,169,25,50,13,2,0,21,1,3,16,2,2
2021,"All Division I","Kayli Mothershed","Tennessee State",0.226,0.32,0.396,0.716,42,122,106,6,24,4,1,4,12,0,15,40,0,0
2021,"All Division I","Kaylyn Shepherd","Central Arkansas",0.281,0.441,0.486,0.927,56,196,146,25,41,5,2,7,40,15,30,23,2,0
2021,"All Division I","KB Sides","Alabama",0.312,0.405,0.406,0.811,48,163,138,33,43,11,1,0,20,2,21,18,12,2
2021,"All Division I","Keeler van Breusegen","Bradley",0.22,0.293,0.232,0.525,35,93,82,8,18,1,0,0,4,0,9,16,1,0
2021,"All Division I","Keeli Bobbitt","Jacksonville State",0.223,0.336,0.255,0.592,39,114,94,19,21,3,0,0,3,0,16,16,12,0
2021,"All Division I","Keely Clark","Maine",0.36,0.4,0.453,0.853,28,83,75,4,27,7,0,0,8,0,5,5,0,0
2021,"All Division I","Keely Dubois","Northwestern State",0.323,0.408,0.414,0.822,40,121,99,8,32,3,0,2,23,3,14,18,0,0
2021,"All Division I","Kelbi Fortenberry","Texas A&M",0.234,0.299,0.274,0.573,49,141,124,20,29,3,1,0,11,1,11,21,11,4
2021,"All Division I","Kelby Drews","Maine",0.256,0.347,0.535,0.882,31,98,86,10,22,3,0,7,17,0,12,15,3,0
2021,"All Division I","Kelci Bodin","Southeastern Louisiana",0.228,0.358,0.293,0.651,50,155,123,26,28,3,1,1,12,5,20,39,18,2
2021,"All Division I","Kelci Hill","Middle Tennessee",0.366,0.393,0.497,0.89,47,177,153,27,56,8,3,2,21,1,9,13,3,1
2021,"All Division I","Kelley Lynch","Washington",0.271,0.375,0.458,0.833,59,191,155,27,42,9,1,6,32,2,25,26,1,0
2021,"All Division I","Kelli Godin","UCLA",0.342,0.381,0.414,0.796,52,119,111,21,38,3,1,1,6,0,7,24,15,3
2021,"All Division I","Kelly Barkevich","Albany",0.315,0.367,0.573,0.939,42,139,124,29,39,5,0,9,22,3,9,24,2,0
2021,"All Division I","Kelly Dovi","Merrimack",0.138,0.206,0.19,0.396,22,65,58,2,8,1,1,0,8,3,2,9,3,0
2021,"All Division I","Kelly Horne","Troy",0.369,0.495,0.651,1.146,54,192,149,31,55,18,0,8,48,7,32,18,1,0
2021,"All Division I","Kelly Metter","Missouri State",0.265,0.354,0.388,0.742,39,117,98,9,26,3,0,3,14,1,13,24,3,0
2021,"All Division I","Kelly Ryono","Illinois",0.27,0.331,0.383,0.713,44,129,115,21,31,8,1,1,14,6,5,23,7,0
2021,"All Division I","Kelly Walinski","Northern Illinois",0.289,0.362,0.406,0.769,44,149,128,20,37,15,0,0,30,4,13,17,1,2
2021,"All Division I","Kelly Warren","East Tennessee State",0.244,0.292,0.256,0.547,28,97,90,8,22,1,0,0,5,1,5,12,13,0
2021,"All Division I","Kelsey Alexander","Central Michigan",0.272,0.321,0.44,0.761,47,139,125,24,34,7,1,4,21,2,8,32,1,1
2021,"All Division I","Kelsey Bennett","Virginia Tech",0.314,0.374,0.654,1.028,52,171,153,25,48,7,3,13,42,3,13,21,0,0
2021,"All Division I","Kelsey Etling","Saint Louis",0.262,0.322,0.447,0.768,38,115,103,8,27,4,0,5,26,3,7,23,0,0
2021,"All Division I","Kelsey Giddens","UL Monroe",0.19,0.306,0.298,0.604,40,106,84,21,16,2,2,1,8,3,11,19,2,1
2021,"All Division I","Kelsey Gray","Austin Peay",0.224,0.339,0.235,0.574,43,118,98,20,22,1,0,0,5,1,16,19,5,2
2021,"All Division I","Kelsey Gross","Austin Peay",0.281,0.359,0.484,0.843,43,145,128,17,36,7,2,5,41,2,14,12,0,0
2021,"All Division I","Kelsey Harrigan","Niagara",0.352,0.463,0.545,1.008,30,111,88,23,31,6,1,3,8,3,16,12,8,0
2021,"All Division I","Kelsey Lalor","Boise State",0.281,0.331,0.547,0.878,45,152,139,24,39,5,4,8,19,1,10,36,5,1
2021,"All Division I","Kelsey Lenox","South Dakota State",0.324,0.4,0.634,1.034,50,160,142,25,46,11,0,11,48,1,17,31,0,0
2021,"All Division I","Kelsey Marigliano","Rider",0.298,0.393,0.38,0.773,37,142,121,28,36,8,1,0,8,4,15,4,1,1
2021,"All Division I","Kelsey Miller","Nicholls",0.264,0.283,0.273,0.556,37,118,110,19,29,1,0,0,2,0,3,18,5,0
2021,"All Division I","Kelsie Whitmore","Cal State Fullerton",0.392,0.503,0.817,1.32,51,152,120,45,47,13,1,12,35,6,21,17,7,1
2021,"All Division I","Kendall Curtis","Montana",0.303,0.385,0.387,0.772,46,139,119,24,36,4,0,2,14,8,8,13,3,1
2021,"All Division I","Kendall Lee","Memphis",0.286,0.345,0.452,0.798,46,141,126,18,36,6,0,5,26,2,10,26,3,0
2021,"All Division I","Kendall McGary","Incarnate Word",0.256,0.345,0.36,0.705,40,143,125,17,32,5,1,2,9,4,13,19,1,3
2021,"All Division I","Kendall Smith","Western Kentucky",0.268,0.359,0.423,0.782,47,168,142,28,38,7,0,5,23,4,18,28,2,1
2021,"All Division I","Kendra Allen","UMass",0.341,0.535,0.489,1.024,33,127,88,24,30,3,2,2,22,7,31,23,3,0
2021,"All Division I","Kendyl McKeough","Northern Kentucky",0.308,0.411,0.558,0.969,38,125,104,11,32,5,0,7,26,0,19,16,1,0
2021,"All Division I","Kendyl Weinzapfel","Austin Peay",0.226,0.281,0.264,0.545,36,119,106,18,24,4,0,0,5,0,8,11,4,0
2021,"All Division I","Kendyll Bailey","Missouri",0.276,0.385,0.485,0.87,59,164,134,20,37,7,0,7,21,1,24,24,0,0
2021,"All Division I","Kenedee Jamerson","Cal State Northridge",0.239,0.37,0.313,0.684,26,81,67,5,16,5,0,0,9,4,10,8,0,0
2021,"All Division I","Kennadie Goth","Kent State",0.389,0.419,0.42,0.84,50,177,157,30,61,3,1,0,10,0,9,8,2,0
2021,"All Division I","Kennedy Cronan","South Alabama",0.234,0.335,0.411,0.747,50,167,141,11,33,13,0,4,33,0,23,38,0,0
2021,"All Division I","Kennedy Hebert","Nicholls",0.302,0.357,0.405,0.762,40,130,116,17,35,8,2,0,19,1,10,24,6,0
2021,"All Division I","Kennedy Page","UL Monroe",0.196,0.261,0.275,0.536,42,119,102,10,20,5,0,1,8,2,7,29,2,0
2021,"All Division I","Kennedy Sullivan","Western Kentucky",0.346,0.406,0.68,1.086,45,172,153,32,53,9,0,14,49,0,16,18,0,1
2021,"All Division I","Kennedy Wynn","Ball State",0.248,0.326,0.504,0.83,47,139,121,29,30,8,1,7,29,1,14,19,2,2
2021,"All Division I","Kenyamari Jones","Florida A&M",0.275,0.448,0.314,0.761,24,69,51,7,14,0,1,0,5,2,14,11,2,2
2021,"All Division I","Kenzi Goins","Nevada",0.276,0.366,0.483,0.848,38,134,116,19,32,9,0,5,19,0,17,33,0,0
2021,"All Division I","Kenzi Maguire","South Carolina",0.427,0.55,0.613,1.163,52,193,150,55,64,13,3,3,38,24,17,17,5,1
2021,"All Division I","Kenzie Yamakoshi","Santa Clara",0.229,0.257,0.314,0.571,28,76,70,5,16,6,0,0,4,0,3,16,0,0
2021,"All Division I","Keri White","Appalachian State",0.247,0.302,0.357,0.659,46,173,154,30,38,5,0,4,18,1,12,20,11,2
2021,"All Division I","Kiana Cisneros","Long Island",0.423,0.458,0.586,1.044,35,121,111,22,47,11,2,1,27,1,7,10,4,0
2021,"All Division I","Kiana Tate","Seton Hall",0.296,0.4,0.346,0.746,30,96,81,14,24,4,0,0,5,2,12,24,8,1
2021,"All Division I","Kiara Mills","Creighton",0.274,0.391,0.575,0.966,27,88,73,12,20,4,0,6,14,3,11,19,0,0
2021,"All Division I","Kiersten Licea","North Carolina",0.284,0.405,0.5,0.905,38,113,88,11,25,4,0,5,24,10,10,28,0,1
2021,"All Division I","Kiersten Withstandley","Rutgers",0.225,0.355,0.265,0.62,43,126,102,8,23,2,1,0,13,8,13,20,5,1
2021,"All Division I","Kiki Milloy","Tennessee",0.36,0.451,0.652,1.103,57,194,164,50,59,3,3,13,36,8,20,27,37,3
2021,"All Division I","Kiley Kross","Presbyterian",0.266,0.314,0.519,0.833,30,88,79,9,21,5,0,5,11,0,6,12,0,0
2021,"All Division I","Kiley Naomi","Oklahoma State",0.341,0.44,0.642,1.082,59,221,176,59,60,9,1,14,37,7,28,34,15,3
2021,"All Division I","Kim Howard","Central Connecticut",0.229,0.293,0.448,0.741,38,120,105,14,24,8,0,5,24,3,7,20,1,0
2021,"All Division I","Kindall DeRamus","Alabama State",0.263,0.305,0.331,0.636,45,144,133,21,35,3,3,0,20,2,6,22,20,2
2021,"All Division I","Kindell Brooks","UTSA",0.206,0.25,0.309,0.559,44,144,136,16,28,2,0,4,12,0,8,30,0,0
2021,"All Division I","Kindra Hackbarth","Arizona State",0.327,0.425,0.621,1.046,48,181,153,46,50,9,3,10,29,3,24,26,17,2
2021,"All Division I","Kinsley Washington","UCLA",0.329,0.404,0.471,0.875,50,161,140,29,46,11,0,3,32,3,16,37,16,1
2021,"All Division I","Kinzie Hansen","Oklahoma",0.438,0.495,0.893,1.388,60,200,178,54,78,9,0,24,64,2,19,7,0,0
2021,"All Division I","Kira Ferraiolo","Sacred Heart",0.186,0.3,0.36,0.66,33,101,86,9,16,3,0,4,16,1,13,22,0,0
2021,"All Division I","Kira Mickelson","Northern Illinois",0.184,0.274,0.316,0.591,47,113,98,11,18,4,0,3,14,5,8,18,4,3
2021,"All Division I","Kiri Parker","Alcorn State",0.167,0.282,0.333,0.615,24,78,66,6,11,2,0,3,13,1,10,16,0,0
2021,"All Division I","Kirstin Cox","Saint Joseph's",0.426,0.458,0.485,0.944,40,146,136,37,58,2,3,0,13,0,8,16,18,3
2021,"All Division I","Kirya Kingery","Morehead State",0.27,0.388,0.333,0.721,40,137,111,25,30,3,2,0,12,11,11,19,22,3
2021,"All Division I","Kiya Thomas","Coastal Carolina",0.38,0.425,0.57,0.995,45,176,158,33,60,16,1,4,29,1,13,10,14,4
2021,"All Division I","KJ Murphy","UT Arlington",0.395,0.469,0.592,1.061,51,178,152,28,60,12,0,6,31,0,22,17,6,2
2021,"All Division I","Kloe Hilbrenner","Kansas City",0.354,0.398,0.5,0.898,55,208,192,41,68,8,1,6,17,4,10,9,45,5
2021,"All Division I","Korie Kreps","UL Monroe",0.321,0.458,0.536,0.993,49,180,140,28,45,12,3,4,16,3,33,17,7,3
2021,"All Division I","Korie Thomas","UC Santa Barbara",0.237,0.318,0.342,0.66,35,86,76,8,18,2,3,0,6,4,5,26,1,2
2021,"All Division I","Kourtney Gremillion","Charlotte",0.294,0.37,0.515,0.885,50,185,163,16,48,12,3,6,43,6,14,7,0,0
2021,"All Division I","Kristi DiMeo","Drexel",0.429,0.503,0.77,1.273,41,151,126,28,54,10,0,11,53,1,21,9,0,0
2021,"All Division I","Kristi Stevenson","Saint Louis",0.246,0.307,0.286,0.592,45,140,126,12,31,5,0,0,11,2,9,27,3,1
2021,"All Division I","Kristin Fifield","Grand Canyon",0.34,0.37,0.562,0.932,49,163,153,29,52,5,4,7,33,0,8,23,3,3
2021,"All Division I","Kristin Giery","Boston College",0.242,0.315,0.434,0.75,41,113,99,11,24,7,0,4,20,0,11,17,0,0
2021,"All Division I","Kristin Hallam","Hofstra",0.387,0.434,0.459,0.894,32,124,111,26,43,4,2,0,11,6,4,10,28,6
2021,"All Division I","Kristina Burkhardt","North Carolina",0.333,0.407,0.55,0.957,40,142,120,26,40,8,3,4,20,1,16,13,13,5
2021,"All Division I","Kristina Day","UMass",0.299,0.402,0.391,0.793,30,109,87,21,26,5,0,1,11,5,10,15,3,1
2021,"All Division I","Kristina Foreman","Duke",0.286,0.373,0.597,0.97,56,180,154,44,44,10,1,12,42,8,14,23,10,2
2021,"All Division I","Kristina Inouye","Stanford",0.228,0.284,0.272,0.556,42,104,92,4,21,4,0,0,10,0,8,15,0,0
2021,"All Division I","Kristýna Malá","Robert Morris",0.224,0.291,0.336,0.627,34,118,107,24,24,3,0,3,10,2,8,22,0,0
2021,"All Division I","Kya Enos","Maine",0.256,0.33,0.311,0.641,30,103,90,14,23,1,2,0,1,2,8,20,12,2
2021,"All Division I","Kyla Hardy","Utah Valley",0.275,0.31,0.503,0.813,51,160,149,21,41,13,0,7,34,0,8,28,1,0
2021,"All Division I","Kyla Reeves","South Carolina State",0.232,0.269,0.326,0.596,31,104,95,10,22,4,1,1,9,2,4,26,1,2
2021,"All Division I","Kylee Harvey","Sacred Heart",0.217,0.363,0.25,0.613,33,113,92,18,20,3,0,0,5,3,18,10,1,0
2021,"All Division I","Kylie Becker","Montana",0.329,0.4,0.41,0.81,48,183,161,39,53,5,1,2,16,11,8,18,4,1
2021,"All Division I","Kylie Neel","Louisiana Tech",0.282,0.331,0.402,0.732,44,129,117,14,33,8,0,2,11,4,5,24,2,0
2021,"All Division I","Kylie Toler","East Tennessee State",0.25,0.378,0.467,0.846,33,112,92,12,23,8,0,4,16,2,17,19,0,0
2021,"All Division I","Kyndal Kutac","Sam Houston State",0.252,0.333,0.405,0.738,47,150,131,15,33,8,0,4,31,11,5,16,3,1
2021,"All Division I","Kyndall Crawford","Lipscomb",0.258,0.321,0.34,0.661,34,107,97,7,25,6,1,0,9,5,4,16,2,0
2021,"All Division I","Kyndall Williams","USF",0.26,0.302,0.427,0.73,47,144,131,13,34,10,0,4,22,2,6,22,1,0
2021,"All Division I","Kyndell Ethridge","Fort Wayne",0.277,0.333,0.506,0.839,31,91,83,14,23,5,1,4,8,1,6,13,2,1
2021,"All Division I","Kyra Klarkowski","UCF",0.317,0.405,0.406,0.811,52,125,101,18,32,6,0,1,10,2,15,20,6,1
2021,"All Division I","Lacey Fincher","Georgia",0.343,0.511,0.729,1.239,56,188,140,34,48,9,0,15,37,6,42,24,0,0
2021,"All Division I","Lacey Olaff","Fairfield",0.309,0.385,0.479,0.864,35,110,94,12,29,8,1,2,19,1,12,11,1,1
2021,"All Division I","Lailoni Mayfield","Syracuse",0.222,0.331,0.293,0.623,39,120,99,10,22,4,0,1,11,2,15,18,3,0
2021,"All Division I","Lani Moreno","Rider",0.415,0.451,0.574,1.025,31,102,94,9,39,9,0,2,22,1,6,7,0,0
2021,"All Division I","Lani Rodriguez","Middle Tennessee",0.217,0.299,0.275,0.574,45,144,120,9,26,5,1,0,11,2,13,10,0,0
2021,"All Division I","Laura Anderson","Drake",0.225,0.34,0.3,0.64,37,98,80,8,18,3,0,1,11,1,13,21,1,0
2021,"All Division I","Laurel Devoe","Akron",0.218,0.367,0.42,0.787,49,151,119,14,26,6,0,6,26,8,21,46,2,1
2021,"All Division I","Laurel McKelvey","Penn",0.333,0.368,0.389,0.757,8,19,18,1,6,1,0,0,2,1,0,2,0,0
2021,"All Division I","Lauren Begg","LaSalle",0.228,0.29,0.228,0.518,26,63,57,7,13,0,0,0,1,1,4,9,2,1
2021,"All Division I","Lauren Eamiguel","South Dakota",0.275,0.329,0.392,0.721,51,170,153,26,42,10,1,2,19,3,10,19,6,1
2021,"All Division I","Lauren Esman","Michigan",0.304,0.354,0.402,0.756,38,101,92,13,28,4,1,1,10,0,7,28,3,1
2021,"All Division I","Lauren Espalin","California",0.314,0.398,0.442,0.84,33,101,86,12,27,5,0,2,8,3,9,16,1,1
2021,"All Division I","Lauren Farias","Tennessee State",0.164,0.238,0.205,0.443,36,82,73,8,12,0,0,1,2,0,7,28,5,0
2021,"All Division I","Lauren Fey","Butler",0.433,0.524,0.575,1.099,39,145,120,24,52,6,4,1,17,0,23,7,13,4
2021,"All Division I","Lauren Foster","Wisconsin",0.267,0.383,0.448,0.83,40,132,105,14,28,9,2,2,14,1,20,31,3,0
2021,"All Division I","Lauren Griffith","Oakland",0.414,0.459,0.621,1.079,43,157,145,22,60,9,0,7,35,4,8,7,1,0
2021,"All Division I","Lauren Gutierrez","Nevada",0.352,0.432,0.56,0.992,40,146,125,22,44,7,2,5,42,11,8,17,1,0
2021,"All Division I","Lauren Hendrickson","San Diego",0.227,0.265,0.268,0.533,35,103,97,4,22,4,0,0,4,3,2,17,1,0
2021,"All Division I","Lauren Hoe","Weber State",0.33,0.414,0.678,1.092,42,134,115,25,38,10,0,10,30,2,15,22,0,0
2021,"All Division I","Lauren Johnson","Kentucky",0.344,0.41,0.444,0.855,59,216,189,40,65,11,4,0,42,2,20,22,12,4
2021,"All Division I","Lauren Kehlenbrink","Valparaiso",0.149,0.19,0.216,0.406,32,80,74,3,11,2,0,1,5,1,3,16,0,0
2021,"All Division I","Lauren King","Winthrop",0.19,0.303,0.281,0.584,45,147,121,19,23,2,0,3,21,3,18,26,5,0
2021,"All Division I","Lauren Murphy","Princeton",0.25,0.625,0.25,0.875,3,8,4,0,1,0,0,0,0,0,4,1,0,0
2021,"All Division I","Lauren Nunez","Providence",0.164,0.239,0.23,0.468,21,67,61,5,10,4,0,0,2,5,1,13,1,2
2021,"All Division I","Lauren Parks","Southern",0.316,0.345,0.395,0.739,35,119,114,22,36,3,3,0,9,1,4,19,15,5
2021,"All Division I","Lauren Rende","Manhattan",0.253,0.299,0.384,0.683,33,107,99,12,25,8,1,1,9,0,7,19,5,0
2021,"All Division I","Lauren Ringhiser","Towson",0.333,0.458,0.487,0.946,31,97,78,16,26,5,2,1,13,1,17,9,4,0
2021,"All Division I","Lauren Taylor","Longwood",0.239,0.351,0.458,0.809,54,169,142,27,34,8,1,7,26,2,23,48,17,4
2021,"All Division I","Lauren Tycksen","UNLV",0.304,0.365,0.322,0.687,40,130,115,24,35,2,0,0,1,0,11,15,18,3
2021,"All Division I","Lauren Veltri","Belmont",0.23,0.294,0.301,0.595,40,127,113,13,26,5,0,1,18,2,9,33,2,0
2021,"All Division I","Lauren Wilmert","New Mexico",0.108,0.207,0.147,0.354,40,116,102,8,11,1,0,1,5,2,11,39,0,0
2021,"All Division I","Lauren Wobken","South Dakota",0.259,0.3,0.354,0.654,51,171,158,24,41,8,2,1,29,0,10,27,5,1
2021,"All Division I","Lauryn Barker","UNLV",0.222,0.276,0.407,0.683,40,90,81,11,18,4,1,3,7,1,5,20,0,0
2021,"All Division I","Lauryn Garewal","UC Riverside",0.257,0.342,0.297,0.639,33,117,101,11,26,4,0,0,4,3,10,9,10,1
2021,"All Division I","Layna Johnson","Presbyterian",0.216,0.31,0.405,0.715,31,84,74,13,16,6,1,2,7,1,9,22,3,0
2021,"All Division I","Leah Munson","Toledo",0.314,0.372,0.401,0.773,46,156,137,25,43,6,0,2,23,3,12,28,1,2
2021,"All Division I","Leah Polson","UC Davis",0.274,0.361,0.395,0.756,43,148,124,8,34,8,2,1,16,3,15,13,2,0
2021,"All Division I","Leah Powell","Longwood",0.24,0.377,0.337,0.713,49,137,104,20,25,2,1,2,7,12,12,37,13,4
2021,"All Division I","Leea Hanks","Notre Dame",0.314,0.331,0.49,0.821,48,157,153,26,48,2,5,5,27,1,3,23,11,0
2021,"All Division I","Leila Hurst","Army",0.224,0.281,0.293,0.574,26,64,58,4,13,2,1,0,3,3,2,6,0,0
2021,"All Division I","Lewa Day","Sacramento State",0.315,0.441,0.739,1.18,42,137,111,30,35,5,0,14,33,3,22,27,5,1
2021,"All Division I","Lexi Burkhardt","Omaha",0.293,0.364,0.455,0.82,47,145,123,14,36,6,1,4,17,0,15,11,1,1
2021,"All Division I","Lexi Cushing","Middle Tennessee",0.255,0.335,0.443,0.778,48,171,149,14,38,10,0,6,31,0,19,17,0,0
2021,"All Division I","Lexi Jones","Murray State",0.142,0.171,0.199,0.37,50,147,141,4,20,5,0,1,13,1,4,28,0,1
2021,"All Division I","Lexi King","SIUE",0.299,0.321,0.449,0.77,39,138,127,17,38,7,3,2,25,0,5,10,3,3
2021,"All Division I","Lexi Orozco","Utah State",0.261,0.344,0.53,0.874,44,151,134,21,35,6,0,10,27,0,17,32,0,1
2021,"All Division I","Lexi Osowski","Austin Peay",0.425,0.472,0.622,1.094,40,142,127,35,54,10,0,5,26,4,9,5,2,0
2021,"All Division I","Lexi Palazzo","Presbyterian",0.242,0.277,0.387,0.664,27,66,62,1,15,6,0,1,7,0,3,10,0,0
2021,"All Division I","Lexi Smalarz","Fort Wayne",0.185,0.241,0.284,0.525,34,88,81,10,15,5,0,1,4,1,5,13,3,0
2021,"All Division I","Lexi Solorzano","Kennesaw State",0.331,0.459,0.552,1.01,54,183,145,19,48,8,0,8,30,3,32,10,2,0
2021,"All Division I","Lexie Blair","Michigan",0.394,0.444,0.619,1.064,46,172,155,42,61,15,1,6,25,3,12,7,12,1
2021,"All Division I","Lexie Harper","North Alabama",0.263,0.36,0.263,0.622,36,117,99,14,26,0,0,0,4,5,10,13,17,1
2021,"All Division I","Lexie Siwek","Indiana State",0.397,0.437,0.476,0.913,42,138,126,16,50,5,1,1,16,1,8,8,7,2
2021,"All Division I","Lia Lombardini","Kansas City",0.299,0.42,0.481,0.9,55,193,154,32,46,11,1,5,40,6,29,35,6,1
2021,"All Division I","Libby Ryan","Drake",0.368,0.49,0.576,1.066,43,156,125,35,46,11,0,5,20,4,26,25,11,1
2021,"All Division I","Lili Bowen","East Tennessee State",0.216,0.262,0.402,0.664,32,103,97,7,21,3,0,5,16,3,3,16,0,0
2021,"All Division I","Lilia Crouthamel","Penn State",0.152,0.175,0.192,0.367,38,105,99,8,15,1,0,1,10,0,3,27,9,0
2021,"All Division I","Lilly Bishop","Grand Canyon",0.281,0.338,0.422,0.76,48,149,135,13,38,4,0,5,24,5,7,17,0,0
2021,"All Division I","Lily Amos","Cal Poly",0.338,0.447,0.577,1.025,31,85,71,6,24,8,0,3,13,3,11,13,1,0
2021,"All Division I","Lily Fischer","Murray State",0.268,0.351,0.431,0.782,50,176,153,24,41,11,1,4,17,14,6,24,1,1
2021,"All Division I","Lily Potter","Norfolk State",0.235,0.34,0.284,0.624,30,96,81,17,19,4,0,0,7,3,10,5,7,2
2021,"All Division I","Lily Sencer","Hartford",0.184,0.216,0.204,0.42,19,52,49,3,9,1,0,0,2,0,2,11,4,0
2021,"All Division I","Lily Wilmot","Miami (OH)",0.276,0.394,0.514,0.908,47,127,105,22,29,7,0,6,29,3,18,27,1,0
2021,"All Division I","Linda Rush","Drexel",0.479,0.592,0.957,1.549,40,152,117,51,56,9,1,15,51,4,30,18,5,0
2021,"All Division I","Lindsay Perillo","Western Carolina",0.221,0.253,0.289,0.542,51,164,149,20,33,4,0,2,14,2,5,14,5,2
2021,"All Division I","Lindsay Renneisen","Evansville",0.229,0.348,0.39,0.737,45,142,118,21,27,4,0,5,18,1,21,56,4,1
2021,"All Division I","Lindsey Baron","Monmouth",0.289,0.369,0.465,0.834,34,130,114,31,33,8,0,4,20,4,11,10,5,0
2021,"All Division I","Lindsey Carroll","Murray State",0.191,0.273,0.243,0.515,51,161,136,15,26,4,0,1,15,3,13,34,7,0
2021,"All Division I","Lindsey Culver","South Dakota State",0.294,0.392,0.627,1.019,47,148,126,32,37,4,4,10,28,3,18,22,4,0
2021,"All Division I","Lindsey Garcia","Auburn",0.236,0.303,0.349,0.652,45,121,106,16,25,3,0,3,15,3,8,18,5,0
2021,"All Division I","Lindsey Osmer","Stony Brook",0.265,0.292,0.296,0.588,33,107,98,8,26,3,0,0,15,1,4,19,2,1
2021,"All Division I","Lindsey Rizzo","Southeastern Louisiana",0.346,0.422,0.377,0.8,51,190,159,32,55,5,0,0,10,0,21,24,30,2
2021,"All Division I","Lindsey Stewart","Houston",0.325,0.381,0.488,0.868,50,180,160,28,52,7,2,5,25,1,14,33,7,3
2021,"All Division I","Lindsey Walljasper","Charlotte",0.24,0.333,0.38,0.713,47,150,129,15,31,7,1,3,18,6,13,11,1,1
2021,"All Division I","Lindsi Dennis","Canisius",0.278,0.417,0.433,0.85,34,122,97,11,27,12,0,1,18,9,14,12,0,1
2021,"All Division I","Linnah Rebolledo","Utah Valley",0.342,0.405,0.602,1.008,52,186,161,46,55,8,5,8,43,0,20,15,1,1
2021,"All Division I","Linnie Malkin","Arkansas",0.265,0.352,0.612,0.964,54,193,170,30,45,5,0,18,45,5,18,38,0,0
2021,"All Division I","Lizzie Shubert","Stetson",0.32,0.427,0.621,1.049,34,124,103,16,33,8,1,7,25,11,9,21,0,0
2021,"All Division I","Logan Bjorson","UNC Wilmington",0.214,0.26,0.276,0.535,35,105,98,9,21,3,0,1,12,1,5,10,0,0
2021,"All Division I","Logan Braundmeier","Murray State",0.277,0.344,0.428,0.772,51,183,166,32,46,5,1,6,22,2,15,18,19,0
2021,"All Division I","Logan Calhoun","Troy",0.282,0.331,0.331,0.662,54,157,142,36,40,5,1,0,14,0,11,24,10,2
2021,"All Division I","Logan Jackson","North Florida",0.227,0.277,0.319,0.596,44,131,119,8,27,5,0,2,13,2,7,9,2,1
2021,"All Division I","Logan Morris","NC State",0.338,0.434,0.608,1.042,48,159,130,29,44,5,0,10,45,3,22,13,4,0
2021,"All Division I","Logan Newton","James Madison",0.356,0.453,0.629,1.082,45,159,132,29,47,7,1,9,36,0,25,13,1,0
2021,"All Division I","Logan Schaben","Iowa State",0.183,0.261,0.299,0.56,57,188,164,16,30,4,0,5,18,6,12,43,6,1
2021,"All Division I","Logyn Estes","East Carolina",0.252,0.346,0.43,0.776,49,158,135,17,34,7,1,5,18,1,19,33,4,1
2021,"All Division I","LoLo Sanchez","Pittsburgh",0.225,0.255,0.294,0.549,45,109,102,11,23,3,2,0,7,0,4,18,3,1
2021,"All Division I","Lou Allan","Michigan",0.39,0.447,0.688,1.134,45,160,141,21,55,9,0,11,45,3,13,14,0,0
2021,"All Division I","Lou Gilbert","Baylor",0.325,0.414,0.536,0.95,50,178,151,35,49,13,2,5,20,2,21,18,18,2
2021,"All Division I","Lucy Mead","Bradley",0.294,0.333,0.376,0.709,41,117,109,26,32,1,1,2,9,2,5,32,13,0
2021,"All Division I","Lynnsie Elam","Oklahoma",0.346,0.399,0.677,1.076,55,144,127,39,44,4,1,12,45,5,8,11,2,0
2021,"All Division I","Lynsey Meeks","James Madison",0.283,0.473,0.462,0.935,45,150,106,24,30,2,1,5,28,0,40,19,3,0
2021,"All Division I","Lynsey Tucker","Omaha",0.293,0.358,0.309,0.667,48,138,123,23,36,2,0,0,7,0,13,17,9,3
2021,"All Division I","Macey Moore","Toledo",0.268,0.298,0.375,0.673,40,125,112,18,30,3,0,3,25,0,6,16,3,1
2021,"All Division I","Maci Fines","UC Santa Barbara",0.312,0.339,0.358,0.697,36,118,109,13,34,3,1,0,16,1,5,11,3,1
2021,"All Division I","Mack Leonard","Illinois State",0.425,0.532,0.756,1.288,41,156,127,36,54,8,2,10,38,3,26,15,3,0
2021,"All Division I","Mackense Greico","Furman",0.362,0.436,0.662,1.098,47,149,130,14,47,12,0,9,36,0,18,32,0,1
2021,"All Division I","Mackenzie Bennett","Stephen F. Austin",0.358,0.444,0.532,0.977,43,128,109,8,39,10,0,3,25,9,8,12,0,1
2021,"All Division I","Mackenzie Beyer","Coastal Carolina",0.32,0.44,0.689,1.129,41,127,103,21,33,5,0,11,29,5,17,23,1,0
2021,"All Division I","Mackenzie Boesel","South Carolina",0.416,0.531,0.636,1.168,52,194,154,47,64,16,0,6,37,3,35,15,8,0
2021,"All Division I","Mackenzie Brasher","South Alabama",0.357,0.392,0.379,0.77,51,154,140,27,50,3,0,0,4,2,6,20,8,2
2021,"All Division I","Mackenzie Donihoo","Oklahoma",0.438,0.527,0.762,1.289,52,129,105,43,46,7,0,9,45,2,20,23,7,0
2021,"All Division I","Mackenzie Griman","Butler",0.235,0.29,0.322,0.612,39,124,115,9,27,4,0,2,11,4,5,30,4,0
2021,"All Division I","Mackenzie Lawter","Virginia Tech",0.195,0.391,0.356,0.748,43,116,87,23,17,5,0,3,11,4,24,18,1,0
2021,"All Division I","Mackenzie Meyer","Princeton",0.222,0.222,0.333,0.556,3,10,9,1,2,1,0,0,1,0,0,0,0,0
2021,"All Division I","Mackenzie Moore","Miami (OH)",0.339,0.415,0.558,0.972,56,189,165,35,56,15,3,5,44,3,19,18,7,0
2021,"All Division I","MacKenzie Peterson","Tarleton State",0.202,0.331,0.367,0.698,47,133,109,14,22,3,0,5,19,5,16,25,0,0
2021,"All Division I","Mackenzie Swinehart","Western Michigan",0.393,0.466,0.607,1.073,52,199,168,44,66,9,0,9,20,9,15,17,1,3
2021,"All Division I","Macy Johnson","Drake",0.444,0.497,0.582,1.079,46,171,153,42,68,10,4,1,16,1,15,12,29,6
2021,"All Division I","Macy McCall","Winthrop",0.362,0.486,0.47,0.956,50,185,149,43,54,5,1,3,17,4,32,24,46,4
2021,"All Division I","Macy Omli","Kansas",0.265,0.346,0.327,0.674,47,136,113,13,30,5,1,0,11,2,12,20,2,0
2021,"All Division I","Maddi Hackbarth","Arizona State",0.387,0.472,0.92,1.392,48,164,137,34,53,13,0,20,58,1,23,24,1,0
2021,"All Division I","Maddi Long","UT Martin",0.294,0.318,0.451,0.769,40,110,102,10,30,7,0,3,17,0,4,12,0,0
2021,"All Division I","Maddi Lusk","Youngstown State",0.274,0.344,0.39,0.735,51,188,164,37,45,4,0,5,23,5,13,11,5,0
2021,"All Division I","Maddie Amos","Cal Poly",0.325,0.349,0.533,0.883,35,127,120,24,39,8,1,5,23,0,5,18,0,0
2021,"All Division I","Maddie Boldt","Incarnate Word",0.265,0.343,0.504,0.848,40,134,117,21,31,7,0,7,18,1,14,34,1,1
2021,"All Division I","Maddie Bowlds","Western Kentucky",0.287,0.324,0.353,0.677,45,150,136,16,39,9,0,0,10,1,7,15,4,1
2021,"All Division I","Maddie Daigneau","UMBC",0.353,0.355,0.462,0.818,35,122,119,32,42,5,4,0,6,0,1,5,18,3
2021,"All Division I","Maddie Moore","Butler",0.193,0.25,0.217,0.467,30,95,83,9,16,2,0,0,11,5,2,8,5,0
2021,"All Division I","Maddie Morgan","Alabama",0.254,0.329,0.321,0.65,56,156,134,6,34,6,0,1,23,3,13,13,1,0
2021,"All Division I","Maddie Schmidt","UNLV",0.346,0.41,0.392,0.802,40,145,130,36,45,2,2,0,6,0,14,19,16,1
2021,"All Division I","Maddie Spinks","Illinois-Chicago",0.209,0.316,0.243,0.559,49,134,115,13,24,2,1,0,15,7,11,25,1,1
2021,"All Division I","Maddy Little","LaSalle",0.23,0.28,0.241,0.521,30,93,87,6,20,1,0,0,2,0,6,22,2,0
2021,"All Division I","Maddy Newman","Louisville",0.232,0.28,0.254,0.534,48,150,138,22,32,3,0,0,9,1,9,24,2,0
2021,"All Division I","Maddy Vermejan","Southern Illinois",0.304,0.539,0.489,1.028,53,207,135,53,41,5,1,6,28,30,40,37,27,5
2021,"All Division I","Madeline Domingo","Pacific",0.308,0.333,0.338,0.672,24,70,65,4,20,2,0,0,5,0,3,5,0,0
2021,"All Division I","Madeline Swart","Fort Wayne",0.344,0.391,0.533,0.924,38,135,122,28,42,9,1,4,20,1,9,20,3,0
2021,"All Division I","Madeline Vejvoda","Creighton",0.242,0.346,0.394,0.74,27,82,66,13,16,4,0,2,9,0,11,10,0,0
2021,"All Division I","Madi Gilmore","Army",0.224,0.28,0.25,0.53,27,82,76,5,17,2,0,0,5,1,5,10,0,2
2021,"All Division I","Madi McCoy","Bowling Green",0.38,0.423,0.696,1.119,50,175,158,30,60,15,1,11,43,0,14,17,2,1
2021,"All Division I","Madi Moore","North Dakota",0.26,0.319,0.382,0.701,43,136,123,14,32,9,0,2,5,0,11,44,9,1
2021,"All Division I","Madi Mulder","Northern Kentucky",0.287,0.325,0.389,0.713,38,122,108,11,31,5,3,0,13,2,4,27,1,0
2021,"All Division I","Madie Aughinbaugh","Fordham",0.313,0.4,0.492,0.892,40,151,128,31,40,7,2,4,26,2,18,10,14,0
2021,"All Division I","Madisen Blackford","Southeastern Louisiana",0.259,0.392,0.31,0.702,43,146,116,21,30,3,0,1,21,6,20,22,7,3
2021,"All Division I","Madison Blair","Longwood",0.243,0.37,0.306,0.677,46,137,111,6,27,4,0,1,11,6,17,27,0,1
2021,"All Division I","Madison Canady","Radford",0.281,0.358,0.451,0.809,49,174,153,25,43,11,0,5,36,1,18,19,5,0
2021,"All Division I","Madison Cathcart","Seattle",0.261,0.428,0.449,0.877,50,180,138,19,36,8,0,6,26,8,33,21,0,0
2021,"All Division I","Madison Ebeling","Loyola Chicago",0.302,0.426,0.422,0.848,42,145,116,27,35,3,1,3,13,4,21,22,19,5
2021,"All Division I","Madison Emerson","Fairleigh Dickinson",0.388,0.447,0.66,1.108,32,115,103,23,40,10,0,6,26,1,10,5,2,1
2021,"All Division I","Madison Fife","Saint Joseph's",0.27,0.378,0.48,0.858,40,119,100,12,27,4,1,5,20,2,16,17,0,0
2021,"All Division I","Madison Hamilton","Princeton",0.125,0.125,0.25,0.375,3,10,8,1,1,1,0,0,1,0,0,0,0,0
2021,"All Division I","Madison Hirsch","Kansas",0.232,0.342,0.376,0.718,44,147,125,23,29,3,0,5,17,4,17,26,5,0
2021,"All Division I","Madison Hunsaker","Missouri State",0.263,0.363,0.412,0.775,42,139,114,17,30,6,1,3,21,3,16,25,1,0
2021,"All Division I","Madison Jones","Oakland",0.417,0.481,0.736,1.218,43,162,144,54,60,13,6,7,24,7,11,9,15,1
2021,"All Division I","Madison Kahwaty","Pacific",0.31,0.406,0.379,0.785,29,102,87,20,27,1,1,1,11,10,4,6,12,1
2021,"All Division I","Madison Koger","Charleston Southern",0.259,0.359,0.353,0.712,31,104,85,8,22,2,0,2,9,0,15,11,1,0
2021,"All Division I","Madison Lanoux","USC Upstate",0.257,0.323,0.343,0.665,46,161,140,24,36,7,1,1,19,1,13,15,7,0
2021,"All Division I","Madison Miller","UT Arlington",0.228,0.304,0.356,0.66,42,116,101,12,23,1,0,4,19,4,7,27,0,0
2021,"All Division I","Madison Naujokas","James Madison",0.308,0.395,0.492,0.887,45,156,130,33,40,8,2,4,28,5,15,13,26,1
2021,"All Division I","Madison Parks","Northern Iowa",0.29,0.458,0.44,0.898,43,131,100,33,29,9,0,2,15,1,30,23,1,0
2021,"All Division I","Madison Pederson","North Dakota",0.243,0.288,0.338,0.626,46,147,136,5,33,7,0,2,17,1,8,32,0,0
2021,"All Division I","Madison Perrigan","Wichita State",0.297,0.386,0.75,1.136,55,202,172,46,51,9,3,21,57,2,25,28,1,0
2021,"All Division I","Madison Petrella","Albany",0.32,0.396,0.578,0.974,41,144,128,27,41,9,0,8,39,2,14,21,1,0
2021,"All Division I","Madison Riggle","Robert Morris",0.238,0.331,0.475,0.806,40,139,122,17,29,6,1,7,21,4,13,29,0,0
2021,"All Division I","Madison Robicheau","Fairfield",0.286,0.369,0.306,0.675,35,118,98,20,28,2,0,0,9,3,10,12,6,0
2021,"All Division I","Madison Stewart","St. Bonaventure",0.161,0.246,0.258,0.504,24,71,62,4,10,3,0,1,2,0,7,23,0,0
2021,"All Division I","Madison Via","Liberty",0.257,0.359,0.382,0.741,57,173,144,30,37,8,2,2,21,4,19,24,6,2
2021,"All Division I","Madison Washington","UTSA",0.24,0.363,0.479,0.842,42,146,121,15,29,2,0,9,27,1,23,41,0,0
2021,"All Division I","Madison Webber","Tennessee",0.273,0.369,0.345,0.715,51,131,110,14,30,8,0,0,18,1,17,8,4,0
2021,"All Division I","Madison Whitaker","Marshall",0.176,0.263,0.314,0.577,26,57,51,6,9,4,0,1,6,2,4,6,0,0
2021,"All Division I","Madisyn Kennedy","Mississippi State",0.206,0.297,0.382,0.679,52,152,131,15,27,5,0,6,24,7,10,27,0,0
2021,"All Division I","Mady Young","Northern Colorado",0.367,0.417,0.675,1.092,39,136,120,32,44,13,3,6,28,2,9,5,6,2
2021,"All Division I","Madyson Camacho","North Dakota State",0.333,0.372,0.38,0.752,40,140,129,20,43,1,1,1,7,0,8,12,8,2
2021,"All Division I","Madyson Watson","Winthrop",0.266,0.354,0.446,0.8,49,161,139,17,37,4,0,7,21,10,10,20,0,0
2021,"All Division I","Maegan Garrison","North Carolina Central",0.157,0.202,0.253,0.455,35,92,83,6,13,3,1,1,6,1,4,28,1,1
2021,"All Division I","Maeve Nelson","Northwestern",0.262,0.325,0.482,0.807,46,160,141,21,37,10,3,5,27,2,12,35,2,0
2021,"All Division I","Maggie Finnegan","Penn State",0.18,0.223,0.202,0.426,35,97,89,7,16,2,0,0,5,2,3,18,5,0
2021,"All Division I","Maggie Kane","Mount St. Mary's",0.212,0.305,0.26,0.565,39,122,104,13,22,3,1,0,10,8,6,20,1,1
2021,"All Division I","Maggie Vesneske","Niagara",0.35,0.417,0.43,0.847,30,118,100,25,35,3,1,1,20,0,13,8,9,0
2021,"All Division I","Maica Ingles","Illinois-Chicago",0.242,0.359,0.288,0.647,52,161,132,31,32,2,2,0,18,4,20,15,7,3
2021,"All Division I","Maicey Bedrick","IUPUI",0.188,0.207,0.339,0.546,37,119,112,20,21,8,0,3,14,1,2,27,5,1
2021,"All Division I","Maighread Scafariello","Sacred Heart",0.225,0.33,0.275,0.605,34,95,80,5,18,1,0,1,8,2,11,25,1,1
2021,"All Division I","Mailee Newman","Idaho State",0.333,0.407,0.41,0.817,30,91,78,10,26,3,0,1,9,7,4,7,0,0
2021,"All Division I","Makall Whetten","Southern Utah",0.262,0.425,0.546,0.972,50,182,141,36,37,10,0,10,27,20,20,50,5,0
2021,"All Division I","Makayla Alvarez","Binghamton",0.35,0.403,0.6,1.003,21,67,60,14,21,6,0,3,11,1,5,13,4,1
2021,"All Division I","Makayla Hurst","Louisville",0.292,0.331,0.546,0.877,43,139,130,10,38,6,0,9,25,0,8,23,0,0
2021,"All Division I","Makayla Jordan","California Baptist",0.25,0.357,0.361,0.718,52,172,144,24,36,10,0,2,23,3,21,47,0,0
2021,"All Division I","Makena Smith","California",0.327,0.409,0.573,0.982,37,129,110,22,36,3,0,8,23,1,15,11,1,1
2021,"All Division I","Makenna Dowell","Auburn",0.292,0.381,0.354,0.735,51,170,144,10,42,3,0,2,19,2,20,12,7,1
2021,"All Division I","MaKenna Harper","Arizona State",0.342,0.444,0.625,1.069,48,145,120,31,41,4,0,10,34,3,20,24,0,0
2021,"All Division I","Makenna Matthijs","UNC Greensboro",0.353,0.418,0.659,1.077,51,196,173,44,61,12,1,13,43,0,21,16,1,0
2021,"All Division I","MaKenna Partain","Minnesota",0.322,0.443,0.566,1.01,44,176,143,35,46,5,3,8,21,7,25,16,0,0
2021,"All Division I","Makenzie Buss","Jacksonville",0.24,0.342,0.38,0.722,47,152,129,23,31,9,0,3,13,10,10,38,5,2
2021,"All Division I","Makenzie Macfarlane","Utah State",0.214,0.298,0.291,0.588,40,132,117,5,25,3,0,2,11,1,13,10,0,0
2021,"All Division I","Malea Dickerson","Alcorn State",0.243,0.361,0.3,0.661,27,91,70,6,17,4,0,0,0,2,11,12,0,0
2021,"All Division I","Malea Rodriguez","Texas Southern",0.25,0.327,0.323,0.65,37,116,96,6,24,3,2,0,0,0,12,10,1,1
2021,"All Division I","Malia Martinez","Arizona",0.307,0.361,0.582,0.943,55,170,153,28,47,6,0,12,39,2,12,32,0,0
2021,"All Division I","Mallory Peyton","Kentucky",0.302,0.376,0.644,1.02,50,174,149,27,45,15,0,12,50,9,11,28,3,0
2021,"All Division I","Mara Sczecienski","Hartford",0.204,0.241,0.286,0.526,18,55,49,8,10,1,0,1,6,1,2,15,0,1
2021,"All Division I","Maranda Gutierrez","DePaul",0.255,0.373,0.387,0.76,36,129,106,20,27,3,1,3,15,8,12,22,3,2
2021,"All Division I","Maranda Jimenez","Albany",0.32,0.369,0.505,0.874,34,111,103,13,33,4,0,5,20,2,6,12,1,0
2021,"All Division I","Maria Moccio","UMass Lowell",0.202,0.272,0.277,0.548,31,103,94,6,19,1,0,2,10,0,9,16,0,0
2021,"All Division I","Mariah Godde","Mount St. Mary's",0.255,0.318,0.327,0.644,38,115,98,15,25,2,1,1,9,2,7,19,5,0
2021,"All Division I","Mariah Mazon","Oregon State",0.288,0.358,0.452,0.81,46,163,146,26,42,7,1,5,23,3,13,27,0,0
2021,"All Division I","Mariah Pearson","Maine",0.179,0.236,0.328,0.564,27,72,67,6,12,4,0,2,8,1,4,19,0,0
2021,"All Division I","Mariah Rodriguez","Ohio State",0.358,0.377,0.5,0.877,43,145,134,22,48,6,2,3,11,0,4,8,6,1
2021,"All Division I","Marika Deemer","Manhattan",0.283,0.323,0.337,0.66,32,99,92,4,26,2,0,1,15,1,5,13,0,0
2021,"All Division I","Marina Sylvestri","Boston University",0.317,0.463,0.397,0.86,38,86,63,6,20,5,0,0,15,6,12,4,2,0
2021,"All Division I","Maris Boelens","Southern Illinois",0.301,0.357,0.333,0.69,51,179,156,25,47,3,1,0,12,4,10,20,5,0
2021,"All Division I","Marisa Arriaga","Stephen F. Austin",0.282,0.315,0.33,0.645,38,111,103,11,29,5,0,0,15,1,4,16,2,1
2021,"All Division I","Marisa Mauroshadt","Tennessee State",0.171,0.194,0.219,0.413,38,110,105,6,18,3,1,0,6,1,2,26,1,0
2021,"All Division I","Marisa Soterakis","USC Upstate",0.292,0.46,0.349,0.809,46,142,106,20,31,6,0,0,15,18,15,17,14,1
2021,"All Division I","Marissa Braito","Binghamton",0.291,0.365,0.364,0.729,20,65,55,7,16,0,2,0,3,0,7,8,5,1
2021,"All Division I","Marissa Bruno","Portland State",0.396,0.432,0.537,0.969,41,162,149,24,59,4,4,3,24,1,10,10,19,2
2021,"All Division I","Marissa Burk","UC Riverside",0.271,0.333,0.406,0.74,33,111,96,12,26,4,0,3,10,3,6,13,1,1
2021,"All Division I","Marissa Guimbarda","Clemson",0.309,0.411,0.669,1.08,48,163,136,21,42,10,0,13,42,5,20,28,0,0
2021,"All Division I","Marissa Jauregui","UC Davis",0.254,0.327,0.336,0.662,43,151,134,17,34,7,2,0,11,1,14,10,4,1
2021,"All Division I","Marissa Rizzi","St. John's",0.402,0.5,0.707,1.207,30,102,82,29,33,12,2,3,14,8,10,9,13,1
2021,"All Division I","Maritza Diaz","Siena",0.363,0.414,0.418,0.832,32,99,91,10,33,2,0,1,14,0,8,6,1,0
2021,"All Division I","Mariyah Sandoval","Southern",0.337,0.461,0.442,0.903,37,116,86,12,29,6,0,1,22,7,17,13,1,2
2021,"All Division I","Martha Epenesa","BYU",0.316,0.443,0.553,0.995,47,143,114,19,36,6,0,7,29,6,20,16,3,0
2021,"All Division I","Mary Iakopo","Texas",0.322,0.403,0.685,1.088,56,178,149,34,48,6,0,16,45,6,17,22,2,0
2021,"All Division I","Mary Kate Brown","Central Arkansas",0.386,0.444,0.554,0.998,56,191,166,36,64,15,2,3,34,0,19,32,14,1
2021,"All Division I","Mary Pierce Barnes","Appalachian State",0.263,0.322,0.338,0.66,46,148,133,20,35,7,0,1,15,0,12,11,2,0
2021,"All Division I","Mason Basdikis","Longwood",0.227,0.313,0.262,0.575,53,166,141,25,32,5,0,0,20,3,16,34,29,0
2021,"All Division I","Matalasi Faapito","New Mexico State",0.399,0.477,0.786,1.263,55,199,168,31,67,14,0,17,37,1,27,21,2,1
2021,"All Division I","Maya Brady","UCLA",0.333,0.435,0.696,1.131,49,161,135,32,45,7,0,14,38,6,19,33,6,1
2021,"All Division I","Maya Martinez","New Mexico State",0.266,0.358,0.59,0.948,48,159,139,26,37,12,0,11,34,5,15,42,0,0
2021,"All Division I","Maya Nakamura","Hawaii",0.299,0.386,0.448,0.834,31,101,87,15,26,7,0,2,16,2,11,14,4,2
2021,"All Division I","Maycin Brown","UNC Greensboro",0.352,0.435,0.722,1.158,40,126,108,32,38,10,0,10,31,2,14,21,0,0
2021,"All Division I","Maygen McGrath","Montana",0.41,0.47,0.727,1.197,49,185,161,42,66,12,0,13,44,6,15,10,0,1
2021,"All Division I","Mazie Macfarlane","Utah State",0.23,0.347,0.287,0.634,43,144,122,15,28,7,0,0,4,5,17,19,0,2
2021,"All Division I","McKenna Batterton","FGCU",0.324,0.416,0.407,0.823,37,125,108,16,35,3,3,0,11,7,10,9,2,0
2021,"All Division I","McKenna Tjaden","Montana",0.268,0.318,0.407,0.725,42,132,123,8,33,5,0,4,22,0,9,22,0,1
2021,"All Division I","McKenzie Parker","Texas",0.367,0.486,0.642,1.128,50,149,120,42,44,9,0,8,25,1,27,25,8,0
2021,"All Division I","Meg Dugas","Central Connecticut",0.227,0.284,0.392,0.676,35,110,97,13,22,4,0,4,16,1,8,29,0,0
2021,"All Division I","Meg Gorman","Central Connecticut",0.165,0.274,0.253,0.526,36,108,91,10,15,5,0,1,9,4,10,34,2,1
2021,"All Division I","Meggie Otte","Ohio State",0.25,0.289,0.379,0.667,43,150,140,19,35,6,0,4,28,1,7,26,5,3
2021,"All Division I","Megan Burton","Eastern Illinois",0.32,0.369,0.745,1.114,46,169,153,45,49,8,0,19,47,2,11,16,17,3
2021,"All Division I","Megan Dedrick","Loyola Marymount",0.252,0.376,0.369,0.745,41,133,111,14,28,5,1,2,15,3,19,19,5,1
2021,"All Division I","Megan Delgadillo","Cal State Fullerton",0.34,0.409,0.4,0.809,47,171,150,41,51,5,2,0,14,4,15,21,31,6
2021,"All Division I","Megan Donahue","Wisconsin",0.287,0.352,0.496,0.847,40,133,115,13,33,4,1,6,25,3,9,27,1,1
2021,"All Division I","Megan Forbes","Fairfield",0.348,0.385,0.496,0.881,35,123,115,24,40,10,2,1,16,1,6,25,5,2
2021,"All Division I","Megan Fortner","Jacksonville State",0.225,0.293,0.397,0.691,49,168,151,21,34,5,0,7,16,3,12,14,1,0
2021,"All Division I","Megan Grant","Elon",0.323,0.468,0.396,0.864,39,124,96,26,31,2,1,1,16,6,21,15,0,0
2021,"All Division I","Megan McDonald","Sam Houston State",0.278,0.331,0.304,0.635,50,175,158,21,44,2,1,0,14,1,13,12,5,1
2021,"All Division I","Megan Pierro","USF",0.25,0.41,0.326,0.736,44,126,92,15,23,2,1,1,15,3,24,16,18,1
2021,"All Division I","Megan Trivelpiece","Drexel",0.291,0.416,0.379,0.795,40,125,103,10,30,6,0,1,22,0,22,7,1,0
2021,"All Division I","Megan Turner","Kent State",0.336,0.404,0.565,0.969,42,146,131,17,44,6,0,8,41,2,13,30,0,1
2021,"All Division I","Meghan Dempsey","UMBC",0.25,0.358,0.294,0.652,33,81,68,9,17,1,1,0,5,0,12,17,1,0
2021,"All Division I","Meghan Giordano","Hofstra",0.267,0.402,0.456,0.857,32,113,90,14,24,5,0,4,24,2,19,9,3,1
2021,"All Division I","Meghan Gormley","Brown",0,0.333,0,0.333,2,6,4,0,0,0,0,0,0,1,1,0,0,0
2021,"All Division I","Meghan Graham","George Mason",0.267,0.36,0.333,0.694,31,90,75,10,20,3,1,0,7,1,10,26,4,1
2021,"All Division I","Meikel Turner","Morgan State",0.261,0.289,0.326,0.615,36,101,92,14,24,4,1,0,12,0,4,11,5,0
2021,"All Division I","Mekhi Mayfield","Samford",0.216,0.255,0.351,0.605,41,102,97,12,21,1,0,4,12,0,5,23,1,0
2021,"All Division I","Mekhia Freeman","Georgia Southern",0.301,0.349,0.382,0.732,43,151,136,24,41,4,2,1,20,2,8,16,3,0
2021,"All Division I","Melise Gossen","Nicholls",0.233,0.274,0.353,0.628,40,125,116,8,27,5,0,3,16,2,5,9,1,0
2021,"All Division I","Melissa Fedorka","Lehigh",0.167,0.247,0.167,0.413,29,78,66,4,11,0,0,0,7,1,6,9,0,0
2021,"All Division I","Melissa Mayeux","UL Lafayette",0.234,0.325,0.43,0.755,45,129,107,22,25,3,3,4,26,3,13,10,7,4
2021,"All Division I","Melissa Rahrich","Stony Brook",0.389,0.506,0.635,1.141,43,158,126,25,49,10,0,7,32,13,18,4,1,0
2021,"All Division I","Melkayla Irvis","Florida A&M",0.256,0.337,0.385,0.722,27,89,78,16,20,6,2,0,7,3,7,15,9,2
2021,"All Division I","Meredith Ferguson","Gardner-Webb",0.167,0.277,0.25,0.527,29,83,72,2,12,0,0,2,6,1,10,13,0,0
2021,"All Division I","Meredith Keel","South Alabama",0.365,0.386,0.432,0.818,52,160,148,21,54,8,1,0,13,1,4,13,5,1
2021,"All Division I","Merritt Cahoon","Samford",0.247,0.351,0.296,0.647,34,96,81,5,20,4,0,0,10,0,13,7,0,0
2021,"All Division I","Mia Davidson","Mississippi State",0.311,0.426,0.672,1.098,60,216,177,42,55,11,1,17,42,7,30,30,1,0
2021,"All Division I","Mia Davis","Eastern Illinois",0.312,0.395,0.5,0.895,46,157,138,22,43,8,0,6,21,5,14,15,1,1
2021,"All Division I","Mia Guevarra","Colgate",0.301,0.323,0.43,0.753,32,97,93,4,28,9,0,1,13,1,2,6,0,0
2021,"All Division I","Mia Recenello","LaSalle",0.172,0.197,0.266,0.463,28,66,64,2,11,6,0,0,3,0,2,12,0,1
2021,"All Division I","Mia Trejo","UNLV",0.3,0.408,0.54,0.948,37,125,100,15,30,3,0,7,28,5,16,13,0,0
2021,"All Division I","Micah Arps","SIUE",0.279,0.313,0.279,0.591,39,113,104,21,29,0,0,0,7,2,4,24,18,1
2021,"All Division I","Micayla Rood","Mercer",0.333,0.397,0.356,0.753,45,156,135,29,45,3,0,0,12,1,14,13,15,1
2021,"All Division I","Michaela Carter","Fordham",0.352,0.404,0.432,0.836,46,136,125,32,44,4,3,0,18,2,9,14,8,0
2021,"All Division I","Michaela Richbourg","Oklahoma State",0.248,0.324,0.421,0.745,49,137,121,18,30,9,0,4,14,4,10,20,0,0
2021,"All Division I","Michelle Sullivan","James Madison",0.235,0.382,0.388,0.77,45,126,98,27,23,2,2,3,17,6,18,26,3,1
2021,"All Division I","Mikaela Pechar","Creighton",0.218,0.377,0.382,0.759,24,73,55,3,12,3,0,2,5,5,9,13,0,0
2021,"All Division I","Mikayla Allee","Ole Miss",0.191,0.43,0.226,0.656,56,165,115,21,22,4,0,0,15,24,25,19,1,0
2021,"All Division I","Mikayla Coelho","California",0.337,0.421,0.446,0.866,32,107,92,13,31,7,0,1,7,1,13,17,1,0
2021,"All Division I","Mikayla Ramos","Iowa State",0.365,0.455,0.674,1.129,57,211,178,39,65,14,1,13,57,2,29,23,2,2
2021,"All Division I","Mikayla Rubin","Fairfield",0.25,0.319,0.404,0.723,36,123,104,11,26,4,0,4,20,2,9,12,0,1
2021,"All Division I","Mikelle Magalogo","Southern Utah",0.181,0.339,0.34,0.679,40,120,94,18,17,4,1,3,16,8,15,37,0,0
2021,"All Division I","Mikenzie Vaughn","Ohio",0.309,0.371,0.626,0.997,46,160,139,26,43,11,0,11,39,2,14,13,2,0
2021,"All Division I","Miranda Gonzalez","South Carolina State",0.133,0.163,0.147,0.309,30,83,75,3,10,1,0,0,6,1,2,16,1,0
2021,"All Division I","Miranda Lopez","Eastern Kentucky",0.205,0.228,0.254,0.482,49,129,122,13,25,6,0,0,11,0,4,18,0,0
2021,"All Division I","Miranda Rohleder","Fresno State",0.313,0.373,0.485,0.858,49,152,134,29,42,6,4,3,28,1,13,24,12,0
2021,"All Division I","Miranda Stoddard","Kentucky",0.207,0.321,0.415,0.736,55,164,135,25,28,4,0,8,26,2,21,28,2,0
2021,"All Division I","Missy Nunes","Oregon State",0.281,0.382,0.531,0.913,46,153,128,25,36,5,0,9,24,11,11,21,2,0
2021,"All Division I","Molly Grumbo","Loyola Marymount",0.256,0.327,0.331,0.657,43,152,133,19,34,7,0,1,11,2,12,15,12,1
2021,"All Division I","Molly Kapala","Saint Joseph's",0.343,0.413,0.597,1.01,42,155,134,38,46,8,4,6,45,5,13,10,3,1
2021,"All Division I","Molly McGarry","Providence",0.119,0.302,0.238,0.54,21,54,42,4,5,2,0,1,5,0,11,6,0,0
2021,"All Division I","Monica Serrano","Jackson State",0.27,0.343,0.315,0.658,30,103,89,16,24,2,1,0,16,6,5,12,3,0
2021,"All Division I","Montana Davidson","Mississippi State",0.252,0.308,0.358,0.667,58,174,159,23,40,6,1,3,21,0,13,30,4,0
2021,"All Division I","Montana Dixon","Stanford",0.192,0.281,0.283,0.565,54,140,120,8,23,5,0,2,11,7,8,21,0,0
2021,"All Division I","Morgan Adams","Grambling",0.275,0.422,0.51,0.932,25,64,51,6,14,1,1,3,6,6,7,10,4,0
2021,"All Division I","Morgan Altman","Canisius",0.306,0.403,0.509,0.912,36,129,108,24,33,11,1,3,24,0,19,15,13,2
2021,"All Division I","Morgan Batesole","Pittsburgh",0.25,0.338,0.439,0.777,46,153,132,20,33,7,3,4,15,5,13,38,8,1
2021,"All Division I","Morgan Bihun","Green Bay",0.315,0.437,0.593,1.03,42,137,108,22,34,3,0,9,25,9,16,24,0,0
2021,"All Division I","Morgan Cummins","LSU",0.186,0.277,0.351,0.627,43,114,97,9,18,1,0,5,15,7,6,18,0,0
2021,"All Division I","Morgan Farrah","Colgate",0.337,0.384,0.615,0.999,32,113,104,14,35,8,0,7,26,3,5,9,0,0
2021,"All Division I","Morgan Gaither","Alabama State",0.198,0.248,0.297,0.545,40,109,101,19,20,7,0,1,13,2,5,20,2,1
2021,"All Division I","Morgan Gardner","Central Michigan",0.331,0.36,0.46,0.82,46,157,139,27,46,6,0,4,19,0,8,15,1,1
2021,"All Division I","Morgan Hess","Idaho State",0.296,0.367,0.388,0.755,32,109,98,14,29,6,0,1,7,1,10,18,1,0
2021,"All Division I","Morgan Lewis","Eastern Illinois",0.36,0.385,0.4,0.785,37,131,125,21,45,5,0,0,11,0,5,14,23,3
2021,"All Division I","Morgan Lott","Miami (OH)",0.275,0.347,0.303,0.65,44,121,109,25,30,3,0,0,16,3,9,12,4,0
2021,"All Division I","Morgan Mateja","Dayton",0.195,0.222,0.221,0.443,36,81,77,10,15,0,1,0,7,0,3,7,4,0
2021,"All Division I","Morgan Maziarz","Monmouth",0.273,0.364,0.338,0.701,31,90,77,17,21,2,0,1,8,3,8,17,4,1
2021,"All Division I","Morgan Newport","Northwestern",0.299,0.378,0.597,0.975,46,165,144,24,43,7,3,10,39,5,14,33,0,0
2021,"All Division I","Morgan Olynyk","Lafayette",0.291,0.333,0.345,0.679,22,60,55,6,16,3,0,0,3,2,2,9,1,0
2021,"All Division I","Morgan Petty","Albany",0.295,0.357,0.604,0.961,42,154,139,30,41,5,7,8,30,5,9,19,10,1
2021,"All Division I","Morgan Rios","Campbell",0.193,0.309,0.325,0.635,41,99,83,6,16,3,1,2,8,3,11,26,0,0
2021,"All Division I","Morgan Smith","Texas A&M",0.267,0.398,0.41,0.808,47,133,105,20,28,7,1,2,22,6,19,24,0,1
2021,"All Division I","Morganne Denny","Fort Wayne",0.254,0.306,0.518,0.824,40,126,114,26,29,6,0,8,26,0,9,18,1,0
2021,"All Division I","Morganne Flores","Washington",0.337,0.405,0.652,1.057,59,202,178,22,60,16,2,12,52,3,18,24,2,0
2021,"All Division I","Morgyn Wynne","Kansas",0.355,0.443,0.78,1.223,47,167,141,25,50,9,0,17,49,2,22,22,0,0
2021,"All Division I","Mya Stevenson","Marshall",0.293,0.397,0.616,1.013,33,116,99,27,29,8,0,8,20,4,13,18,3,0
2021,"All Division I","Myah Murray","Florida Atlantic",0.273,0.309,0.352,0.661,36,95,88,8,24,4,0,1,9,2,3,13,1,1
2021,"All Division I","Myra Twitty","Western Carolina",0.28,0.354,0.417,0.77,49,149,132,7,37,3,0,5,27,1,14,17,2,0
2021,"All Division I","Nadia Blevins","North Carolina Central",0.221,0.28,0.267,0.547,38,101,86,16,19,0,2,0,6,1,6,8,11,1
2021,"All Division I","Naomi Hernandez","Long Beach State",0.383,0.483,0.475,0.958,40,146,120,32,46,8,0,1,16,2,22,16,2,2
2021,"All Division I","Natalia Meray","Iona",0.261,0.32,0.391,0.711,33,128,115,16,30,6,0,3,14,0,10,14,2,1
2021,"All Division I","Natalia Rodriguez","Michigan",0.227,0.338,0.336,0.674,46,152,119,29,27,7,3,0,9,2,18,22,8,3
2021,"All Division I","Natalie Davila","Howard",0.364,0.451,0.523,0.974,30,104,88,16,32,6,1,2,25,1,13,7,5,0
2021,"All Division I","Natalie Del Ponte","Wagner",0.29,0.336,0.51,0.846,33,107,100,16,29,7,0,5,21,1,6,19,0,0
2021,"All Division I","Natalie DenHartog","Minnesota",0.321,0.454,0.74,1.194,44,165,131,29,42,8,1,15,42,5,27,30,5,0
2021,"All Division I","Natalie Higgins","Robert Morris",0.409,0.461,0.671,1.132,44,165,149,27,61,10,1,9,43,1,14,8,1,0
2021,"All Division I","Natalie Joyner","Northern Colorado",0.253,0.282,0.342,0.624,34,89,79,9,20,2,1,1,19,1,3,10,1,0
2021,"All Division I","Natalie Mclennan","Prairie View",0.411,0.441,0.446,0.887,25,63,56,12,23,2,0,0,5,0,3,6,13,2
2021,"All Division I","Natalie Morgan","Furman",0.215,0.375,0.355,0.73,46,153,121,24,26,5,0,4,14,13,18,33,5,0
2021,"All Division I","Natalie Rios","LaSalle",0.186,0.284,0.254,0.538,27,70,59,6,11,1,0,1,2,0,8,16,0,0
2021,"All Division I","Natasha Miner","Lafayette",0.273,0.324,0.303,0.627,22,71,66,6,18,2,0,0,3,2,3,9,2,0
2021,"All Division I","Nawai Kaupe","Hawaii",0.284,0.371,0.591,0.962,31,105,88,24,25,3,3,6,22,1,13,13,5,1
2021,"All Division I","Neleigh Herring","Wichita State",0.372,0.513,0.697,1.21,54,189,145,40,54,13,2,10,35,13,29,40,0,0
2021,"All Division I","Neli Casares-Maher","Syracuse",0.341,0.401,0.576,0.977,44,147,132,25,45,11,1,6,20,1,13,30,3,3
2021,"All Division I","Nevaeh Castruita","Howard",0.273,0.324,0.273,0.597,27,76,66,16,18,0,0,0,3,2,3,9,5,1
2021,"All Division I","Nia Bowe","Coppin State",0.333,0.385,0.5,0.885,31,91,84,14,28,6,1,2,16,1,6,15,0,1
2021,"All Division I","Nia Carter","Iowa",0.296,0.338,0.338,0.676,44,152,142,16,42,2,2,0,17,1,8,6,7,1
2021,"All Division I","Nia Green","Longwood",0.248,0.355,0.438,0.793,47,142,121,14,30,6,1,5,21,4,16,43,5,2
2021,"All Division I","Nicole Amodio","Boston University",0.374,0.5,0.593,1.093,40,122,91,22,34,11,0,3,33,13,12,18,6,0
2021,"All Division I","Nicole Kidwiler","Towson",0.34,0.438,0.457,0.895,31,112,94,22,32,8,0,1,12,3,14,14,5,2
2021,"All Division I","Nicole Kim","Brown",0.2,0.5,0.2,0.7,2,8,5,2,1,0,0,0,0,0,3,1,1,0
2021,"All Division I","Nicole McCarvill","Stony Brook",0.256,0.347,0.395,0.742,43,155,129,23,33,7,1,3,22,13,6,20,5,1
2021,"All Division I","Nicole Mendes","Oklahoma",0.364,0.451,0.713,1.164,54,153,129,60,47,7,4,10,38,3,19,11,5,1
2021,"All Division I","Nicolette Barranger","Delaware State",0.3,0.411,0.375,0.786,31,98,80,11,24,2,2,0,4,5,10,25,4,3
2021,"All Division I","Nicolette Ramirez","Lamar",0.192,0.27,0.248,0.518,50,144,125,9,24,4,0,1,14,6,8,24,0,0
2021,"All Division I","Nicolle Nystead","Tennessee Tech",0.348,0.441,0.663,1.104,39,111,92,14,32,5,0,8,23,1,16,17,0,0
2021,"All Division I","Niki Carver","Ohio State",0.277,0.376,0.464,0.84,39,136,112,20,31,2,2,5,27,12,7,35,2,2
2021,"All Division I","Nikki Butler","New Mexico State",0.368,0.467,0.711,1.178,54,185,152,29,56,4,0,16,45,23,7,17,1,1
2021,"All Division I","Nikki Cuchran","Northwestern",0.308,0.381,0.377,0.758,46,148,130,11,40,6,0,1,17,8,8,16,0,0
2021,"All Division I","Nikki Grupp","East Tennessee State",0.24,0.339,0.39,0.729,33,116,100,14,24,6,0,3,24,1,14,11,0,0
2021,"All Division I","Nikki Saibene","Youngstown State",0.377,0.432,0.712,1.144,51,164,146,26,55,13,0,12,49,7,8,17,0,0
2021,"All Division I","Nikki Sorgi","Bowling Green",0.259,0.341,0.286,0.627,54,177,147,23,38,4,0,0,10,5,14,31,2,0
2021,"All Division I","Noel Dominguez","College of Charleston",0.216,0.237,0.261,0.498,38,115,111,8,24,5,0,0,10,1,2,21,0,1
2021,"All Division I","Noellah Ramos","Cal Poly",0.325,0.4,0.342,0.742,35,133,114,19,37,0,1,0,8,4,11,11,7,1
2021,"All Division I","Noelle Foster","Weber State",0.33,0.38,0.505,0.885,37,103,91,23,30,10,0,2,12,1,7,11,1,1
2021,"All Division I","Nova Sinskul","Loyola Chicago",0.25,0.293,0.345,0.638,42,134,116,17,29,5,0,2,10,3,4,30,4,1
2021,"All Division I","Nyah Morgan","Stetson",0.167,0.218,0.236,0.454,29,78,72,4,12,2,0,1,6,2,3,23,0,0
2021,"All Division I","Olivia Eckelman","Holy Cross",0.161,0.242,0.179,0.421,24,64,56,1,9,1,0,0,0,0,6,10,1,2
2021,"All Division I","Olivia Krehbiel","Missouri State",0.342,0.46,0.568,1.027,40,137,111,25,38,8,1,5,30,1,24,32,8,1
2021,"All Division I","Olivia Labbe","UMass Lowell",0.2,0.345,0.314,0.659,30,89,70,17,14,2,0,2,8,2,14,18,1,0
2021,"All Division I","Olivia Narron","East Carolina",0.265,0.355,0.298,0.653,49,183,151,26,40,1,2,0,4,1,20,22,16,4
2021,"All Division I","Olivia Patton","Indiana State",0.294,0.353,0.312,0.665,43,120,109,18,32,2,0,0,5,1,9,23,3,1
2021,"All Division I","Olivia Sborlini","Kent State",0.205,0.26,0.333,0.593,48,132,117,15,24,6,0,3,22,2,7,36,1,1
2021,"All Division I","Olivia Stansbury","Fort Wayne",0.233,0.331,0.447,0.777,38,122,103,16,24,7,0,5,22,2,14,23,0,0
2021,"All Division I","Olivia Viggiano","Seattle",0.321,0.371,0.424,0.795,50,179,165,33,53,3,7,0,16,1,12,20,13,6
2021,"All Division I","Olyvia Smith","Saint Peter's",0.301,0.314,0.325,0.639,26,86,83,12,25,2,0,0,7,0,2,8,5,1
2021,"All Division I","Paige Carter","Western Kentucky",0.365,0.471,0.744,1.215,47,191,156,48,57,20,0,13,35,1,32,18,0,0
2021,"All Division I","Paige Clark","UT Martin",0.372,0.388,0.468,0.855,46,161,156,25,58,10,1,1,18,2,2,5,15,1
2021,"All Division I","Paige Cook","Mississippi State",0.265,0.352,0.376,0.729,60,195,170,29,45,6,2,3,19,9,14,25,3,1
2021,"All Division I","Paige Grover","Lafayette",0.327,0.441,0.571,1.012,22,59,49,8,16,3,0,3,11,1,9,11,0,0
2021,"All Division I","Paige Hulsey","Houston",0.193,0.313,0.217,0.53,43,105,83,15,16,0,1,0,6,0,15,27,11,1
2021,"All Division I","Paige Pfent","North Florida",0.265,0.362,0.416,0.777,44,131,113,12,30,5,0,4,15,3,14,18,0,0
2021,"All Division I","Paige Smith","Ole Miss",0.299,0.424,0.545,0.969,58,206,167,31,50,5,0,12,39,14,23,21,1,0
2021,"All Division I","Paloma Usquiano","Cal State Northridge",0.159,0.267,0.206,0.473,26,79,63,3,10,3,0,0,6,4,6,19,1,0
2021,"All Division I","Paris Woods","Syracuse",0.267,0.297,0.39,0.688,39,114,105,18,28,4,0,3,14,0,5,36,9,2
2021,"All Division I","Pate Cathey","UTEP",0.278,0.319,0.407,0.727,37,122,108,17,30,8,0,2,15,0,8,14,2,0
2021,"All Division I","Patricia Griffin","Long Island",0.373,0.444,0.508,0.952,35,135,118,32,44,8,1,2,17,6,9,5,11,0
2021,"All Division I","Payton Alsobrooks","Lehigh",0.239,0.314,0.391,0.705,32,104,92,14,22,7,2,1,10,0,10,17,0,0
2021,"All Division I","Payton Baxter","Saint Joseph's",0.333,0.417,0.456,0.873,40,103,90,12,30,5,0,2,17,5,8,18,1,0
2021,"All Division I","Payton Lincavage","Rutgers",0.283,0.37,0.409,0.779,44,146,127,22,36,5,1,3,17,6,12,15,4,5
2021,"All Division I","Payton Wade","College of Charleston",0.227,0.263,0.427,0.69,40,118,110,14,25,5,1,5,14,2,4,31,1,0
2021,"All Division I","Peyton Allen","Colorado State",0.24,0.304,0.365,0.67,34,115,104,15,25,7,0,2,14,1,9,28,2,0
2021,"All Division I","Peyton Angulo","Loyola Marymount",0.175,0.331,0.252,0.583,43,129,103,7,18,2,0,2,9,3,21,14,1,0
2021,"All Division I","Peyton Cody","St. John's",0.309,0.327,0.564,0.89,29,98,94,12,29,7,1,5,21,0,3,16,4,0
2021,"All Division I","Peyton Darnell","USC Upstate",0.298,0.359,0.553,0.912,46,158,141,16,42,6,0,10,38,0,14,17,1,0
2021,"All Division I","Peyton Daugherty","South Dakota State",0.374,0.413,0.448,0.861,51,191,174,42,65,7,3,0,11,5,8,13,19,1
2021,"All Division I","Peyton Glatter","Nebraska",0.213,0.286,0.394,0.679,37,108,94,10,20,2,0,5,19,1,9,26,1,1
2021,"All Division I","Peyton Moeder","Valparaiso",0.272,0.3,0.312,0.612,40,131,125,12,34,1,2,0,5,0,5,19,6,2
2021,"All Division I","Peyton Prigge","Utah Valley",0.24,0.358,0.46,0.818,49,121,100,19,24,5,1,5,16,2,17,36,0,1
2021,"All Division I","Peyton Rose","Morehead State",0.19,0.296,0.238,0.534,35,98,84,9,16,4,0,0,10,4,9,23,5,1
2021,"All Division I","Peyton Slater","Morehead State",0.224,0.331,0.327,0.658,41,124,107,10,24,8,0,1,12,10,7,14,1,1
2021,"All Division I","Piper Foote","Western Illinois",0.276,0.384,0.382,0.766,45,147,123,22,34,8,1,1,11,2,20,29,2,3
2021,"All Division I","Presley Leebrick","Lipscomb",0.291,0.341,0.402,0.743,36,129,117,17,34,7,0,2,15,0,9,12,2,0
2021,"All Division I","Quinn Pallardy","Dayton",0.266,0.296,0.33,0.626,36,98,94,4,25,6,0,0,13,2,2,22,0,0
2021,"All Division I","Rachael Gregory","IUPUI",0.204,0.302,0.25,0.552,43,128,108,9,22,5,0,0,9,2,14,15,3,1
2021,"All Division I","Rachael Hathoot","New Mexico",0.241,0.299,0.406,0.705,46,146,133,18,32,10,0,4,20,2,9,25,9,3
2021,"All Division I","Rachael Quaritsch","SIUE",0.172,0.417,0.224,0.641,30,88,58,8,10,3,0,0,3,10,15,13,0,1
2021,"All Division I","Racheal McKinney","Alabama A&M",0.311,0.416,0.5,0.916,30,90,74,13,23,5,0,3,9,7,7,15,2,0
2021,"All Division I","Rachel Anderson","Southeast Missouri",0.375,0.476,0.566,1.042,47,170,136,30,51,7,2,5,30,5,22,19,12,5
2021,"All Division I","Rachel Becker","Purdue",0.479,0.539,0.683,1.222,44,166,142,40,68,18,1,3,14,1,20,18,1,1
2021,"All Division I","Rachel Carney","Colgate",0.178,0.231,0.178,0.409,31,78,73,8,13,0,0,0,1,0,5,9,3,2
2021,"All Division I","Rachel Cid","Oregon",0.288,0.368,0.448,0.815,57,188,163,23,47,11,0,5,30,4,17,31,4,1
2021,"All Division I","Rachel Crabtree","Duke",0.23,0.32,0.385,0.705,53,157,135,20,31,10,1,3,22,9,9,19,2,3
2021,"All Division I","Rachel Everson","Fort Wayne",0.231,0.308,0.394,0.702,40,119,104,17,24,5,0,4,13,1,11,17,2,0
2021,"All Division I","Rachel Funk","Niagara",0.273,0.343,0.33,0.673,30,107,88,6,24,2,0,1,15,2,9,14,0,0
2021,"All Division I","Rachel Garcia","UCLA",0.342,0.473,0.708,1.182,45,150,120,23,41,5,0,13,35,0,30,20,0,0
2021,"All Division I","Rachel Hubertus","Fordham",0.338,0.368,0.662,1.03,47,163,151,28,51,10,0,13,54,0,9,17,0,0
2021,"All Division I","Rachel Lewis","Northwestern",0.338,0.497,0.586,1.084,46,177,133,38,45,8,2,7,27,10,32,28,30,2
2021,"All Division I","Rachel McCollum","East Carolina",0.353,0.428,0.5,0.928,47,173,150,19,53,10,0,4,26,1,20,22,1,1
2021,"All Division I","Rachel Menlove","Portland State",0.352,0.383,0.6,0.983,39,135,125,20,44,7,0,8,31,0,7,19,1,0
2021,"All Division I","Rachel Warrens","George Mason",0.291,0.304,0.444,0.748,35,127,117,18,34,9,0,3,19,0,4,13,6,1
2021,"All Division I","Rachel Zerona","Oakland",0.27,0.333,0.304,0.638,43,130,115,9,31,2,1,0,5,3,8,17,1,0
2021,"All Division I","Raeleen Gutierrez","LSU",0.25,0.341,0.404,0.745,43,123,104,16,26,7,0,3,18,1,15,12,4,0
2021,"All Division I","Raleigh Williams","Kennesaw State",0.195,0.254,0.309,0.563,49,137,123,12,24,7,2,1,8,2,8,35,1,1
2021,"All Division I","Ramsay Lopez","New Mexico State",0.305,0.424,0.587,1.01,55,203,167,44,51,11,0,12,22,3,32,39,2,1
2021,"All Division I","Randi Farricker","NC State",0.311,0.421,0.788,1.209,50,159,132,27,41,10,1,17,38,6,20,25,3,1
2021,"All Division I","Randi McKay","Green Bay",0.218,0.273,0.287,0.56,38,111,101,14,22,4,0,1,12,1,7,28,5,1
2021,"All Division I","Rayna Cohen","UC Santa Barbara",0.294,0.388,0.381,0.769,43,148,126,11,37,6,1,1,19,5,15,16,1,0
2021,"All Division I","Reagan Hukill","UT Arlington",0.283,0.353,0.471,0.824,51,163,138,20,39,9,1,5,20,3,13,24,7,1
2021,"All Division I","Reagan Sperling","Central Arkansas",0.206,0.309,0.27,0.578,56,167,141,27,29,4,1,1,16,3,18,23,10,1
2021,"All Division I","Reagan Wright","Oklahoma State",0.18,0.295,0.36,0.655,48,130,111,9,20,6,1,4,14,4,14,18,2,1
2021,"All Division I","Rebecca Chung","Louisville",0.207,0.274,0.345,0.619,39,95,87,5,18,1,1,3,10,2,6,19,0,0
2021,"All Division I","Rebecca Clark","Presbyterian",0.289,0.3,0.461,0.761,30,82,76,12,22,4,0,3,10,1,1,11,0,0
2021,"All Division I","Rebecca Clyde","Syracuse",0.157,0.259,0.196,0.455,44,119,102,5,16,2,1,0,6,3,11,37,2,1
2021,"All Division I","Rebecca Koskey","North Florida",0.25,0.355,0.365,0.721,39,123,104,8,26,2,2,2,15,3,14,15,2,0
2021,"All Division I","Rebecca Murray","Elon",0.352,0.413,0.484,0.897,39,138,122,27,43,7,0,3,20,0,14,4,3,0
2021,"All Division I","Reedy Davenport","FGCU",0.315,0.393,0.472,0.866,46,152,127,26,40,12,1,2,28,1,16,11,3,0
2021,"All Division I","Reese Guevarra","Connecticut",0.344,0.388,0.5,0.888,42,166,154,25,53,13,1,3,20,0,11,20,17,3
2021,"All Division I","Regan Kerr","Maryland",0.263,0.328,0.377,0.705,42,125,114,16,30,1,3,2,6,1,10,33,11,3
2021,"All Division I","Reilly Jo Swanson","Drexel",0.362,0.456,0.467,0.923,40,125,105,26,38,5,0,2,23,9,10,2,6,2
2021,"All Division I","Renee Abernathy","Kentucky",0.357,0.428,0.661,1.089,59,203,171,34,61,9,2,13,48,10,15,23,6,2
2021,"All Division I","Rheanne Lewis","Idaho State",0.317,0.373,0.374,0.747,39,137,123,20,39,5,1,0,15,5,6,18,4,3
2021,"All Division I","Rian Eigenmann","Central Connecticut",0.364,0.442,0.636,1.078,38,138,121,33,44,13,1,6,14,1,16,24,17,3
2021,"All Division I","Rien Milliken","Utah Valley",0.321,0.377,0.567,0.944,49,154,134,21,43,6,0,9,38,1,14,21,0,0
2021,"All Division I","Riley Bullen","Houston Christian",0.231,0.242,0.333,0.575,39,121,117,10,27,4,1,2,16,0,2,22,1,0
2021,"All Division I","Riley Coyne","Miami (OH)",0.33,0.366,0.53,0.896,45,123,115,22,38,11,0,4,24,4,3,13,1,2
2021,"All Division I","Riley Craig","Stony Brook",0.208,0.259,0.288,0.547,43,139,125,11,26,7,0,1,14,0,9,29,1,0
2021,"All Division I","Riley Crum","Niagara",0.188,0.316,0.263,0.579,29,99,80,9,15,3,0,1,10,2,14,21,0,0
2021,"All Division I","Riley Grunberg","UTSA",0.274,0.413,0.622,1.035,46,167,135,27,37,5,0,14,43,8,24,36,0,0
2021,"All Division I","Riley Ludlam","Furman",0.302,0.323,0.54,0.863,40,133,126,22,38,11,2,5,29,0,5,17,4,0
2021,"All Division I","Riley Miller","College of Charleston",0.183,0.252,0.28,0.532,38,106,93,7,17,4,1,1,8,1,8,17,0,0
2021,"All Division I","Riley Mohr","Toledo",0.333,0.468,0.471,0.94,40,113,87,12,29,7,1,1,18,2,21,29,1,0
2021,"All Division I","Riley Oakes","Radford",0.305,0.337,0.323,0.66,47,177,164,28,50,1,1,0,7,1,7,11,14,3
2021,"All Division I","Riley Riendeau","Monmouth",0.107,0.315,0.125,0.44,33,77,56,10,6,1,0,0,5,9,8,21,2,0
2021,"All Division I","Riley Russell","Stetson",0.34,0.438,0.35,0.788,34,127,100,19,34,1,0,0,8,2,17,15,27,1
2021,"All Division I","Rion Simms","San Diego",0.254,0.276,0.303,0.579,40,134,122,9,31,6,0,0,11,1,3,22,1,0
2021,"All Division I","Roxsanna Segura","Southern",0.193,0.277,0.261,0.539,36,102,88,11,17,4,1,0,11,0,11,23,13,2
2021,"All Division I","Ryan Brzozoski","Samford",0.339,0.397,0.378,0.775,42,143,127,10,43,5,0,0,14,3,10,6,4,1
2021,"All Division I","Ryan Henry","Villanova",0.293,0.341,0.58,0.921,52,173,157,23,46,6,0,13,40,5,8,31,0,0
2021,"All Division I","Ryan King","Middle Tennessee",0.245,0.315,0.286,0.601,37,112,98,4,24,2,1,0,6,1,9,13,0,0
2021,"All Division I","Ryan Milkowski","Valparaiso",0.197,0.363,0.338,0.701,37,92,71,8,14,4,0,2,7,6,13,30,1,0
2021,"All Division I","Rylea Smith","Kentucky",0.308,0.366,0.414,0.779,51,145,133,35,41,5,0,3,17,0,12,21,1,1
2021,"All Division I","Rylee Jensen-McFarland","BYU",0.397,0.468,0.81,1.278,55,207,179,60,71,14,0,20,43,1,24,20,13,3
2021,"All Division I","Ryleigh Bermea","Long Island",0.272,0.359,0.531,0.89,30,93,81,16,22,4,1,5,23,2,9,12,4,0
2021,"All Division I","Ryleigh Buck","Wichita State",0.29,0.36,0.614,0.974,50,167,145,37,42,12,1,11,42,6,10,27,0,0
2021,"All Division I","Rylie Schmeh","Fairleigh Dickinson",0.296,0.372,0.469,0.841,30,98,81,12,24,4,2,2,16,2,9,12,5,0
2021,"All Division I","Rylie Unzicker","Nebraska",0.269,0.387,0.423,0.81,37,127,104,25,28,5,1,3,10,5,15,30,8,0
2021,"All Division I","Sabrina Kerschner","Kent State",0.296,0.347,0.365,0.712,43,128,115,14,34,6,1,0,9,4,5,17,0,0
2021,"All Division I","Sabrina Vargas","Siena",0.211,0.398,0.278,0.676,34,124,90,23,19,3,0,1,10,13,15,14,4,1
2021,"All Division I","Sadaria McAlister","Nevada",0.339,0.437,0.512,0.949,40,154,127,29,43,10,3,2,19,3,20,21,22,1
2021,"All Division I","Sadie Wise","Saint Louis",0.356,0.427,0.604,1.031,46,171,149,31,53,11,4,6,36,4,16,26,5,0
2021,"All Division I","Sam Alm","Creighton",0.286,0.328,0.333,0.662,22,74,63,6,18,3,0,0,11,1,3,4,0,1
2021,"All Division I","Sam Denehy","UC Santa Barbara",0.205,0.292,0.244,0.536,36,90,78,11,16,1,1,0,10,5,5,14,2,0
2021,"All Division I","Sam Freeland","Marist",0.297,0.32,0.319,0.638,27,101,91,17,27,2,0,0,9,0,4,7,10,1
2021,"All Division I","Sam Hackenbracht","Ohio State",0.303,0.444,0.727,1.171,39,126,99,25,30,6,0,12,26,4,21,22,4,0
2021,"All Division I","Sam Koehn","North Dakota State",0.221,0.26,0.346,0.606,44,148,136,15,30,5,3,2,21,2,6,23,4,0
2021,"All Division I","Sam Mallinder","Northern Illinois",0.265,0.311,0.434,0.745,54,122,113,13,30,7,0,4,20,2,6,21,4,2
2021,"All Division I","Sam Merino","Fairfield",0.265,0.364,0.353,0.717,36,126,102,24,27,6,0,1,9,4,12,13,15,1
2021,"All Division I","Sam Russ","NC State",0.308,0.414,0.506,0.92,51,187,156,40,48,5,1,8,27,3,26,12,32,4
2021,"All Division I","Sam Sack","NC State",0.232,0.349,0.448,0.797,51,153,125,11,29,6,0,7,23,6,18,15,1,1
2021,"All Division I","Samantha Bradley","Abilene Christian",0.25,0.313,0.425,0.738,44,132,120,10,30,6,0,5,17,1,10,23,0,0
2021,"All Division I","Samantha Diaz","UNLV",0.234,0.317,0.542,0.859,40,123,107,17,25,3,0,10,33,6,8,28,1,0
2021,"All Division I","Samantha Ferguson","Illinois-Chicago",0.331,0.38,0.424,0.803,48,171,151,15,50,8,0,2,28,1,12,29,0,0
2021,"All Division I","Samantha Garcia","Long Island",0.295,0.367,0.423,0.79,29,90,78,8,23,1,0,3,16,2,8,8,0,0
2021,"All Division I","Samantha Smith","Bradley",0.194,0.284,0.236,0.52,34,81,72,7,14,3,0,0,9,5,4,17,1,0
2021,"All Division I","Samaria Jackson","Arkansas-Pine Bluff",0.233,0.269,0.397,0.666,27,79,73,7,17,3,0,3,15,0,4,17,3,1
2021,"All Division I","Sami Garcia","Cal State Northridge",0.164,0.203,0.18,0.383,22,68,61,3,10,1,0,0,5,1,2,14,0,1
2021,"All Division I","Sami Reynolds","Washington",0.321,0.411,0.599,1.009,55,191,162,43,52,9,0,12,39,3,23,29,7,3
2021,"All Division I","Sami Williams","Iowa State",0.446,0.521,0.902,1.423,57,215,184,66,82,15,3,21,56,5,25,24,11,3
2021,"All Division I","Sammey Bunch","Northern Iowa",0.444,0.581,1,1.581,52,203,151,58,67,12,3,22,55,12,39,17,7,0
2021,"All Division I","Sammi Miller","Eastern Kentucky",0.4,0.503,0.619,1.122,51,191,155,50,62,13,3,5,24,6,28,6,16,2
2021,"All Division I","Sammi Thomas","Texas A&M-Corpus Christi",0.244,0.349,0.457,0.806,44,152,127,25,31,7,4,4,26,3,18,23,7,0
2021,"All Division I","Sammy Dees","Bowling Green",0.273,0.331,0.413,0.745,50,179,150,22,41,9,0,4,27,8,9,22,2,0
2021,"All Division I","Sammy Fabian","UC Santa Barbara",0.327,0.384,0.393,0.777,46,167,150,20,49,4,3,0,17,6,8,12,3,3
2021,"All Division I","Sammy Moss","Northern Iowa",0.242,0.329,0.331,0.659,47,140,124,26,30,6,1,1,19,2,14,13,3,1
2021,"All Division I","Sara Berthiaume","Florida Atlantic",0.27,0.303,0.429,0.732,42,133,126,13,34,8,3,2,11,1,5,24,3,1
2021,"All Division I","Sara Jubas","James Madison",0.397,0.444,0.753,1.198,45,163,146,46,58,12,2,12,40,0,14,6,8,0
2021,"All Division I","Sara Mosley","Georgia",0.258,0.372,0.4,0.772,57,183,155,27,40,4,0,6,27,5,23,23,1,0
2021,"All Division I","Sara Olson","Long Beach State",0.234,0.314,0.247,0.561,31,87,77,21,18,1,0,0,6,3,6,9,9,2
2021,"All Division I","Sara Siteman","UMass Lowell",0.266,0.397,0.375,0.772,26,79,64,6,17,2,1,1,10,4,10,26,0,0
2021,"All Division I","Sara Vanderford","Texas State",0.405,0.445,0.758,1.203,53,177,153,38,62,18,0,12,46,1,14,18,5,1
2021,"All Division I","Sarah Baluch","Bucknell",0.214,0.267,0.262,0.529,28,90,84,5,18,4,0,0,4,1,5,20,0,1
2021,"All Division I","Sarah Briers","Tulsa",0.246,0.306,0.298,0.605,39,126,114,13,28,3,0,1,14,3,7,9,5,1
2021,"All Division I","Sarah Brown","Charleston Southern",0.299,0.364,0.381,0.745,35,115,97,15,29,5,0,1,14,2,9,13,5,1
2021,"All Division I","Sarah Clinton","Drexel",0.269,0.371,0.387,0.758,40,141,119,33,32,5,0,3,21,3,17,15,3,1
2021,"All Division I","Sarah Ellersick","Santa Clara",0.21,0.296,0.306,0.602,24,74,62,3,13,3,0,1,6,5,3,9,1,0
2021,"All Division I","Sarah Genz","Notre Dame",0.287,0.38,0.379,0.759,40,103,87,9,25,3,1,1,12,1,12,8,1,0
2021,"All Division I","Sarah Gonzalez","Bowling Green",0.168,0.276,0.244,0.521,54,158,131,16,22,1,0,3,15,0,20,43,2,0
2021,"All Division I","Sarah Longley","Florida",0.167,0.268,0.24,0.507,44,116,96,19,16,4,0,1,9,1,13,18,1,1
2021,"All Division I","Sarah Ostaszewski","Saint Joseph's",0.35,0.428,0.58,1.007,46,180,157,44,55,14,2,6,43,1,21,15,13,1
2021,"All Division I","Sarah Price","USC Upstate",0.34,0.395,0.397,0.793,46,177,156,35,53,7,1,0,22,1,14,19,20,2
2021,"All Division I","Sarah Queen","Houston",0.345,0.418,0.662,1.08,50,170,148,30,51,6,1,13,34,2,18,16,4,5
2021,"All Division I","Sarah Ratcliffe","UMass Lowell",0.361,0.441,0.505,0.947,31,111,97,15,35,3,1,3,18,1,13,27,1,0
2021,"All Division I","Sarah Schneider","Penn",0.231,0.259,0.462,0.721,9,27,26,4,6,0,0,2,4,0,1,3,4,0
2021,"All Division I","Sarah Seamans","Pittsburgh",0.293,0.373,0.647,1.02,46,151,133,27,39,6,1,13,35,0,17,27,3,1
2021,"All Division I","Sarah Starks","UC Davis",0.293,0.391,0.526,0.917,43,156,133,20,39,1,0,10,34,4,18,24,5,1
2021,"All Division I","Sarah Taffet","Fordham",0.275,0.386,0.527,0.913,46,158,131,32,36,8,2,7,24,0,25,32,2,0
2021,"All Division I","Savana Sikes","Georgia",0.244,0.34,0.452,0.793,55,197,168,41,41,10,2,7,19,8,17,19,0,0
2021,"All Division I","Savanah Wallace","Tennessee State",0.175,0.218,0.223,0.441,37,112,103,6,18,5,0,0,10,4,2,13,2,0
2021,"All Division I","Savannah Behabetz","Incarnate Word",0.261,0.34,0.326,0.666,39,105,92,12,24,4,1,0,7,0,11,15,5,0
2021,"All Division I","Savannah Channell","Liberty",0.256,0.348,0.353,0.701,57,183,156,27,40,3,0,4,29,2,20,36,1,0
2021,"All Division I","Savannah Favre","Cal State Northridge",0.22,0.297,0.329,0.626,25,91,82,11,18,3,0,2,6,1,8,14,5,0
2021,"All Division I","Savannah Grigsby","USC Upstate",0.281,0.345,0.385,0.73,46,149,135,17,38,6,1,2,18,4,9,15,7,2
2021,"All Division I","Savannah Rodriguez","Western Illinois",0.336,0.396,0.595,0.991,45,144,131,14,44,10,0,8,33,0,13,29,0,0
2021,"All Division I","Savannah Sudduth","Jacksonville State",0.266,0.319,0.297,0.616,44,142,128,22,34,2,1,0,2,0,10,13,7,1
2021,"All Division I","Savannah Tourville","Grand Canyon",0.354,0.458,0.504,0.962,49,158,127,24,45,8,1,3,21,9,17,8,4,1
2021,"All Division I","Savannah Woodard","Alabama",0.292,0.343,0.385,0.727,46,140,130,26,38,1,1,3,26,0,10,29,5,0
2021,"All Division I","Schuylar Broussard","Fresno State",0.226,0.358,0.349,0.707,49,138,106,15,24,4,0,3,15,8,16,18,3,0
2021,"All Division I","SeaEnna Satcher","Charleston Southern",0.225,0.259,0.324,0.583,34,109,102,6,23,1,0,3,10,4,1,11,0,0
2021,"All Division I","Serena Starks","Princeton",0.333,0.4,0.444,0.844,3,11,9,0,3,1,0,0,0,1,0,0,0,0
2021,"All Division I","Seriah Brokenborough","Florida A&M",0.345,0.411,0.44,0.851,28,97,84,7,29,5,0,1,12,0,10,7,3,0
2021,"All Division I","Shaidan Knapp","Central Michigan",0.336,0.467,0.485,0.953,48,173,134,31,45,9,1,3,20,7,27,31,4,2
2021,"All Division I","Shanel Stott","UMBC",0.284,0.304,0.419,0.723,29,79,74,10,21,3,2,1,13,0,3,14,2,0
2021,"All Division I","Shanice Akins","Arkansas-Pine Bluff",0.277,0.33,0.41,0.739,30,93,83,13,23,4,2,1,9,1,6,12,3,1
2021,"All Division I","Shannon Doherty","UCF",0.307,0.382,0.562,0.944,60,175,153,19,47,6,0,11,37,5,14,12,2,0
2021,"All Division I","Shannon Glover","North Florida",0.3,0.324,0.421,0.746,44,148,140,14,42,11,0,2,22,2,4,16,1,3
2021,"All Division I","Shannon Rhodes","Texas",0.353,0.408,0.676,1.085,55,199,173,53,61,9,1,15,55,5,12,34,10,1
2021,"All Division I","Shannon Stein","Central Michigan",0.284,0.356,0.482,0.838,48,163,141,21,40,10,0,6,38,3,15,22,0,0
2021,"All Division I","Sharlize Palacios","Arizona",0.348,0.431,0.715,1.146,55,182,158,33,55,4,0,18,57,1,22,36,0,0
2021,"All Division I","Shauna Nuss","Stony Brook",0.284,0.333,0.295,0.628,41,108,95,18,27,1,0,0,5,4,3,17,1,0
2021,"All Division I","Shaye Bowden","Oregon",0.233,0.289,0.398,0.688,43,116,103,7,24,5,0,4,14,1,8,9,1,1
2021,"All Division I","Shaylee Ackerman","Texas A&M",0.285,0.37,0.604,0.974,51,167,144,29,41,10,0,12,37,3,17,30,4,0
2021,"All Division I","Shaylon Govan","Stephen F. Austin",0.383,0.497,0.759,1.256,47,175,141,39,54,8,0,15,52,4,29,14,1,1
2021,"All Division I","Shea Walsh","Marist",0.356,0.385,0.402,0.787,27,92,87,16,31,2,1,0,6,1,3,11,8,2
2021,"All Division I","Shealee Perkins","Idaho State",0.292,0.353,0.377,0.731,38,119,106,14,31,6,0,1,12,0,10,14,1,3
2021,"All Division I","Shelbi Sunseri","LSU",0.234,0.404,0.5,0.904,56,166,128,14,30,6,2,8,26,5,32,27,0,0
2021,"All Division I","Shelby Echols","Houston Christian",0.328,0.399,0.406,0.805,39,146,128,25,42,2,1,2,6,0,15,11,4,1
2021,"All Division I","Shelby Jeffries","Cal Poly",0.308,0.351,0.486,0.837,34,114,107,11,33,7,0,4,24,0,7,19,0,0
2021,"All Division I","Shelby Smith","Seton Hall",0.27,0.309,0.365,0.674,27,69,63,3,17,6,0,0,8,0,4,9,0,0
2021,"All Division I","Shelby Stauffenberg","Illinois",0.229,0.27,0.271,0.542,35,75,70,3,16,3,0,0,9,1,3,16,1,1
2021,"All Division I","Shelby Thompson","San Diego State",0.324,0.42,0.563,0.983,43,172,142,33,46,7,0,9,31,14,11,15,8,1
2021,"All Division I","Sheridan Fisher","Sam Houston State",0.271,0.369,0.287,0.656,46,151,129,17,35,2,0,0,10,8,12,7,4,1
2021,"All Division I","Shyanne Sheffield","UT Martin",0.381,0.435,0.524,0.959,42,144,126,23,48,5,2,3,17,0,12,15,11,1
2021,"All Division I","Sidney Bloomfield","George Washington",0.434,0.459,0.491,0.95,37,114,106,25,46,4,1,0,8,0,5,9,5,2
2021,"All Division I","Sidney Russell","Appalachian State",0.272,0.367,0.424,0.791,37,112,92,17,25,8,0,2,13,2,13,17,1,0
2021,"All Division I","Sidney Sikes","Southern Illinois",0.176,0.336,0.193,0.529,50,152,119,6,21,2,0,0,11,14,15,23,2,0
2021,"All Division I","Siena Sandoval","Utah Valley",0.308,0.403,0.556,0.959,49,159,133,24,41,9,0,8,32,6,17,26,0,0
2021,"All Division I","Sierra Frazier","UAB",0.371,0.517,0.682,1.199,50,172,132,32,49,12,1,9,26,8,32,10,1,0
2021,"All Division I","Sierra Gilmore","Murray State",0.327,0.381,0.532,0.913,51,176,156,22,51,17,0,5,40,0,16,14,5,0
2021,"All Division I","Sierra Huerta","Marshall",0.288,0.49,0.658,1.148,30,105,73,18,21,4,1,7,17,10,20,11,0,0
2021,"All Division I","Sierra Humphrey","Houston Christian",0.161,0.221,0.218,0.439,38,96,87,7,14,3,1,0,3,1,6,22,0,0
2021,"All Division I","Sierra Lange","George Washington",0.392,0.443,0.62,1.063,48,177,158,44,62,7,4,7,34,3,13,12,14,3
2021,"All Division I","Sierra Mello","Nevada",0.285,0.367,0.398,0.765,40,139,123,19,35,2,0,4,22,6,10,16,7,1
2021,"All Division I","Sierra Pierce","UMBC",0.314,0.368,0.486,0.853,37,117,105,19,33,6,0,4,25,0,10,11,1,0
2021,"All Division I","SilentRain Espinoza","Washington",0.314,0.387,0.372,0.759,45,142,121,12,38,4,0,1,11,3,14,19,2,0
2021,"All Division I","Sis Bates","Washington",0.389,0.447,0.518,0.966,59,224,193,55,75,12,5,1,32,2,21,14,21,1
2021,"All Division I","Skylar Mosel","Georgia State",0.255,0.299,0.464,0.763,38,119,110,15,28,2,0,7,22,0,7,34,1,0
2021,"All Division I","Skyler Ball","Southern Utah",0.185,0.303,0.207,0.509,46,110,92,11,17,2,0,0,6,0,16,34,0,0
2021,"All Division I","Skyler Ramos","Iowa State",0.242,0.359,0.424,0.783,57,159,132,29,32,7,4,3,22,4,20,37,3,2
2021,"All Division I","Skyler Rapuano","Rhode Island",0.343,0.382,0.486,0.867,24,77,70,13,24,3,2,1,7,0,5,14,4,1
2021,"All Division I","Skyler Shellmyer","Northwestern",0.365,0.394,0.392,0.785,46,157,148,31,54,0,2,0,8,3,4,20,14,1
2021,"All Division I","Skylor Hilger","DePaul",0.259,0.308,0.271,0.578,36,93,85,12,22,1,0,0,6,1,5,15,6,1
2021,"All Division I","Sommer Kisling","UC Davis",0.353,0.398,0.379,0.777,43,168,153,27,54,2,1,0,11,1,11,7,2,0
2021,"All Division I","Sophia Ehlers","Western Michigan",0.268,0.34,0.319,0.659,50,158,138,18,37,4,0,1,16,4,11,24,1,0
2021,"All Division I","Sophie Mooney","Georgia State",0.246,0.329,0.331,0.66,46,151,130,12,32,5,0,2,16,2,14,27,1,0
2021,"All Division I","Sophie Wilson","Saint Peter's",0.29,0.362,0.419,0.782,26,69,62,7,18,0,1,2,11,0,7,11,0,0
2021,"All Division I","Sophie Wools","East Carolina",0.177,0.238,0.223,0.461,49,145,130,6,23,3,0,1,7,2,9,26,0,0
2021,"All Division I","Spenser Gray","Charlotte",0.345,0.398,0.44,0.838,50,190,168,34,58,7,3,1,24,2,14,30,18,0
2021,"All Division I","Spenser Strandgard","Illinois State",0.274,0.379,0.443,0.822,40,125,106,20,29,3,0,5,19,0,18,18,2,0
2021,"All Division I","Stacia Seeton","Bradley",0.216,0.267,0.293,0.56,41,132,116,12,25,1,1,2,20,0,10,17,3,0
2021,"All Division I","Stacy Payton","Ball State",0.369,0.437,0.586,1.023,53,184,157,29,58,14,1,6,43,3,19,11,1,0
2021,"All Division I","Stavi Augur","Coastal Carolina",0.267,0.306,0.414,0.72,37,125,116,21,31,8,0,3,16,3,4,15,0,0
2021,"All Division I","Steph Jacoby","Colgate",0.322,0.354,0.578,0.932,32,98,90,14,29,5,0,6,21,0,5,20,0,0
2021,"All Division I","Stephanie Merwin","Seattle",0.258,0.35,0.417,0.767,45,139,120,16,31,10,0,3,17,3,14,23,1,0
2021,"All Division I","Stephanie Reed","Utah State",0.295,0.345,0.53,0.875,39,143,132,21,39,5,1,8,17,6,4,20,7,0
2021,"All Division I","Stephanie Soriano","North Dakota State",0.313,0.352,0.396,0.747,42,150,134,15,42,8,0,1,19,0,9,16,5,0
2021,"All Division I","Stephanie Williams","North Carolina A&T",0.255,0.283,0.343,0.626,35,106,102,8,26,6,0,1,17,1,3,16,2,0
2021,"All Division I","Sue Vi","Canisius",0.266,0.376,0.329,0.705,35,95,79,22,21,0,1,1,7,1,13,23,11,3
2021,"All Division I","Summer Burgess","Middle Tennessee",0.302,0.369,0.426,0.795,48,183,162,28,49,11,3,1,9,0,17,21,13,2
2021,"All Division I","Summer Mendoza","Fairleigh Dickinson",0.239,0.272,0.33,0.602,32,116,109,18,26,4,3,0,9,0,5,12,2,2
2021,"All Division I","Susan Harrison","Rhode Island",0.222,0.333,0.422,0.756,21,57,45,4,10,3,0,2,7,0,8,15,0,0
2021,"All Division I","Sydnee Huff","Stanford",0.252,0.27,0.361,0.632,44,122,119,19,30,5,4,0,12,0,3,19,4,0
2021,"All Division I","Sydnee Worthy","Florida A&M",0.246,0.347,0.323,0.67,26,77,65,5,16,2,0,1,9,0,10,10,2,0
2021,"All Division I","Sydney Bajusz","Cleveland State",0.291,0.351,0.553,0.904,45,154,141,27,41,11,1,8,22,0,13,34,8,0
2021,"All Division I","Sydney Dombrowski","Coppin State",0.217,0.283,0.265,0.548,30,93,83,6,18,1,0,1,7,0,8,20,0,0
2021,"All Division I","Sydney Fisher","Radford",0.39,0.444,0.561,1.005,54,206,187,39,73,14,3,4,20,1,17,12,18,3
2021,"All Division I","Sydney Gutierrez","Ole Miss",0.305,0.385,0.39,0.775,52,162,141,13,43,5,2,1,25,2,17,24,4,0
2021,"All Division I","Sydney Hayes","Villanova",0.242,0.367,0.297,0.664,40,111,91,29,22,3,1,0,6,3,15,23,12,1
2021,"All Division I","Sydney Hollings","Western Illinois",0.315,0.401,0.702,1.103,45,152,124,24,39,12,0,12,32,2,20,28,0,1
2021,"All Division I","Sydney Jacobsen","Longwood",0.254,0.292,0.462,0.754,54,185,173,26,44,13,4,5,29,2,8,31,2,1
2021,"All Division I","Sydney Kuma","Georgia",0.293,0.373,0.56,0.933,57,209,184,42,54,4,0,15,39,5,19,39,4,0
2021,"All Division I","Sydney Love-Baker","Tennessee Tech",0.29,0.359,0.435,0.794,47,153,138,19,40,6,1,4,19,1,14,26,0,0
2021,"All Division I","Sydney McKinney","Wichita State",0.439,0.477,0.616,1.093,55,215,198,56,87,10,2,7,31,1,14,4,14,4
2021,"All Division I","Sydney Pennington","Oklahoma State",0.27,0.354,0.546,0.9,60,199,174,33,47,9,0,13,36,3,20,35,2,0
2021,"All Division I","Sydney Ross","Omaha",0.25,0.34,0.352,0.692,38,100,88,19,22,1,1,2,14,5,7,20,6,1
2021,"All Division I","Sydney Sherrill","Florida State",0.304,0.464,0.44,0.904,63,222,168,47,51,15,1,2,34,1,51,21,15,2
2021,"All Division I","Sydney Stefanick","Western Michigan",0.326,0.413,0.465,0.878,46,154,129,18,42,6,0,4,26,1,19,33,4,0
2021,"All Division I","Sydney Strelow","Minnesota",0.202,0.343,0.33,0.674,41,135,109,15,22,3,1,3,17,9,15,23,4,2
2021,"All Division I","Sydney Wesley","Mississippi Valley",0.194,0.302,0.194,0.497,18,43,36,8,7,0,0,0,3,1,5,5,1,0
2021,"All Division I","Taise Thompson","Bradley",0.261,0.328,0.414,0.742,42,126,111,14,29,5,0,4,23,1,11,15,0,0
2021,"All Division I","Tajah Clark","South Carolina State",0.239,0.307,0.299,0.605,31,77,67,5,16,2,1,0,5,2,5,14,1,0
2021,"All Division I","Talia Douglas","Radford",0.321,0.429,0.553,0.982,54,195,159,42,51,8,1,9,33,10,20,23,17,4
2021,"All Division I","Tamiera Sanchez","North Carolina Central",0.256,0.366,0.329,0.696,38,101,82,13,21,6,0,0,8,10,6,24,3,1
2021,"All Division I","Tara McElligott","Illinois-Chicago",0.255,0.376,0.532,0.908,52,174,141,33,36,12,0,9,26,7,21,31,10,0
2021,"All Division I","Tara Oltmann","Texas State",0.345,0.394,0.628,1.022,50,169,148,33,51,10,1,10,40,3,11,9,5,2
2021,"All Division I","Tara Shadowen","Colorado State",0.344,0.427,0.689,1.116,30,104,90,19,31,7,0,8,19,1,12,9,1,0
2021,"All Division I","Tarin Travieso","Kansas",0.215,0.331,0.322,0.653,45,145,121,14,26,2,1,3,19,4,17,30,1,0
2021,"All Division I","Tate Whitley","Ole Miss",0.364,0.466,0.407,0.873,53,149,118,30,43,3,1,0,14,3,22,22,3,1
2021,"All Division I","Tatum Anzaldo","California",0.213,0.259,0.293,0.553,29,81,75,6,16,0,0,2,7,1,4,18,1,2
2021,"All Division I","Tatum Spangler","Kentucky",0.351,0.366,0.497,0.863,54,171,151,37,53,12,2,2,23,0,7,24,3,2
2021,"All Division I","Tayla Evans","North Texas",0.289,0.398,0.6,0.998,49,164,135,25,39,11,2,9,34,7,18,24,3,1
2021,"All Division I","Taylor Adams","San Diego State",0.283,0.381,0.358,0.74,39,142,120,20,34,3,0,2,16,2,17,13,9,0
2021,"All Division I","Taylor Bauman","FGCU",0.304,0.373,0.509,0.882,43,129,112,10,34,8,0,5,19,0,13,27,1,1
2021,"All Division I","Taylor Bump","Michigan",0.323,0.415,0.669,1.084,44,149,127,21,41,6,1,12,31,3,17,23,0,0
2021,"All Division I","Taylor Cates","Kennesaw State",0.226,0.333,0.568,0.902,52,171,146,24,33,5,0,15,41,0,24,40,1,0
2021,"All Division I","Taylor Charlton","Winthrop",0.292,0.379,0.633,1.012,46,142,120,24,35,3,1,12,31,2,16,22,0,1
2021,"All Division I","Taylor Clark","Alabama",0.186,0.223,0.268,0.491,46,112,97,8,18,2,0,2,12,2,3,31,5,1
2021,"All Division I","Taylor Davis","Western Kentucky",0.336,0.358,0.352,0.71,43,141,128,21,43,0,1,0,6,0,5,8,13,1
2021,"All Division I","Taylor Drayton","Army",0.299,0.344,0.425,0.769,29,94,87,14,26,3,1,2,16,2,4,14,3,1
2021,"All Division I","Taylor Ellis","Baylor",0.308,0.331,0.455,0.786,48,148,143,15,44,5,2,4,24,0,5,19,0,1
2021,"All Division I","Taylor Ellsworth","Texas",0.372,0.423,0.637,1.06,48,132,113,16,42,9,0,7,31,0,13,7,0,0
2021,"All Division I","Taylor Engman","North Florida",0.264,0.295,0.286,0.581,43,151,140,17,37,3,0,0,10,0,7,13,13,3
2021,"All Division I","Taylor Gindlesperger","Stanford",0.333,0.385,0.517,0.901,55,196,180,41,60,5,8,4,22,3,12,17,11,6
2021,"All Division I","Taylor Greene","North Carolina",0.261,0.374,0.466,0.84,34,108,88,6,23,6,0,4,21,7,10,13,1,0
2021,"All Division I","Taylor Herschbach","Valparaiso",0.277,0.343,0.372,0.715,39,105,94,7,26,6,0,1,12,2,8,29,0,0
2021,"All Division I","Taylor Hogan","Northern Iowa",0.243,0.323,0.286,0.609,49,161,140,25,34,3,0,1,9,2,16,26,5,1
2021,"All Division I","Taylor Johnson","Omaha",0.314,0.346,0.422,0.767,40,107,102,7,32,5,0,2,16,1,4,10,0,0
2021,"All Division I","Taylor Keinath","Loyola Marymount",0.257,0.348,0.356,0.704,35,116,101,13,26,5,1,1,2,2,12,10,10,1
2021,"All Division I","Taylor Lambert","Indiana",0.267,0.291,0.438,0.729,42,113,105,27,28,4,1,4,12,1,3,16,12,1
2021,"All Division I","Taylor Ludwick","Colgate",0.26,0.327,0.438,0.765,32,108,96,16,25,8,0,3,14,2,8,20,4,0
2021,"All Division I","Taylor Marinelli","Saint Joseph's",0.275,0.367,0.363,0.73,37,111,91,13,25,5,0,1,7,6,9,20,1,0
2021,"All Division I","Taylor Medina","UTSA",0.205,0.258,0.348,0.607,37,120,112,12,23,4,0,4,13,2,6,25,1,0
2021,"All Division I","Taylor Okada","Maryland",0.339,0.404,0.394,0.798,43,141,127,8,43,5,1,0,8,1,13,9,7,1
2021,"All Division I","Taylor Pack","Ohio State",0.263,0.346,0.325,0.671,42,132,114,9,30,7,0,0,11,6,9,20,0,0
2021,"All Division I","Taylor Pleasants","LSU",0.316,0.416,0.605,1.021,57,211,177,37,56,12,0,13,49,4,27,14,3,0
2021,"All Division I","Taylor Roby","Louisville",0.359,0.48,0.697,1.177,50,175,142,17,51,6,0,14,43,7,26,36,0,0
2021,"All Division I","Taylor Sweigart","Coastal Carolina",0.28,0.421,0.48,0.901,43,129,100,28,28,4,2,4,14,4,21,10,2,1
2021,"All Division I","Taylor Tonoian","Valparaiso",0.111,0.219,0.254,0.473,31,73,63,5,7,0,0,3,10,2,7,12,0,0
2021,"All Division I","Taylor Watford","UAB",0.208,0.314,0.292,0.606,39,86,72,4,15,6,0,0,8,4,8,13,0,1
2021,"All Division I","Taylor Wolfgang","Bucknell",0.28,0.417,0.476,0.893,30,103,82,14,23,4,0,4,20,1,19,18,1,0
2021,"All Division I","Taylor Woods","Alabama A&M",0.27,0.391,0.378,0.77,30,96,74,18,20,1,2,1,9,7,9,18,8,1
2021,"All Division I","Tayven Rousseau","Saint Francis",0.293,0.411,0.534,0.945,49,165,133,28,39,2,0,10,43,12,16,18,4,0
2021,"All Division I","Teaghan Cowles","Stanford",0.266,0.37,0.296,0.666,55,200,169,35,45,5,0,0,16,5,24,16,17,1
2021,"All Division I","Teah Thies","UC Santa Barbara",0.311,0.348,0.434,0.783,42,133,122,12,38,8,2,1,16,3,5,21,3,0
2021,"All Division I","TeAnn Bringle","Indiana State",0.213,0.295,0.298,0.593,43,106,94,11,20,2,0,2,10,2,9,14,2,0
2021,"All Division I","Tegan Cortelletti","Ohio State",0.276,0.304,0.283,0.587,43,140,127,21,35,1,0,0,7,1,5,15,18,0
2021,"All Division I","Terra McGowan","Oregon",0.308,0.341,0.432,0.773,53,179,169,24,52,6,0,5,26,2,7,15,6,1
2021,"All Division I","Tess Weakly","Missouri State",0.287,0.378,0.461,0.839,43,136,115,15,33,9,1,3,22,1,17,23,5,2
2021,"All Division I","Tevanae Tate","Texas Southern",0.376,0.438,0.688,1.126,32,106,93,15,35,4,5,5,25,2,9,16,2,1
2021,"All Division I","Tiana Patrick","California Baptist",0.314,0.371,0.467,0.837,42,119,105,11,33,5,1,3,22,0,10,12,0,0
2021,"All Division I","Tierney Fitzgerald","St. Bonaventure",0.2,0.222,0.314,0.537,24,72,70,2,14,3,1,1,5,1,1,30,0,0
2021,"All Division I","Tiffany Domingue","USC Upstate",0.297,0.333,0.547,0.88,40,138,128,23,38,10,2,6,33,1,7,7,4,0
2021,"All Division I","Tiffany Giese","Green Bay",0.328,0.364,0.381,0.744,41,145,134,22,44,3,2,0,13,0,8,24,9,1
2021,"All Division I","Tiffany Mangiameli","Merrimack",0.239,0.417,0.261,0.678,19,62,46,9,11,1,0,0,5,8,6,12,3,0
2021,"All Division I","Tiffany Stevens","Akron",0.242,0.271,0.348,0.62,50,143,132,13,32,9,1,1,9,0,6,24,2,0
2021,"All Division I","Tiler Noyola","Texas A&M-Corpus Christi",0.307,0.41,0.401,0.811,45,163,137,28,42,5,1,2,14,1,23,22,22,2
2021,"All Division I","Timberlyn Shurbutt","Samford",0.322,0.338,0.552,0.89,45,155,143,22,46,13,1,6,24,2,4,20,1,1
2021,"All Division I","TJ Webster","Western Kentucky",0.331,0.383,0.362,0.745,47,150,130,21,43,2,1,0,9,2,9,12,19,3
2021,"All Division I","Toni Martin","Syracuse",0.198,0.271,0.397,0.668,44,133,116,15,23,3,1,6,15,0,12,43,10,1
2021,"All Division I","Toni Perrin","McNeese",0.317,0.407,0.403,0.81,51,166,139,27,44,5,2,1,18,3,19,25,28,5
2021,"All Division I","Tori Alvarez-Lopez","Incarnate Word",0.223,0.239,0.295,0.534,41,123,112,6,25,5,0,1,11,0,3,13,0,1
2021,"All Division I","Tori Gilbert","Virginia",0.214,0.265,0.388,0.654,37,114,103,17,22,3,0,5,10,3,5,21,5,0
2021,"All Division I","Tori Mueller","UMass Lowell",0.258,0.31,0.258,0.567,25,72,66,16,17,0,0,0,3,0,5,4,3,0
2021,"All Division I","Tricia Awald","Georgia Tech",0.411,0.555,0.726,1.281,46,164,124,26,51,6,0,11,31,6,34,16,0,0
2021,"All Division I","Trinity Gibbs","Howard",0.286,0.385,0.375,0.76,27,67,56,8,16,5,0,0,12,0,9,6,1,0
2021,"All Division I","Trinity Spear","Morehead State",0.162,0.224,0.162,0.386,37,107,99,13,16,0,0,0,6,1,7,28,10,1
2021,"All Division I","Trinity Sterrett","Gardner-Webb",0.208,0.288,0.208,0.496,27,86,72,6,15,0,0,0,2,0,8,24,4,0
2021,"All Division I","Tristen Edwards","Nebraska",0.322,0.583,0.644,1.227,40,144,87,29,28,7,0,7,17,17,39,16,8,0
2021,"All Division I","Tuesday DerMargosian","North Texas",0.394,0.439,0.542,0.981,46,156,142,29,56,9,0,4,19,0,12,4,15,3
2021,"All Division I","Tuli Iosefa","Norfolk State",0.33,0.434,0.641,1.075,39,129,103,19,34,6,1,8,36,5,17,10,0,0
2021,"All Division I","Tylar Vernon","Central Arkansas",0.253,0.373,0.313,0.686,44,120,99,14,25,6,0,0,10,5,14,31,8,0
2021,"All Division I","Tyler Goldstein","UC Santa Barbara",0.193,0.254,0.252,0.506,46,130,119,10,23,7,0,0,10,1,9,19,1,0
2021,"All Division I","Tyra Triplett","Grambling",0.237,0.297,0.305,0.602,22,67,59,11,14,2,1,0,4,1,4,8,8,0
2021,"All Division I","Val Rudd","Abilene Christian",0.283,0.338,0.48,0.818,45,143,127,18,36,8,4,3,16,0,11,13,5,0
2021,"All Division I","Valerie Cagle","Clemson",0.404,0.492,0.821,1.312,52,184,156,43,63,12,1,17,45,0,27,27,4,1
2021,"All Division I","Vanessa M. Hernandez","Fresno State",0.33,0.469,0.57,1.039,40,130,100,22,33,1,1,7,29,2,26,25,2,1
2021,"All Division I","Venessa Gallegos","Florida International",0.355,0.417,0.488,0.905,40,139,121,19,43,5,1,3,33,1,14,17,8,5
2021,"All Division I","Vianna Barron","Eastern Kentucky",0.262,0.329,0.369,0.698,47,146,130,16,34,5,0,3,26,4,10,21,0,2
2021,"All Division I","Vicki Zaluske","Bradley",0.278,0.368,0.398,0.766,42,129,108,15,30,7,0,2,15,5,11,21,4,2
2021,"All Division I","Victoria Alvarez","Creighton",0.22,0.333,0.288,0.621,27,70,59,8,13,4,0,0,4,2,8,21,1,0
2021,"All Division I","Victoria Rodebaugh","Jacksonville",0.311,0.361,0.377,0.739,48,168,151,20,47,6,2,0,17,4,9,14,4,4
2021,"All Division I","Victoria Zatko","LaSalle",0.247,0.299,0.481,0.78,30,87,81,7,20,7,0,4,16,2,4,20,1,0
2021,"All Division I","Virginia Irby","Colgate",0.33,0.478,0.5,0.978,32,117,88,26,29,9,0,2,17,10,16,13,2,1
2021,"All Division I","Walker Barbee","Pittsburgh",0.214,0.3,0.388,0.688,42,110,98,8,21,2,0,5,14,0,12,23,0,0
2021,"All Division I","Weslyn Almond","Gardner-Webb",0.293,0.402,0.341,0.744,29,101,82,8,24,4,0,0,4,3,12,10,6,1
2021,"All Division I","Whitney Hinton","Samford",0.311,0.385,0.541,0.925,44,157,135,27,42,7,0,8,23,7,11,23,1,0
2021,"All Division I","Xiao Gin","Oregon State",0.229,0.294,0.321,0.615,45,124,109,14,25,6,2,0,5,2,8,26,0,3
2021,"All Division I","Yamila Evans","Siena",0.317,0.381,0.515,0.895,32,116,101,17,32,8,0,4,19,3,8,7,1,0
2021,"All Division I","Yazmine Romero","Youngstown State",0.273,0.294,0.297,0.591,51,172,165,28,45,1,0,1,3,0,5,25,8,3
2021,"All Division I","Yvonne Whaley","Texas Tech",0.342,0.381,0.425,0.805,44,156,146,24,50,9,0,1,15,0,9,10,8,1
2021,"All Division I","Zaylie Calderon","UTEP",0.25,0.297,0.269,0.567,35,112,104,14,26,2,0,0,3,0,7,18,1,2
2021,"All Division I","Zoe Bender","Wagner",0.372,0.413,0.442,0.856,33,121,113,29,42,2,3,0,4,1,7,15,4,0
2021,"All Division I","Zoe Hicks","Louisiana Tech",0.246,0.406,0.377,0.783,49,166,130,24,32,6,1,3,12,5,30,20,4,1
2021,"All Division I","Zoe Jones","Texas Tech",0.2,0.303,0.276,0.579,39,122,105,12,21,2,0,2,8,7,9,29,0,0
2021,"All Division I","Zoe Mihalicz","Eastern Kentucky",0.303,0.357,0.461,0.817,52,171,152,30,46,6,0,6,27,4,11,24,1,0
2021,"All Division I","Zoe Schafer","SIUE",0.352,0.372,0.563,0.935,39,138,128,18,45,6,0,7,29,2,4,7,1,0
2021,"All Division I","Zoey Keyes","Jackson State",0.247,0.35,0.326,0.675,33,106,89,12,22,7,0,0,15,6,8,15,3,0
2021,"All Division I","Abby Robertson","California Baptist",0.245,0.346,0.338,0.684,51,169,139,10,34,7,0,2,14,3,19,11,1,0
2021,"All Division I","Alexa Schultz","San Diego State",0.267,0.361,0.578,0.938,40,135,116,20,31,7,1,9,26,2,15,24,3,1
2021,"All Division I","Alexis Lemus","Cal State Northridge",0.289,0.357,0.395,0.752,23,85,76,7,22,5,0,1,2,2,6,15,3,1
2021,"All Division I","Alexis Mack","Alabama",0.398,0.454,0.441,0.895,61,215,186,63,74,6,1,0,19,2,17,15,24,4
2021,"All Division I","Alysen Febrey","Oklahoma State",0.4,0.445,0.784,1.229,60,209,185,34,74,17,0,18,60,0,19,21,3,0
2021,"All Division I","Bree Comer","Mercer",0.238,0.371,0.317,0.688,45,127,101,13,24,5,0,1,16,1,21,25,2,1
2021,"All Division I","Cammy Pereira","Clemson",0.295,0.324,0.417,0.74,45,141,132,21,39,3,2,3,15,2,4,23,6,0
2021,"All Division I","Carmyn Greenwood","Louisville",0.43,0.464,0.547,1.011,50,185,172,31,74,9,1,3,29,3,8,24,11,3
2021,"All Division I","Casidy Chaumont","Missouri",0.259,0.335,0.396,0.731,51,155,139,27,36,6,2,3,20,2,14,26,5,1
2021,"All Division I","Chandley Garner","East Carolina",0.25,0.329,0.487,0.816,49,172,152,24,38,6,0,10,29,3,15,39,3,1
2021,"All Division I","Claire Blount","Campbell",0.264,0.363,0.425,0.787,41,126,106,18,28,9,1,2,17,0,17,19,2,0
2021,"All Division I","Danielle Romanello","San Diego State",0.26,0.393,0.407,0.8,44,151,123,14,32,9,0,3,16,6,21,17,0,1
2021,"All Division I","Daryn Haslam","Texas Southern",0.278,0.4,0.367,0.767,31,97,79,11,22,3,2,0,12,1,15,15,1,0
2021,"All Division I","Delanie Wisz","UCLA",0.296,0.368,0.636,1.003,54,185,162,23,48,13,0,14,44,3,17,19,1,1
2021,"All Division I","Desiree Bumpers","Arkansas-Pine Bluff",0.177,0.227,0.21,0.437,24,66,62,4,11,2,0,0,3,0,4,23,1,0
2021,"All Division I","Destini England","Campbell",0.358,0.425,0.54,0.965,47,155,137,29,49,11,7,0,16,0,16,14,20,5
2021,"All Division I","Georgia Blair","UCF",0.282,0.404,0.549,0.953,53,171,142,24,40,5,0,11,36,1,28,25,1,1
2021,"All Division I","Georgia Land","North Alabama",0.274,0.34,0.405,0.745,34,96,84,4,23,5,0,2,10,3,6,17,0,0
2021,"All Division I","Grace Chelemen","Marshall",0.353,0.404,0.471,0.874,31,118,102,21,36,6,0,2,15,1,9,14,3,6
2021,"All Division I","Grace Mattimore","Clemson",0.253,0.389,0.319,0.708,40,116,91,10,23,3,0,1,11,4,17,9,1,0
2021,"All Division I","Hayley Busby","Oklahoma State",0.376,0.417,0.794,1.211,58,180,165,33,62,12,0,19,49,3,10,23,0,0
2021,"All Division I","Hope Hernandez","FGCU",0.262,0.295,0.346,0.64,40,112,107,11,28,9,0,0,8,0,5,12,5,1
2021,"All Division I","Joirea Dumas","North Carolina Central",0.333,0.377,0.601,0.979,44,151,138,15,46,10,0,9,27,0,11,10,0,0
2021,"All Division I","Josie Muffley","Florida State",0.199,0.339,0.25,0.589,63,173,136,22,27,4,0,1,18,16,13,16,10,2
2021,"All Division I","Justene Molina","UCF",0.234,0.278,0.298,0.577,59,139,124,13,29,5,0,1,13,3,5,9,7,2
2021,"All Division I","Kassidy Krupit","South Carolina",0.301,0.359,0.487,0.846,52,181,156,14,47,11,0,6,45,7,11,31,1,0
2021,"All Division I","Kelsey Brown","Virginia Tech",0.384,0.406,0.465,0.871,51,183,172,46,66,4,5,0,20,1,6,14,31,0
2021,"All Division I","Kennedi Sorensen","UC Riverside",0.257,0.304,0.41,0.713,33,112,105,9,27,11,1,1,16,1,6,11,1,0
2021,"All Division I","Kennedy Johnson","UL Monroe",0.296,0.357,0.384,0.741,47,145,125,16,37,6,1,1,21,5,8,9,3,0
2021,"All Division I","Kiana Workman","Rutgers",0.206,0.248,0.29,0.538,41,116,107,7,22,6,0,1,13,0,6,23,1,1
2021,"All Division I","KK Crocker","UAB",0.259,0.392,0.319,0.71,47,167,135,29,35,5,0,1,14,2,28,24,2,3
2021,"All Division I","Kylie George","Texas State",0.304,0.37,0.304,0.674,40,130,115,21,35,0,0,0,5,1,11,23,9,0
2021,"All Division I","Kylie Norwood","Tulsa",0.396,0.469,0.633,1.102,41,161,139,32,55,13,1,6,28,3,17,11,1,0
2021,"All Division I","Love Drumgole","Albany",0.242,0.281,0.286,0.567,32,96,91,12,22,4,0,0,10,0,5,20,3,0
2021,"All Division I","MacKenzie Meech","Michigan State",0.278,0.304,0.324,0.628,38,115,108,10,30,2,0,1,6,2,2,12,0,1
2021,"All Division I","Madison Carr","Utah Valley",0.278,0.3,0.325,0.625,47,131,126,22,35,4,1,0,7,0,4,18,6,2
2021,"All Division I","Madison Kennedy","Jacksonville",0.264,0.319,0.585,0.904,44,116,106,13,28,8,1,8,32,1,8,21,1,0
2021,"All Division I","Makinzy Herzog","Texas A&M",0.352,0.427,0.653,1.081,55,199,176,44,62,15,1,12,37,3,20,21,17,4
2021,"All Division I","MeKenzie Saban","Saint Francis",0.452,0.508,0.655,1.163,50,188,168,52,76,20,1,4,29,6,13,10,19,5
2021,"All Division I","Morgan Kummer","Wisconsin",0.213,0.292,0.361,0.653,40,121,108,17,23,5,1,3,10,0,12,30,4,2
2021,"All Division I","Mya Felder","Oregon",0.274,0.399,0.453,0.852,52,143,117,12,32,6,0,5,21,4,21,18,0,0
2021,"All Division I","Nicole Bowman","Charlotte",0.321,0.428,0.504,0.931,48,159,131,28,42,7,1,5,20,3,23,20,1,1
2021,"All Division I","Olivia Ward","Lipscomb",0.242,0.361,0.323,0.684,36,123,99,11,24,5,0,1,17,1,19,15,3,0
2021,"All Division I","Paola Villegas","Northern Colorado",0.271,0.331,0.383,0.714,38,121,107,11,29,7,1,1,14,7,3,7,1,0
2021,"All Division I","Riley Sheehy","Iowa",0.288,0.382,0.344,0.726,44,153,125,18,36,3,2,0,11,5,14,14,6,4
2021,"All Division I","Rock Benavides","Houston",0.238,0.369,0.346,0.716,49,163,130,15,31,5,0,3,15,12,15,24,5,1
2021,"All Division I","Saige Pye","Marshall",0.395,0.459,0.663,1.122,25,98,86,14,34,5,0,6,23,3,8,9,0,1
2021,"All Division I","Sara Lillie","San Diego State",0.236,0.299,0.404,0.703,39,98,89,13,21,4,1,3,14,2,6,14,4,2
2021,"All Division I","Suzy Brookshire","Long Beach State",0.4,0.469,0.758,1.227,41,143,120,38,48,5,4,10,49,5,14,10,4,0
2021,"All Division I","Sydney Stavro","Georgia State",0.214,0.294,0.235,0.528,36,113,98,10,21,0,1,0,4,2,9,16,2,1
2021,"All Division I","Taryn Young","New Mexico",0.138,0.248,0.245,0.492,42,110,94,9,13,4,0,2,8,3,11,38,1,1
2021,"All Division I","Tatyana Forbes","NC State",0.359,0.42,0.394,0.815,46,157,142,25,51,3,1,0,13,0,15,25,14,3
2021,"All Division I","Taylon Snow","Oklahoma",0.328,0.385,0.496,0.881,55,149,131,43,43,9,2,3,37,6,8,12,4,0
2021,"All Division I","Tommi Stowers","Monmouth",0.366,0.423,0.634,1.057,34,104,93,14,34,13,0,4,28,1,9,10,2,0
2021,"All Division I","Tyler King","Auburn",0.288,0.336,0.341,0.677,49,147,132,17,38,3,2,0,7,1,9,7,7,5
2021,"All Division I","Danielle Gibson","Arkansas",0.355,0.408,0.715,1.123,50,191,172,32,61,15,1,15,51,3,14,20,0,0
2021,"All Division I","Kaitlyn Alderink","UL Lafayette",0.34,0.426,0.438,0.864,59,192,162,42,55,13,0,1,21,9,16,14,17,1
2021,"All Division I","Kassidy Cross","Jacksonville",0.301,0.429,0.358,0.786,49,159,123,16,37,5,1,0,9,1,28,22,3,1
2021,"All Division I","Katie Prebble","South Carolina",0.254,0.328,0.418,0.746,44,137,122,16,31,5,0,5,20,2,12,29,1,1
2021,"All Division I","Katie Stettler","UNC Greensboro",0.225,0.306,0.477,0.784,44,127,111,26,25,3,2,7,14,3,10,14,1,0
2021,"All Division I","Katie Wingerter","Illinois",0.219,0.328,0.362,0.69,42,127,105,6,23,4,1,3,12,7,11,32,2,0
2021,"All Division I","Kayla Fredendall","Campbell",0.23,0.357,0.451,0.808,46,142,113,15,26,4,0,7,25,4,20,20,1,0
2021,"All Division I","Kendall Talley","UL Lafayette",0.343,0.4,0.47,0.87,49,151,134,39,46,8,0,3,26,13,1,17,14,4
2021,"All Division I","Kendyl Lindaman","Florida",0.319,0.452,0.531,0.984,56,199,160,18,51,10,0,8,37,0,39,18,2,1
2021,"All Division I","Kimberly Wert","Missouri",0.299,0.359,0.644,1.003,57,195,174,30,52,9,0,17,48,1,17,29,0,0
2021,"All Division I","Lauren Burke","Texas",0.302,0.37,0.415,0.785,55,183,159,27,48,5,2,3,32,2,17,13,3,2
2021,"All Division I","Paige Rauch","Villanova",0.414,0.546,0.704,1.25,52,205,152,46,63,13,2,9,43,4,45,13,6,1
2021,"All Division I","Kennedy Legg","Penn State",0.228,0.337,0.43,0.767,33,92,79,4,18,5,1,3,9,5,8,31,0,0
2021,"All Division I","Alexis Hargrove","Bellarmine",0.197,0.337,0.324,0.661,31,87,71,11,14,1,1,2,9,5,10,13,4,1
2021,"All Division I","Anna Greenwell","Bellarmine",0.078,0.181,0.078,0.259,30,75,64,10,5,0,0,0,1,0,8,13,1,0
2021,"All Division I","Ashley Meckley","Charleston Southern",0.277,0.392,0.653,1.045,35,121,101,19,28,6,1,10,20,0,19,16,8,0
2021,"All Division I","Bobbi Aguirre","UC San Diego",0.371,0.455,0.495,0.95,35,126,105,15,39,4,0,3,20,4,12,6,4,0
2021,"All Division I","Carley Ziegler","Bellarmine",0.194,0.229,0.239,0.467,29,73,67,3,13,3,0,0,2,1,2,15,1,0
2021,"All Division I","Danica Kazakoff","UC San Diego",0.275,0.375,0.333,0.708,29,83,69,10,19,4,0,0,10,2,9,5,8,2
2021,"All Division I","Destiny Crumpley","Tarleton State",0.18,0.229,0.281,0.51,45,140,128,8,23,1,0,4,24,2,7,30,0,0
2021,"All Division I","Georgia Capell","Tarleton State",0.276,0.382,0.506,0.888,53,188,156,29,43,12,0,8,26,15,13,27,2,0
2021,"All Division I","Grace Werner","Bellarmine",0.297,0.396,0.319,0.715,30,106,91,21,27,2,0,0,1,1,14,17,11,2
2021,"All Division I","Hannah Hughbanks","Utah Tech",0.401,0.479,0.655,1.134,44,167,142,35,57,18,0,6,28,0,22,25,2,1
2021,"All Division I","Hannah Webb","Bellarmine",0.252,0.278,0.288,0.567,37,123,111,7,28,4,0,0,8,0,4,11,0,0
2021,"All Division I","Hattie Hartman","Bellarmine",0.169,0.233,0.241,0.474,33,90,83,3,14,6,0,0,2,0,7,18,0,0
2021,"All Division I","Isabel Lavrov","UC San Diego",0.269,0.343,0.398,0.741,35,112,93,13,25,7,1,1,16,3,8,8,6,0
2021,"All Division I","Kasey Crawford","Utah Tech",0.298,0.345,0.435,0.781,42,139,124,13,37,11,0,2,22,0,11,18,4,4
2021,"All Division I","Keila Bosinger","UC San Diego",0.31,0.4,0.442,0.842,35,131,113,27,35,6,0,3,8,8,9,14,6,3
2021,"All Division I","Kirsten Quigley","Utah Tech",0.238,0.306,0.257,0.564,44,117,101,21,24,2,0,0,8,0,10,15,3,2
2021,"All Division I","Malory Eldredge","Utah Tech",0.356,0.377,0.492,0.869,41,142,132,20,47,8,2,2,28,1,4,13,5,0
2021,"All Division I","Meagan Anders","Utah Tech",0.324,0.406,0.566,0.972,44,166,145,32,47,12,1,7,28,2,18,27,8,2
2021,"All Division I","Mikaela Thomson","Utah Tech",0.325,0.42,0.651,1.071,44,151,126,24,41,8,0,11,47,4,18,28,0,2
2021,"All Division I","Miranda Pruitt","Tarleton State",0.155,0.248,0.381,0.629,44,112,97,12,15,1,0,7,20,8,4,36,0,0
2021,"All Division I","Morgan Medford","Tarleton State",0.245,0.347,0.299,0.646,53,174,147,21,36,4,2,0,11,3,21,33,2,0
2021,"All Division I","Peyton Robinson","New Mexico",0.25,0.296,0.274,0.57,45,141,124,19,31,3,0,0,3,0,9,21,4,1
2021,"All Division I","Shea Clements","Utah Tech",0.299,0.381,0.445,0.826,44,156,137,25,41,11,0,3,30,2,16,18,6,1
2021,"All Division I","Sherriah Harrington","UC San Diego",0.311,0.392,0.5,0.892,33,121,106,24,33,8,0,4,23,6,8,11,5,1
2021,"All Division I","Sophia Real","UC San Diego",0.255,0.345,0.296,0.641,35,127,98,8,25,2,1,0,8,3,11,10,0,1
2021,"All Division I","Sydney Young","Bellarmine",0.237,0.275,0.361,0.635,37,105,97,4,23,6,0,2,16,1,4,26,0,0
2021,"All Division I","Dayna Denner","Toledo",0.421,0.55,0.834,1.385,53,190,145,28,61,19,1,13,37,6,37,26,1,0
2021,"All Division I","Hallie Saintignan","Tarleton State",0.254,0.297,0.261,0.558,52,154,138,18,35,1,0,0,9,0,9,14,6,1
2021,"All Division I","Kaitlyn Kelley","UT Martin",0.338,0.373,0.742,1.114,46,164,151,26,51,10,0,17,48,0,9,20,0,0
2021,"All Division I","Kyndal Pirtle","Tulsa",0.224,0.286,0.263,0.549,31,85,76,15,17,1,1,0,7,0,7,13,5,1
2021,"All Division I","Madie Green","Louisiana Tech",0.297,0.397,0.5,0.897,44,145,118,21,35,8,2,4,22,3,18,27,5,1
2021,"All Division I","Shaylee Alani","Abilene Christian",0.306,0.338,0.44,0.778,46,142,134,16,41,12,0,2,26,1,6,27,3,0
2021,"All Division I","Avery Miloch","Abilene Christian",0.241,0.299,0.474,0.772,47,146,133,21,32,4,0,9,19,0,11,34,3,0
2021,"All Division I","Kiyah Garrett","Charlotte",0.265,0.327,0.445,0.773,49,171,155,17,41,13,0,5,35,2,13,26,0,0
2021,"All Division I","Chevelle Sartin","North Dakota",0.193,0.27,0.319,0.588,50,154,135,16,26,9,1,2,14,10,5,22,1,0
2021,"All Division I","Billie Andrews","Nebraska",0.315,0.367,0.517,0.885,44,159,143,32,45,4,2,7,31,2,11,30,10,4
2021,"All Division I","Kaylin Kinney","Nebraska",0.238,0.344,0.425,0.769,37,93,80,8,19,3,0,4,11,2,11,21,0,0
2021,"All Division I","Madison Dudek","Akron",0.193,0.255,0.29,0.544,52,164,145,12,28,7,2,1,10,1,11,29,3,0
2021,"All Division I","Serena Herbranson","Alabama A&M",0.256,0.264,0.322,0.586,30,97,90,6,23,4,1,0,8,0,1,9,1,1
2021,"All Division I","Esperanza Coe","Alabama A&M",0.314,0.352,0.535,0.887,29,91,86,11,27,4,0,5,17,0,5,13,1,0
2021,"All Division I","Marsha Hunt","Alcorn State",0.281,0.314,0.385,0.699,29,102,96,12,27,7,0,1,21,0,5,10,1,0
2021,"All Division I","Kayt Houston","Appalachian State",0.326,0.387,0.504,0.89,43,152,135,12,44,8,2,4,24,3,11,22,0,1
2021,"All Division I","Carlie Scupin","Arizona",0.343,0.412,0.612,1.024,54,153,134,21,46,7,1,9,38,1,16,26,0,0
2021,"All Division I","Keely Huffine","Arkansas",0.167,0.268,0.292,0.56,53,147,120,20,20,0,0,5,11,6,11,37,1,0
2021,"All Division I","Sydney Cox","Auburn",0.256,0.355,0.355,0.71,47,145,121,11,31,9,0,1,12,2,17,20,3,2
2021,"All Division I","Makayla Packer","Auburn",0.303,0.384,0.444,0.828,42,117,99,19,30,3,1,3,15,3,10,27,16,0
2021,"All Division I","Violet Zavodnik","BYU",0.414,0.516,0.803,1.319,55,187,152,43,63,10,5,13,48,12,21,25,16,2
2021,"All Division I","Kayla Lissy","Ball State",0.366,0.432,0.559,0.991,49,163,145,43,53,4,9,2,18,3,14,25,18,3
2021,"All Division I","Zadie LaValley","Baylor",0.204,0.328,0.311,0.639,43,125,103,5,21,5,0,2,19,1,19,25,1,0
2021,"All Division I","Carson Goatley","Bellarmine",0.121,0.192,0.182,0.374,28,73,66,1,8,1,0,1,5,0,6,17,0,0
2021,"All Division I","Kaley Varner","Belmont",0.194,0.231,0.33,0.562,38,108,103,10,20,3,1,3,14,0,5,35,0,1
2021,"All Division I","Jordyn Hutchins","Boise State",0.276,0.353,0.534,0.888,44,133,116,20,32,7,1,7,30,3,12,24,5,1
2021,"All Division I","Nicole Giery","Boston College",0.231,0.287,0.308,0.594,45,146,130,13,30,7,0,1,13,4,7,22,1,0
2021,"All Division I","Lauren Keleher","Boston University",0.339,0.438,0.47,0.908,40,140,115,23,39,3,3,2,15,2,19,9,2,0
2021,"All Division I","Jayme Gross","Brown",0.167,0.167,0.167,0.333,2,6,6,0,1,0,0,0,0,0,0,0,0,0
2021,"All Division I","Trystan Salvador","Bryant",0.255,0.317,0.291,0.608,24,60,55,5,14,0,1,0,3,1,4,14,2,3
2021,"All Division I","Niki Mabry","Bucknell",0.243,0.312,0.243,0.555,27,79,70,7,17,0,0,0,2,0,7,14,6,1
2021,"All Division I","Zoie Smith","Bucknell",0.261,0.313,0.523,0.835,29,96,88,12,23,5,0,6,22,1,6,15,0,0
2021,"All Division I","Noelle Gardon","Bucknell",0.118,0.233,0.118,0.351,25,61,51,5,6,0,0,0,2,1,7,19,1,1
2021,"All Division I","Madison Fernimen","Buffalo",0.2,0.265,0.319,0.583,51,151,135,18,27,7,0,3,12,3,10,34,6,1
2021,"All Division I","Rachel Steffan","Buffalo",0.308,0.481,0.519,1,53,183,133,30,41,5,1,7,28,16,31,39,19,4
2021,"All Division I","Hannah Becerra","Cal State Fullerton",0.356,0.439,0.763,1.202,50,158,135,38,48,9,2,14,47,3,18,14,9,3
2021,"All Division I","KK Humphreys","Cal State Fullerton",0.366,0.413,0.627,1.039,51,161,142,33,52,10,0,9,35,2,12,16,15,3
2021,"All Division I","Peyton Toto","Cal State Fullerton",0.282,0.327,0.466,0.793,45,112,103,13,29,7,0,4,19,3,4,15,4,1
2021,"All Division I","Mia Alvarez","California Baptist",0.163,0.226,0.184,0.41,50,108,98,9,16,2,0,0,6,0,8,21,1,1
2021,"All Division I","Ashley McBay","California Baptist",0.286,0.301,0.341,0.642,52,187,182,28,52,6,2,0,14,0,4,21,9,0
2021,"All Division I","Maile Olsen","California Baptist",0.195,0.267,0.297,0.564,47,136,118,10,23,10,1,0,15,2,10,23,0,0
2021,"All Division I","Delaney McDilda","Campbell",0.279,0.408,0.433,0.84,47,133,104,15,29,3,2,3,25,3,21,26,2,0
2021,"All Division I","Sydney Costan","Canisius",0.304,0.453,0.424,0.877,35,118,92,17,28,5,0,2,16,5,20,20,2,0
2021,"All Division I","Gianna Fazzolari","Canisius",0.27,0.308,0.459,0.767,36,130,122,15,33,9,1,4,27,1,6,18,1,1
2021,"All Division I","Destiny Falquez","Canisius",0.241,0.365,0.367,0.732,32,96,79,8,19,4,0,2,16,0,16,16,0,0
2021,"All Division I","Tremere Harris","Central Arkansas",0.33,0.394,0.357,0.75,49,128,115,23,38,3,0,0,9,1,11,21,26,4
2021,"All Division I","Kristen Whitehouse","Central Arkansas",0.285,0.333,0.465,0.799,56,159,144,19,41,8,0,6,22,5,6,28,1,0
2021,"All Division I","Paige Stringer","Central Connecticut",0.336,0.433,0.701,1.134,38,127,107,24,36,6,0,11,36,0,19,35,1,1
2021,"All Division I","Abbey Tolmie","Central Michigan",0.355,0.406,0.434,0.84,47,169,152,34,54,9,0,1,15,2,11,14,3,3
2021,"All Division I","Kailey Snell","Chattanooga",0.283,0.377,0.326,0.703,35,110,92,14,26,4,0,0,11,3,11,17,4,1
2021,"All Division I","Courtney Ball","Chattanooga",0.303,0.364,0.404,0.768,37,124,99,12,30,7,0,1,12,2,8,16,1,2
2021,"All Division I","Adison Keylon","Chattanooga",0.193,0.294,0.261,0.555,32,109,88,13,17,3,0,1,9,2,11,22,2,0
2021,"All Division I","Liz Rodebaugh","Chattanooga",0.242,0.265,0.364,0.628,34,104,99,8,24,7,1,1,14,2,1,16,3,0
2021,"All Division I","McKenzie Clark","Clemson",0.355,0.431,0.639,1.07,52,195,169,47,60,9,6,9,29,5,19,14,23,6
2021,"All Division I","Kiera Frascone","Cleveland State",0.238,0.311,0.254,0.565,41,137,122,17,29,2,0,0,3,0,13,20,20,1
2021,"All Division I","Jenna Deang","Cleveland State",0.192,0.241,0.202,0.443,45,115,104,11,20,1,0,0,2,1,6,27,4,0
2021,"All Division I","Kara Fusco","Colgate",0.256,0.279,0.439,0.718,31,89,82,7,21,6,0,3,11,0,3,19,0,0
2021,"All Division I","Shealyn Starks","College of Charleston",0.268,0.311,0.339,0.65,39,121,112,10,30,3,1,1,14,0,7,21,3,2
2021,"All Division I","Aniz Roman","College of Charleston",0.265,0.345,0.357,0.703,35,111,98,12,26,5,2,0,2,2,10,21,5,1
2021,"All Division I","Mia Dittoe","College of Charleston",0.231,0.266,0.279,0.545,36,111,104,10,24,2,0,1,9,0,5,10,5,0
2021,"All Division I","Ashley York","Colorado State",0.263,0.301,0.411,0.711,33,106,95,15,25,2,3,2,15,0,6,17,8,0
2021,"All Division I","Jana Sanden","Connecticut",0.333,0.46,0.592,1.052,42,150,120,22,40,7,0,8,34,14,15,31,7,0
2021,"All Division I","Isabella Zalba","Coppin State",0.25,0.353,0.431,0.783,30,86,72,11,18,3,2,2,18,1,11,8,0,1
2021,"All Division I","Taylor Erschen","Dayton",0.24,0.257,0.27,0.527,44,106,100,2,24,3,0,0,13,1,2,15,0,0
2021,"All Division I","Megan Ward","Dayton",0.411,0.445,0.479,0.924,47,175,163,28,67,4,2,1,8,0,10,16,9,4
2021,"All Division I","Nicole Sullivan","DePaul",0.268,0.338,0.408,0.746,28,81,71,7,19,2,1,2,16,1,7,13,1,0
2021,"All Division I","Lexi Moore","Delaware",0.282,0.313,0.309,0.622,33,117,110,23,31,0,0,1,9,0,5,15,15,4
2021,"All Division I","Julz Garber","Delaware",0.369,0.461,0.508,0.968,26,79,65,18,24,7,1,0,8,0,11,18,7,1
2021,"All Division I","Madison Burnite","Delaware State",0.136,0.271,0.136,0.407,26,72,59,4,8,0,0,0,2,1,10,14,1,1
2021,"All Division I","Haylee Lehman","Drake",0.223,0.305,0.234,0.539,42,108,94,18,21,1,0,0,8,2,9,28,4,3
2021,"All Division I","MaKayla Rice","Drake",0.225,0.277,0.333,0.611,43,122,111,20,25,5,2,1,8,2,6,37,13,0
2021,"All Division I","Kelly Torres","Duke",0.238,0.349,0.314,0.663,49,130,105,17,25,5,0,1,16,5,14,10,4,2
2021,"All Division I","Taylor Woodring","East Carolina",0.247,0.461,0.315,0.776,39,103,73,9,18,2,0,1,7,12,17,17,0,0
2021,"All Division I","Lillian Holston","East Tennessee State",0.347,0.449,0.505,0.954,34,119,95,18,33,7,1,2,19,6,14,22,0,0
2021,"All Division I","Aniya Holt","Eastern Illinois",0.191,0.272,0.315,0.586,39,104,89,8,17,0,1,3,16,1,10,15,1,1
2021,"All Division I","Katie Nicholson","Eastern Illinois",0.312,0.359,0.33,0.689,40,120,109,24,34,0,1,0,5,1,7,14,12,2
2021,"All Division I","Jaelyn Sanders","Eastern Kentucky",0.145,0.248,0.3,0.548,50,126,110,27,16,2,0,5,13,4,11,51,8,0
2021,"All Division I","Mekayla Frazier","Elon",0.294,0.385,0.52,0.904,36,117,102,28,30,5,3,4,18,3,12,16,5,3
2021,"All Division I","Gabi Schaal","Elon",0.289,0.331,0.509,0.839,38,125,114,18,33,4,0,7,22,1,7,16,2,0
2021,"All Division I","Grace Kiser","Elon",0.217,0.338,0.433,0.771,31,71,60,10,13,1,0,4,12,2,9,14,0,0
2021,"All Division I","Marah Wood","Evansville",0.303,0.415,0.598,1.014,45,159,132,25,40,6,0,11,32,1,25,35,1,0
2021,"All Division I","Kasey Sekula","Fairfield",0.179,0.238,0.269,0.507,30,85,78,8,14,4,0,1,12,1,5,14,1,0
2021,"All Division I","Avery Goelz","Florida",0.232,0.333,0.286,0.619,46,130,112,17,26,4,1,0,11,0,17,14,3,0
2021,"All Division I","Emily Wilkie","Florida",0.241,0.416,0.414,0.83,51,117,87,13,21,4,1,3,14,16,10,27,0,0
2021,"All Division I","Zoey Jones","Florida Atlantic",0.25,0.289,0.407,0.697,41,114,108,10,27,5,0,4,13,0,6,38,1,0
2021,"All Division I","Kaitlyn Cunningham","Florida Atlantic",0.289,0.309,0.422,0.732,43,141,135,18,39,5,5,1,9,2,2,35,6,4
2021,"All Division I","Kalei Harding","Florida State",0.278,0.357,0.472,0.828,61,199,176,29,49,10,3,6,42,1,21,35,10,1
2021,"All Division I","Bailey Enoch","Fordham",0.304,0.468,0.511,0.979,38,124,92,19,28,4,0,5,22,13,17,10,1,0
2021,"All Division I","Meagan Mullaney","Fort Wayne",0.217,0.32,0.396,0.716,39,130,106,16,23,4,0,5,22,1,15,34,6,0
2021,"All Division I","Keahilele Mattson","Fresno State",0.358,0.416,0.737,1.153,48,154,137,34,49,10,3,12,41,1,14,26,8,2
2021,"All Division I","Ashlee Lykins","Furman",0.219,0.277,0.25,0.527,46,146,128,16,28,4,0,0,14,4,7,22,12,0
2021,"All Division I","Claire Ginder","Furman",0.266,0.385,0.514,0.898,41,132,109,20,29,3,0,8,22,0,21,28,3,3
2021,"All Division I","Katie Mitchell","Gardner-Webb",0.194,0.256,0.236,0.493,28,80,72,8,14,1,1,0,1,1,5,12,2,1
2021,"All Division I","Leslie McNeil","Gardner-Webb",0.309,0.39,0.309,0.698,30,82,68,4,21,0,0,0,2,0,9,15,0,0
2021,"All Division I","Sydney Bales","George Mason",0.284,0.312,0.378,0.69,27,78,74,8,21,3,2,0,7,0,3,22,7,3
2021,"All Division I","Alexa Williams","George Washington",0.363,0.39,0.575,0.965,47,154,146,29,53,12,2,5,41,4,3,9,3,0
2021,"All Division I","Jayda Kearney","Georgia",0.273,0.353,0.46,0.813,50,159,139,22,38,4,2,6,25,1,16,30,7,0
2021,"All Division I","Sydney Chambley","Georgia",0.299,0.371,0.631,1.002,56,177,157,28,47,7,6,11,36,0,18,36,4,1
2021,"All Division I","Ellie Armistead","Georgia",0.228,0.286,0.447,0.733,49,136,123,18,28,5,2,6,15,0,10,20,2,2
2021,"All Division I","Payden Bordeau","Georgia",0.193,0.233,0.349,0.581,44,117,109,9,21,5,0,4,13,0,6,31,0,0
2021,"All Division I","Jin Sileo","Georgia Tech",0.216,0.308,0.336,0.644,46,137,116,24,25,2,0,4,11,4,12,20,11,3
2021,"All Division I","Mallorie Black","Georgia Tech",0.224,0.347,0.255,0.603,41,121,98,12,22,3,0,0,9,1,18,23,0,0
2021,"All Division I","Anjolee Aguilar-Beaucage","Grand Canyon",0.311,0.354,0.467,0.82,49,152,135,14,42,11,2,2,23,3,7,22,2,0
2021,"All Division I","Samantha Saloun","Green Bay",0.352,0.43,0.492,0.922,42,151,128,18,45,9,0,3,22,2,17,14,1,0
2021,"All Division I","Jadin Justman","Green Bay",0.292,0.4,0.521,0.921,38,120,96,18,28,11,1,3,21,1,17,11,2,0
2021,"All Division I","Chandler Mitchell","Hartford",0.25,0.25,0.286,0.536,16,56,56,10,14,2,0,0,2,0,0,15,10,1
2021,"All Division I","Brianna Morse","Hofstra",0.274,0.361,0.484,0.845,26,72,62,12,17,4,0,3,12,1,8,17,2,0
2021,"All Division I","Jessica Mott","Holy Cross",0.179,0.286,0.224,0.51,27,82,67,4,12,0,0,1,3,0,10,15,2,1
2021,"All Division I","Sydni Jones","Howard",0.291,0.352,0.342,0.694,27,89,79,15,23,4,0,0,13,0,8,3,3,3
2021,"All Division I","Morgan Gilbert","IUPUI",0.323,0.35,0.406,0.756,45,169,155,17,50,5,4,0,16,1,6,11,17,3
2021,"All Division I","Victoria Sivert","IUPUI",0.155,0.224,0.196,0.42,36,113,97,9,15,1,0,1,6,0,9,25,4,2
2021,"All Division I","Madi Bylak","Illinois State",0.209,0.295,0.275,0.57,40,113,91,15,19,4,1,0,9,3,9,21,4,0
2021,"All Division I","Reili Gardner","Illinois State",0.23,0.272,0.333,0.605,39,95,87,20,20,4,1,1,10,0,5,32,3,0
2021,"All Division I","Jayden Standish","Illinois State",0.271,0.354,0.553,0.907,33,98,85,11,23,5,2,5,17,1,10,31,0,0
2021,"All Division I","Dee Dee Caskey","Illinois-Chicago",0.274,0.304,0.406,0.709,46,120,106,28,29,4,2,2,12,2,3,28,7,2
2021,"All Division I","Emma Crowley","Illinois-Chicago",0.244,0.302,0.363,0.665,50,155,135,19,33,4,0,4,24,2,10,16,0,0
2021,"All Division I","Brooke Benson","Indiana",0.187,0.307,0.333,0.64,40,91,75,11,14,4,2,1,5,7,6,23,4,1
2021,"All Division I","Grace Lorsung","Indiana",0.286,0.306,0.41,0.716,40,111,105,6,30,4,0,3,20,0,4,17,1,0
2021,"All Division I","Isabella Henning","Indiana State",0.324,0.435,0.59,1.025,48,170,139,27,45,13,0,8,24,9,20,24,2,0
2021,"All Division I","Kayla Haywood","Iona",0.25,0.378,0.367,0.745,26,74,60,9,15,5,1,0,7,1,12,21,2,0
2021,"All Division I","Jamie Sheeran","Iona",0.318,0.39,0.682,1.072,30,101,88,13,28,5,0,9,31,1,10,19,0,1
2021,"All Division I","Marissa Peek","Iowa",0.224,0.265,0.374,0.639,37,116,107,7,24,7,0,3,16,1,5,27,0,1
2021,"All Division I","Denali Loecker","Iowa",0.322,0.399,0.504,0.903,43,139,121,13,39,10,0,4,28,3,13,18,0,0
2021,"All Division I","Brylee Klosterman","Iowa",0.316,0.396,0.436,0.831,43,139,117,20,37,0,4,2,19,1,15,25,2,0
2021,"All Division I","Grace Banes","Iowa",0.195,0.326,0.314,0.64,43,142,118,18,23,5,0,3,12,8,15,18,1,2
2021,"All Division I","Milaysia Ochoa","Iowa State",0.33,0.396,0.516,0.913,57,202,182,33,60,13,0,7,41,10,10,27,18,2
2021,"All Division I","Kali Gose","Iowa State",0.235,0.353,0.243,0.596,43,136,115,9,27,1,0,0,10,4,17,24,5,0
2021,"All Division I","Samiyyah Huckabee","Jackson State",0.267,0.364,0.337,0.701,33,101,86,17,23,2,2,0,7,0,13,28,23,0
2021,"All Division I","Allison Bratek","Jacksonville",0.28,0.366,0.379,0.745,47,154,132,21,37,10,0,1,17,0,19,14,2,0
2021,"All Division I","Samantha Poehlman","Jacksonville",0.306,0.419,0.448,0.867,48,162,134,30,41,9,2,2,13,2,24,32,11,5
2021,"All Division I","Caroline Lively","Jacksonville State",0.093,0.3,0.111,0.411,37,75,54,4,5,1,0,0,2,5,11,22,1,0
2021,"All Division I","Shelby Newsome","Jacksonville State",0.276,0.423,0.397,0.819,46,152,116,25,32,4,2,2,15,14,17,8,1,1
2021,"All Division I","Chaney Phillips","Jacksonville State",0.154,0.195,0.244,0.439,38,90,78,5,12,3,2,0,7,0,4,13,0,0
2021,"All Division I","Lauren Bernett","James Madison",0.235,0.364,0.395,0.759,35,101,81,13,19,4,0,3,10,3,14,17,0,0
2021,"All Division I","Erin Coffel","Kentucky",0.337,0.45,0.663,1.113,59,223,178,47,60,8,1,16,56,15,24,31,4,2
2021,"All Division I","Alyssa Fagans","LaSalle",0.174,0.23,0.174,0.404,30,76,69,4,12,0,0,0,0,0,5,15,1,1
2021,"All Division I","Tessa Dodson","LaSalle",0.294,0.355,0.397,0.752,29,76,68,2,20,4,0,1,4,1,6,23,0,0
2021,"All Division I","Paige Sandidge","Lafayette",0.244,0.311,0.415,0.726,19,46,41,4,10,1,0,2,4,1,3,11,2,1
2021,"All Division I","Aleka Xayaseng","Lamar",0.23,0.255,0.243,0.498,50,153,148,17,34,0,1,0,2,1,4,22,11,2
2021,"All Division I","Brooke Cannon","Lehigh",0.295,0.368,0.371,0.739,34,119,105,20,31,5,0,1,12,2,10,14,5,0
2021,"All Division I","Amanda Greaney","Lehigh",0.273,0.407,0.379,0.786,29,84,66,6,18,4,0,1,14,2,13,16,1,0
2021,"All Division I","Katelyn Belding","Lipscomb",0.219,0.234,0.301,0.535,30,83,73,9,16,3,0,1,5,1,1,11,3,1
2021,"All Division I","Cam Cecil","Long Beach State",0.293,0.368,0.446,0.814,38,107,92,9,27,6,1,2,18,1,11,12,1,0
2021,"All Division I","Caroline Easom","Louisiana Tech",0.215,0.275,0.253,0.528,50,176,158,18,34,3,0,1,18,1,12,19,2,1
2021,"All Division I","Amanda Gonzalez","Louisiana Tech",0.238,0.371,0.327,0.698,44,130,101,15,24,4,1,1,8,15,7,25,6,1
2021,"All Division I","Tristin Court","Louisiana Tech",0.26,0.348,0.4,0.748,42,117,100,12,26,4,2,2,20,6,8,29,0,0
2021,"All Division I","Jocelyn Currie","Loyola Chicago",0.179,0.257,0.254,0.51,33,78,67,9,12,5,0,0,4,1,6,17,2,0
2021,"All Division I","Teagan Sopczak","Loyola Chicago",0.227,0.299,0.261,0.56,36,101,88,4,20,0,0,1,5,1,8,17,4,4
2021,"All Division I","Sydney Barnett","Loyola Chicago",0.206,0.27,0.279,0.55,32,75,68,3,14,2,0,1,7,0,6,18,0,0
2021,"All Division I","Alyssa Daniell","Loyola Marymount",0.291,0.307,0.395,0.702,35,89,86,5,25,3,0,2,12,0,2,10,0,0
2021,"All Division I","Miah McDonald","Marist",0.27,0.333,0.432,0.766,26,83,74,14,20,4,1,2,14,0,7,16,4,1
2021,"All Division I","Paige Halliwill","Marshall",0.263,0.366,0.513,0.878,30,95,80,14,21,4,2,4,15,7,6,20,0,0
2021,"All Division I","Ruby Butler","Maryland",0.182,0.258,0.295,0.553,39,97,88,10,16,2,4,0,3,1,8,16,4,1
2021,"All Division I","Michaela Jones","Maryland",0.138,0.208,0.385,0.593,35,75,65,13,9,0,2,4,11,0,6,22,3,1
2021,"All Division I","Jaeda McFarland","Maryland",0.319,0.349,0.457,0.806,43,146,138,22,44,5,4,2,18,5,2,28,12,2
2021,"All Division I","Chloe Gomez","McNeese",0.279,0.318,0.357,0.675,51,151,140,22,39,5,0,2,21,1,7,17,13,2
2021,"All Division I","Adele Braun","Mercer",0.273,0.429,0.432,0.86,39,122,88,21,24,1,2,3,16,5,19,17,0,0
2021,"All Division I","Annie Potter","Mercer",0.274,0.328,0.381,0.708,46,129,113,14,31,7,1,1,18,0,9,19,6,2
2021,"All Division I","Karli Spaid","Miami (OH)",0.403,0.463,0.889,1.352,48,162,144,56,58,13,3,17,49,3,14,24,19,1
2021,"All Division I","Karlee Juarez","Miami (OH)",0.361,0.461,0.536,0.997,56,208,166,55,60,11,0,6,31,11,24,18,12,1
2021,"All Division I","Sierra Kersten","Michigan",0.224,0.252,0.296,0.548,42,106,98,9,22,7,0,0,9,2,2,33,2,1
2021,"All Division I","Marissa Trivelpiece","Michigan State",0.211,0.352,0.366,0.718,36,88,71,9,15,5,0,2,8,1,15,21,2,1
2021,"All Division I","Kendall Kates","Michigan State",0.221,0.275,0.284,0.559,36,104,95,4,21,3,0,1,11,1,6,18,2,1
2021,"All Division I","Alexis Barroso","Michigan State",0.232,0.321,0.364,0.685,37,113,99,6,23,5,1,2,9,5,8,18,0,0
2021,"All Division I","Nahri Tath-Slezak","Middle Tennessee",0.22,0.31,0.25,0.56,39,121,100,14,22,3,0,0,9,1,12,14,9,1
2021,"All Division I","Sara Kinch","Minnesota",0.252,0.35,0.504,0.855,44,140,119,17,30,3,0,9,17,5,13,34,1,1
2021,"All Division I","Jenna Laird","Missouri",0.369,0.425,0.588,1.013,59,207,187,46,69,13,2,8,38,3,16,26,12,0
2021,"All Division I","Julia Thuer","Monmouth",0.317,0.449,0.535,0.983,34,127,101,22,32,10,0,4,27,1,24,31,0,1
2021,"All Division I","Anna Toon","Montana",0.395,0.441,0.556,0.996,38,93,81,12,32,4,0,3,24,1,8,3,0,0
2021,"All Division I","Peyton Jordan","Morehead State",0.229,0.257,0.313,0.57,35,103,96,12,22,3,1,1,9,2,2,25,2,1
2021,"All Division I","Damishah Charles","Morgan State",0.25,0.301,0.308,0.609,36,117,104,11,26,2,2,0,6,1,7,9,5,1
2021,"All Division I","Taylor Jackson","Murray State",0.191,0.204,0.236,0.44,48,114,110,1,21,3,1,0,10,0,2,39,0,0
2021,"All Division I","Sam Oliver","Nevada",0.33,0.4,0.44,0.84,34,105,91,9,30,1,0,3,21,2,10,12,2,0
2021,"All Division I","Izzy Owen","New Mexico",0.261,0.298,0.313,0.611,40,121,115,7,30,3,0,1,11,1,5,14,3,0
2021,"All Division I","Samantha Hare","Niagara",0.222,0.291,0.333,0.624,26,82,72,8,16,5,0,1,9,2,5,12,4,0
2021,"All Division I","Maggie Kellner","Niagara",0.316,0.388,0.579,0.967,26,85,76,16,24,5,3,3,18,2,7,17,1,0
2021,"All Division I","Ashlyn Reavis","Nicholls",0.424,0.5,0.517,1.017,40,137,118,20,50,7,2,0,11,9,9,13,5,1
2021,"All Division I","Sidney Bevis","North Alabama",0.24,0.328,0.375,0.703,38,121,104,19,25,4,2,2,8,3,11,15,6,2
2021,"All Division I","Emma Broadfoot","North Alabama",0.265,0.336,0.52,0.857,36,111,98,12,26,5,1,6,24,2,9,23,0,0
2021,"All Division I","Kendall Macauley","North Carolina A&T",0.322,0.372,0.373,0.745,41,132,118,23,38,3,0,1,23,1,9,15,10,3
2021,"All Division I","Alyxx Estrada","North Carolina A&T",0.303,0.427,0.462,0.889,42,150,119,20,36,9,5,0,25,3,25,17,3,0
2021,"All Division I","Kayla Taylor","North Carolina A&T",0.235,0.316,0.441,0.757,33,76,68,6,16,5,0,3,11,1,7,20,0,0
2021,"All Division I","Jai Deese","North Carolina A&T",0.28,0.376,0.402,0.778,36,125,107,21,30,8,1,1,6,3,14,15,10,2
2021,"All Division I","Maia Wark","North Texas",0.25,0.288,0.413,0.702,41,113,104,18,26,5,0,4,21,0,6,14,1,0
2021,"All Division I","Kailey Gamble","North Texas",0.258,0.375,0.452,0.827,39,112,93,14,24,9,0,3,15,1,17,18,2,1
2021,"All Division I","Kalei Christensen","North Texas",0.245,0.374,0.382,0.756,43,124,102,28,25,6,1,2,12,7,14,12,13,0
2021,"All Division I","Rayna Lewis","North Texas",0.24,0.287,0.421,0.708,45,129,121,15,29,9,2,3,21,1,7,16,4,0
2021,"All Division I","Alison Steinker","Northern Colorado",0.239,0.316,0.295,0.612,33,99,88,2,21,5,0,0,5,1,9,8,1,0
2021,"All Division I","Brooke Snider","Northern Iowa",0.243,0.299,0.405,0.704,51,164,148,19,36,9,0,5,22,1,12,46,2,2
2021,"All Division I","Daryn Lamprecht","Northern Iowa",0.191,0.284,0.346,0.629,47,155,136,10,26,9,0,4,20,2,16,35,0,0
2021,"All Division I","Emmy Wells","Northern Iowa",0.245,0.355,0.426,0.781,51,183,155,22,38,8,1,6,30,3,24,37,1,0
2021,"All Division I","Ella LeMonier","Northern Kentucky",0.308,0.351,0.355,0.706,34,116,107,11,33,3,1,0,3,0,7,9,4,4
2021,"All Division I","Karina Gaskins","Notre Dame",0.297,0.389,0.631,1.02,42,131,111,15,33,7,0,10,35,4,14,26,1,0
2021,"All Division I","Annalia Paoli","Ohio",0.307,0.348,0.42,0.768,47,162,150,21,46,7,2,2,26,2,8,22,4,4
2021,"All Division I","Emily Walker","Ohio",0.288,0.387,0.423,0.81,44,125,104,19,30,3,4,1,12,1,17,29,11,4
2021,"All Division I","Tiare Jennings","Oklahoma",0.46,0.517,0.995,1.512,60,232,198,81,91,25,0,27,92,3,26,17,2,0
2021,"All Division I","Jayda Coleman","Oklahoma",0.444,0.545,0.69,1.235,60,213,171,70,76,11,2,9,53,8,32,9,20,4
2021,"All Division I","Blaise Biringer","Ole Miss",0.337,0.354,0.453,0.806,58,200,190,28,64,6,5,2,21,0,6,22,3,1
2021,"All Division I","Hanna Delgado","Oregon",0.299,0.386,0.441,0.827,44,146,127,32,38,10,1,2,18,6,12,21,6,2
2021,"All Division I","Alyssa Brito","Oregon",0.301,0.377,0.559,0.936,53,166,143,30,43,5,1,10,31,3,15,42,6,1
2021,"All Division I","Rian Dirmeyer","Pacific",0.232,0.253,0.39,0.643,25,88,82,12,19,2,4,1,10,0,3,9,1,0
2021,"All Division I","Valeria Torres-Colon","Pacific",0.266,0.318,0.291,0.609,28,88,79,12,21,0,1,0,3,2,4,8,10,3
2021,"All Division I","Sammy Fenton","Penn",0.393,0.469,0.5,0.969,10,33,28,2,11,3,0,0,6,1,3,3,0,1
2021,"All Division I","Julia Mortimer","Penn",0.29,0.353,0.581,0.934,10,34,31,6,9,3,0,2,3,0,3,9,0,1
2021,"All Division I","Melody Coombs","Penn State",0.238,0.282,0.425,0.707,31,89,80,14,19,4,1,3,9,1,4,25,9,0
2021,"All Division I","Cami Compson","Pittsburgh",0.325,0.406,0.627,1.033,44,144,126,23,41,5,0,11,29,1,16,40,3,1
2021,"All Division I","Alexa Cepeda","Portland State",0.306,0.32,0.319,0.639,31,76,72,12,22,1,0,0,6,0,2,15,0,0
2021,"All Division I","Olivia Dean","Portland State",0.353,0.398,0.437,0.835,40,130,119,23,42,5,1,1,18,0,9,21,10,2
2021,"All Division I","Paetynn Lopez","Portland State",0.301,0.356,0.516,0.873,35,104,93,17,28,7,2,3,26,2,6,13,1,0
2021,"All Division I","Maddie Thompson","Portland State",0.3,0.313,0.309,0.622,33,117,110,19,33,1,0,0,6,0,2,9,15,1
2021,"All Division I","Kaitlyn Tucker","Presbyterian",0.27,0.407,0.284,0.69,29,98,74,7,20,1,0,0,5,0,17,9,1,1
2021,"All Division I","Tori Grifone","Providence",0.354,0.415,0.521,0.936,17,53,48,6,17,2,0,2,8,0,5,11,0,0
2021,"All Division I","Madi Traver","Providence",0.246,0.269,0.369,0.638,22,67,65,4,16,2,0,2,11,0,2,14,0,2
2021,"All Division I","Jacque Harrington","Providence",0.22,0.303,0.424,0.727,22,67,59,8,13,3,0,3,3,2,5,8,0,0
2021,"All Division I","Lyndsey Evix","Providence",0.279,0.311,0.349,0.66,17,45,43,5,12,3,0,0,3,0,2,5,0,0
2021,"All Division I","Kiley Goff","Purdue",0.27,0.382,0.369,0.751,44,148,122,20,33,5,2,1,7,5,17,28,4,1
2021,"All Division I","Kaitlyn Brannstrom","Purdue",0.275,0.346,0.467,0.813,43,134,120,10,33,8,0,5,30,0,13,21,0,0
2021,"All Division I","Kayla Thomas","Quinnipiac",0.267,0.321,0.383,0.704,36,131,120,11,32,5,0,3,33,1,9,20,1,0
2021,"All Division I","Gianna Palmisano","Quinnipiac",0.262,0.394,0.345,0.739,33,106,84,16,22,7,0,0,8,1,18,18,4,3
2021,"All Division I","Karolyn Walker","Quinnipiac",0.208,0.367,0.278,0.644,29,91,72,8,15,5,0,0,14,1,17,17,0,2
2021,"All Division I","Jessie Niegocki","Rider",0.272,0.322,0.296,0.618,31,92,81,14,22,2,0,0,7,0,6,12,0,0
2021,"All Division I","Faith Miller","Robert Morris",0.258,0.336,0.32,0.656,34,113,97,18,25,4,1,0,8,1,12,15,2,1
2021,"All Division I","Kayla Bock","Rutgers",0.202,0.295,0.323,0.618,43,112,99,8,20,7,1,1,12,6,7,31,1,0
2021,"All Division I","Ava Bieneman","SIUE",0.396,0.429,0.406,0.835,33,107,96,18,38,1,0,0,6,1,6,9,14,4
2021,"All Division I","Alexis Parish","Sacramento State",0.271,0.327,0.323,0.65,34,109,96,10,26,5,0,0,10,0,9,12,1,0
2021,"All Division I","Emily Carroll","Sacred Heart",0.293,0.362,0.526,0.887,38,131,116,12,34,7,1,6,13,1,12,17,1,0
2021,"All Division I","Jordan Pietrzykoski","Saint Francis",0.287,0.364,0.389,0.752,48,180,157,38,45,7,0,3,24,2,17,28,13,3
2021,"All Division I","Lexi Hernandez","Saint Francis",0.333,0.396,0.43,0.826,48,155,135,16,45,5,1,2,40,4,12,22,3,0
2021,"All Division I","Marissa Nishihara","Saint Mary's (CA)",0.253,0.311,0.295,0.605,31,108,95,12,24,2,1,0,10,0,8,25,7,3
2021,"All Division I","Marissa Montelongo","Saint Mary's (CA)",0.195,0.29,0.23,0.52,34,102,87,10,17,3,0,0,11,2,10,21,8,0
2021,"All Division I","Angelina Franco","Saint Mary's (CA)",0.217,0.309,0.261,0.57,34,81,69,8,15,3,0,0,10,3,7,12,0,2
2021,"All Division I","Maiah Skakal","Saint Peter's",0.237,0.262,0.322,0.584,23,65,59,8,14,3,1,0,7,0,2,9,3,1
2021,"All Division I","Ansley Yantis","Samford",0.214,0.27,0.291,0.56,45,128,117,16,25,6,0,1,7,1,8,32,0,0
2021,"All Division I","Amanda Limon","San Diego",0.282,0.333,0.35,0.684,42,130,117,7,33,2,3,0,4,1,8,22,1,0
2021,"All Division I","Malia Benson","San Diego",0.265,0.337,0.277,0.614,33,94,83,10,22,1,0,0,2,1,8,12,4,0
2021,"All Division I","Sofia Delgado","San Diego",0.246,0.283,0.316,0.599,41,122,114,10,28,3,1,1,10,2,4,20,9,2
2021,"All Division I","AJ Kaiser","San Diego",0.21,0.233,0.3,0.533,35,103,100,4,21,3,0,2,8,0,3,27,0,0
2021,"All Division I","Makena Brocki","San Diego State",0.192,0.241,0.205,0.446,35,86,78,11,15,1,0,0,6,0,5,12,1,1
2021,"All Division I","Nicole Siess","San Diego State",0.211,0.339,0.389,0.728,40,113,90,22,19,2,4,2,11,2,16,24,7,4
2021,"All Division I","Malia Luna","San Jose State",0.233,0.273,0.301,0.574,27,82,73,4,17,1,2,0,8,0,4,16,1,0
2021,"All Division I","Kelsey Carr","Seton Hall",0.25,0.346,0.426,0.773,25,78,68,6,17,6,0,2,16,0,10,12,0,0
2021,"All Division I","Isabella Pardo","Siena",0.24,0.327,0.25,0.577,33,113,100,22,24,1,0,0,6,0,13,14,6,1
2021,"All Division I","Belle Wolfenden","South Alabama",0.236,0.373,0.409,0.782,51,145,110,17,26,5,1,4,17,1,23,36,1,0
2021,"All Division I","Carlie Henderson","South Carolina",0.262,0.325,0.336,0.661,44,117,107,24,28,4,2,0,3,0,10,12,3,1
2021,"All Division I","Aaliyah White","South Carolina",0.304,0.398,0.333,0.732,40,121,102,31,31,1,1,0,8,3,13,17,10,1
2021,"All Division I","Emma Osmundson","South Dakota State",0.359,0.442,0.577,1.02,49,166,142,40,51,10,6,3,20,4,18,28,6,1
2021,"All Division I","Rozelyn Carrillo","South Dakota State",0.299,0.324,0.518,0.842,49,142,137,22,41,10,1,6,25,1,4,15,1,0
2021,"All Division I","Jillian Anderson","Southeast Missouri",0.268,0.427,0.374,0.801,46,159,123,22,33,11,1,0,15,4,30,25,10,8
2021,"All Division I","Alyson Tucker","Southeast Missouri",0.289,0.378,0.454,0.832,41,114,97,17,28,4,0,4,12,3,11,19,3,0
2021,"All Division I","Katie Dreiling","Southeast Missouri",0.356,0.407,0.51,0.917,42,113,104,12,37,7,0,3,18,0,9,22,2,0
2021,"All Division I","Kynzie Wrigley","Southeast Missouri",0.336,0.381,0.467,0.849,39,118,107,20,36,8,0,2,13,0,9,12,5,0
2021,"All Division I","Hope Kruebee","Southern",0.297,0.378,0.297,0.675,30,76,64,13,19,0,0,0,14,0,9,9,1,1
2021,"All Division I","Aubrion Alexis James","Southern",0.302,0.408,0.333,0.741,29,80,63,15,19,2,0,0,9,2,10,8,6,2
2021,"All Division I","Elizabeth Warwick","Southern Illinois",0.184,0.347,0.298,0.645,45,144,114,15,21,3,2,2,22,8,21,34,8,3
2021,"All Division I","Bailey Caylor","Southern Illinois",0.327,0.389,0.34,0.729,50,169,147,23,48,2,0,0,11,0,15,22,9,1
2021,"All Division I","Elisabeth Huckleberry","Southern Illinois",0.198,0.331,0.341,0.672,49,151,126,21,25,9,0,3,16,1,24,33,4,0
2021,"All Division I","Maria Smith","Southern Miss",0.268,0.331,0.333,0.664,52,153,138,17,37,6,0,1,9,0,13,38,12,0
2021,"All Division I","Reilly Williams","Southern Utah",0.19,0.221,0.319,0.54,43,124,116,10,22,6,0,3,18,5,0,27,0,0
2021,"All Division I","Kalena Shepherd","Southern Utah",0.433,0.545,0.788,1.334,45,132,104,20,45,7,0,10,32,1,26,28,0,0
2021,"All Division I","Gianna Carosone","Southern Utah",0.269,0.294,0.369,0.663,42,138,130,16,35,10,0,1,14,0,5,17,1,2
2021,"All Division I","Kennedy Haberl","St. Bonaventure",0.179,0.253,0.179,0.432,25,77,67,6,12,0,0,0,5,0,7,17,2,2
2021,"All Division I","Aly Kaneshiro","Stanford",0.265,0.308,0.459,0.767,43,105,98,9,26,7,0,4,15,1,5,15,1,0
2021,"All Division I","Amanda Carden","Stephen F. Austin",0.247,0.318,0.32,0.637,41,110,97,16,24,5,1,0,7,0,10,8,1,1
2021,"All Division I","Kyra McFarland","Stony Brook",0.267,0.316,0.295,0.611,36,121,105,18,28,1,1,0,8,0,8,13,8,0
2021,"All Division I","Angel Jasso","Syracuse",0.237,0.262,0.415,0.678,39,128,118,17,28,7,1,4,18,2,2,16,4,2
2021,"All Division I","Calista Almer","Syracuse",0.209,0.266,0.252,0.518,43,126,115,17,24,5,0,0,4,2,7,32,4,2
2021,"All Division I","Rylie West","Tennessee",0.326,0.392,0.543,0.936,43,102,92,13,30,11,3,1,13,1,9,11,2,1
2021,"All Division I","Anayah Baker-Rowell","Tennessee State",0.274,0.329,0.43,0.758,43,147,135,13,37,6,3,3,13,1,10,10,1,1
2021,"All Division I","Peyton Fointno","Tennessee State",0.184,0.257,0.204,0.461,41,115,103,5,19,0,1,0,5,3,7,12,0,0
2021,"All Division I","Renae Spears","Tennessee State",0.225,0.301,0.333,0.634,42,124,111,12,25,3,3,1,9,2,10,28,0,0
2021,"All Division I","Carmen Betts","Tennessee Tech",0.204,0.248,0.257,0.505,43,121,113,6,23,3,0,1,10,1,6,17,1,0
2021,"All Division I","Mackenzie Fitzgerald","Tennessee Tech",0.261,0.276,0.347,0.623,49,181,176,22,46,10,1,1,20,0,4,9,20,0
2021,"All Division I","Bre Warren","Texas A&M",0.303,0.405,0.472,0.877,49,168,142,24,43,11,2,3,28,2,23,47,4,2
2021,"All Division I","Mackenzie Purcell","Texas A&M-Corpus Christi",0.198,0.324,0.264,0.588,39,113,91,7,18,4,1,0,7,4,14,20,5,1
2021,"All Division I","Pal Egan","Texas A&M-Corpus Christi",0.299,0.441,0.37,0.811,47,166,127,22,38,6,0,1,20,7,26,20,21,3
2021,"All Division I","Hannah Earls","Texas State",0.271,0.39,0.308,0.698,49,161,133,25,36,3,1,0,7,1,25,18,20,4
2021,"All Division I","Baylee Lemons","Texas State",0.206,0.245,0.309,0.554,50,145,136,13,28,5,0,3,16,0,7,21,4,3
2021,"All Division I","Arriana Villa","Texas Tech",0.235,0.295,0.392,0.687,37,113,102,15,24,5,1,3,16,0,9,21,0,0
2021,"All Division I","Riley Love","Texas Tech",0.219,0.281,0.267,0.547,42,115,105,13,23,2,0,1,4,4,5,26,0,0
2021,"All Division I","Jenna Kroll","Toledo",0.3,0.376,0.485,0.86,49,152,130,15,39,7,1,5,30,2,15,22,0,0
2021,"All Division I","Mackenzie Lake","Towson",0.371,0.392,0.588,0.98,31,102,97,22,36,9,0,4,16,2,2,2,5,1
2021,"All Division I","Imani Edwards","Tulsa",0.275,0.336,0.33,0.666,38,119,109,17,30,4,1,0,12,1,9,11,10,0
2021,"All Division I","Sam Bean","UAB",0.248,0.358,0.291,0.648,45,138,117,14,29,5,0,0,16,5,15,21,0,0
2021,"All Division I","Olivia Valbak","UAB",0.195,0.239,0.268,0.507,48,137,123,10,24,7,1,0,19,1,7,21,1,0
2021,"All Division I","Ashley Donaldson","UC Santa Barbara",0.285,0.361,0.333,0.694,46,146,123,17,35,4,1,0,15,2,15,23,2,1
2021,"All Division I","Madelyn McNally","UC Santa Barbara",0.391,0.435,0.506,0.941,46,169,156,29,61,5,5,1,14,1,11,20,11,3
2021,"All Division I","Andie Edwards","UL Monroe",0.248,0.304,0.288,0.592,47,147,125,19,31,5,0,0,14,4,7,25,8,0
2021,"All Division I","Madelyn Fletcher","UL Monroe",0.206,0.294,0.23,0.524,46,147,126,17,26,3,0,0,12,1,15,17,1,0
2021,"All Division I","Madison Blount","UL Monroe",0.223,0.324,0.34,0.664,40,109,94,5,21,8,0,1,17,1,13,25,1,0
2021,"All Division I","Casey Turner","UMBC",0.224,0.276,0.327,0.603,36,107,98,14,22,7,0,1,8,3,4,13,0,0
2021,"All Division I","Ashley Della Guardia","UMBC",0.301,0.381,0.43,0.811,35,106,93,16,28,10,1,0,18,0,12,17,0,0
2021,"All Division I","Madison Wilson","UMBC",0.296,0.367,0.563,0.93,29,79,71,6,21,4,0,5,15,3,5,11,0,0
2021,"All Division I","Payge Suggs","UMass",0.313,0.324,0.343,0.667,25,69,67,12,21,2,0,0,6,0,1,12,2,0
2021,"All Division I","Bella Pantoja","UMass",0.299,0.382,0.393,0.775,32,123,107,25,32,6,2,0,15,1,14,17,9,2
2021,"All Division I","Brooklynn Maxwell","UNC Greensboro",0.301,0.344,0.407,0.75,43,133,123,27,37,5,1,2,17,1,7,9,1,0
2021,"All Division I","Tayler Vitola","UNC Wilmington",0.368,0.393,0.402,0.795,38,126,117,29,43,2,1,0,3,0,5,9,14,4
2021,"All Division I","Janyssa Martin","UNLV",0.279,0.358,0.442,0.801,38,121,104,16,29,5,0,4,24,5,9,18,1,0
2021,"All Division I","Bre Cooper","USC Upstate",0.307,0.351,0.436,0.787,44,153,140,26,43,7,1,3,21,1,9,12,9,3
2021,"All Division I","Celeste Delorenzo","USC Upstate",0.236,0.31,0.276,0.585,46,145,127,19,30,3,1,0,10,4,10,12,8,1
2021,"All Division I","Jessica Carreon","UT Arlington",0.298,0.37,0.314,0.684,48,141,121,21,36,0,1,0,6,1,13,31,3,1
2021,"All Division I","Kaci Fuller","UT Martin",0.35,0.382,0.541,0.923,46,169,157,37,55,10,4,4,24,1,7,21,21,4
2021,"All Division I","Macey Neal","UT Martin",0.262,0.339,0.388,0.727,44,118,103,18,27,4,0,3,18,4,8,13,0,0
2021,"All Division I","Lexi Morales","UTEP",0.25,0.356,0.289,0.645,31,92,76,13,19,3,0,0,7,1,12,15,0,2
2021,"All Division I","Kat Ibarra","UTSA",0.325,0.381,0.455,0.836,46,134,123,26,40,6,2,2,14,0,11,35,1,2
2021,"All Division I","Zaia Castruita","Utah State",0.313,0.357,0.427,0.784,44,144,131,15,41,5,2,2,17,2,8,8,1,0
2021,"All Division I","Addy Greene","Virginia Tech",0.297,0.361,0.486,0.847,45,124,111,18,33,10,1,3,22,1,10,26,4,2
2021,"All Division I","Emma Ritter","Virginia Tech",0.257,0.344,0.381,0.725,46,122,105,22,27,5,1,2,15,7,8,7,16,1
2021,"All Division I","Makenzie Miller","Wagner",0.25,0.361,0.382,0.744,29,83,68,11,17,6,0,1,15,2,11,18,0,0
2021,"All Division I","Mackenzie Vogler","Wagner",0.231,0.294,0.346,0.64,29,86,78,5,18,3,0,2,12,2,5,12,0,0
2021,"All Division I","Keaghan Ward","Wagner",0.333,0.422,0.43,0.852,31,109,93,15,31,4,1,1,18,4,11,12,1,1
2021,"All Division I","Makayla Donahoo","Weber State",0.292,0.376,0.348,0.725,40,107,89,21,26,5,0,0,8,0,12,12,3,0
2021,"All Division I","Mia Rushton","Weber State",0.388,0.429,0.48,0.91,44,164,152,39,59,4,5,0,19,0,11,17,5,1
2021,"All Division I","Savannah Baldwin","Western Carolina",0.25,0.299,0.352,0.651,45,124,108,15,27,6,1,1,11,0,8,20,6,1
2021,"All Division I","Jeralynn Wells","Western Carolina",0.284,0.331,0.299,0.63,51,148,134,16,38,2,0,0,11,1,9,16,3,2
2021,"All Division I","Bella Alvarez","Western Illinois",0.178,0.272,0.233,0.505,37,106,90,9,16,2,0,1,9,4,8,14,0,1
2021,"All Division I","Addison Barnard","Wichita State",0.323,0.417,0.768,1.185,52,193,164,52,53,3,2,22,61,2,25,29,9,1
2021,"All Division I","Bailey Warren","Winthrop",0.218,0.343,0.309,0.652,45,138,110,16,24,4,0,2,13,5,17,23,14,1
2021,"All Division I","Kaitlyn Tucker","Winthrop",0.232,0.324,0.384,0.708,50,147,125,15,29,6,2,3,15,4,13,27,1,1
2021,"All Division I","Hailey Niederkohr","Youngstown State",0.267,0.358,0.381,0.739,42,123,105,18,28,5,2,1,14,2,13,22,2,1
2021,"All Division I","Jillian Jakse","Youngstown State",0.343,0.444,0.562,1.006,51,171,137,25,47,13,1,5,39,3,25,11,0,1
2021,"All Division I","Deena Pederson","UC San Diego",0.269,0.359,0.403,0.762,28,81,67,19,18,1,1,2,11,6,4,14,6,1
2021,"All Division I","Madison Myers","Alabama State",0.315,0.35,0.323,0.673,46,139,130,18,41,1,0,0,5,1,6,21,23,5
2021,"All Division I","Jazmine Dodd","Alabama State",0.264,0.328,0.344,0.672,44,138,125,23,33,8,1,0,20,4,8,19,3,0
2021,"All Division I","Jaeda Gardner","Alabama State",0.339,0.378,0.394,0.771,45,140,127,19,43,5,1,0,13,0,8,29,12,2
2021,"All Division I","Hailey Batista","North Carolina Central",0.256,0.344,0.442,0.786,44,151,129,21,33,9,3,3,23,4,15,28,4,1
2021,"All Division I","Imara Harrell","North Carolina Central",0.308,0.362,0.439,0.801,41,117,107,14,33,5,3,1,9,1,8,12,10,0
2021,"All Division I","Maci Brown","Oakland",0.192,0.245,0.263,0.508,36,106,99,14,19,5,1,0,6,0,7,21,1,1
2021,"All Division I","Charity Sevaaetasi","Oregon State",0.23,0.305,0.429,0.734,44,141,126,12,29,10,0,5,16,8,6,38,0,1
2021,"All Division I","Madison Simon","Oregon State",0.195,0.27,0.308,0.579,45,148,133,20,26,4,1,3,10,2,12,40,2,0
2021,"All Division I","Lauren LaHood","Santa Clara",0.155,0.183,0.19,0.373,23,61,58,4,9,0,1,0,2,1,1,21,1,3
2021,"All Division I","Libbie McMahan","UC Davis",0.184,0.282,0.194,0.476,39,117,103,6,19,1,0,0,3,4,10,29,3,1
2021,"All Division I","Addie Lightner","Drake",0.232,0.299,0.371,0.67,49,167,151,18,35,6,0,5,25,2,13,26,0,1
2021,"All Division I","Tori Bowles","Mount St. Mary's",0.331,0.412,0.525,0.937,41,137,118,17,39,8,0,5,32,2,15,16,0,0
2021,"All Division I","Skylar Sirdashney","Wisconsin",0.231,0.291,0.352,0.642,40,129,108,8,25,2,1,3,17,1,8,25,5,4
2021,"All Division I","Peyton Bannon","Wisconsin",0.291,0.376,0.536,0.912,35,125,110,27,32,12,3,3,11,4,11,22,9,1
2021,"All Division I","Keisha White","Mississippi Valley",0.283,0.328,0.65,0.978,22,65,60,11,17,6,2,4,12,0,4,6,2,1
2021,"All Division I","Heaven VonRosenberg","South Carolina State",0.073,0.116,0.073,0.189,31,88,82,5,6,0,0,0,1,1,3,17,6,0
2021,"All Division I","Kat Coe","South Carolina State",0.171,0.238,0.289,0.528,31,84,76,4,13,4,1,1,11,0,7,27,1,0
2021,"All Division I","DeAsia Lowther","South Carolina State",0.288,0.381,0.479,0.86,30,85,73,10,21,2,0,4,11,3,8,10,2,0
2021,"All Division I","Maiah Motta","UC Riverside",0.177,0.255,0.26,0.515,33,108,96,8,17,2,0,2,9,2,8,21,1,0
2021,"All Division I","Gianna Araki","UC Riverside",0.234,0.33,0.429,0.758,32,89,77,13,18,3,0,4,9,3,8,22,1,1
2021,"All Division I","Allison Troche","UC Riverside",0.269,0.313,0.333,0.647,28,86,78,9,21,3,1,0,4,3,2,14,7,0
2021,"All Division I","Katherine Montuya","UC Riverside",0.286,0.372,0.388,0.759,33,116,98,13,28,4,0,2,8,2,12,27,6,2
2021,"All Division I","Leah Brito","UC Riverside",0.242,0.299,0.258,0.557,28,70,62,1,15,1,0,0,5,1,4,17,1,0
2021,"All Division I","Pamela Richardson","Texas Southern",0.294,0.333,0.341,0.675,32,94,85,19,25,2,1,0,2,0,5,11,12,5
2021,"All Division I","Ja'Lynn Swiney","Texas Southern",0.28,0.339,0.41,0.749,37,112,100,13,28,8,1,1,17,0,10,14,2,0
2021,"All Division I","Maddison Parker","Prairie View",0.315,0.458,0.63,1.088,27,72,54,11,17,5,0,4,16,1,15,10,2,1
2022,"All Division I","Aaliyah Garcia","Incarnate Word",0.207,0.27,0.31,0.58,40,126,116,8,24,6,0,2,13,0,10,15,3,0
2022,"All Division I","Aaliyah Swan","Cal State Northridge",0.176,0.255,0.275,0.53,54,155,131,16,23,5,1,2,13,1,13,45,1,0
2022,"All Division I","Abbey Goodrum","Gardner-Webb",0.213,0.292,0.301,0.594,44,155,136,22,29,12,0,0,13,3,13,47,9,3
2022,"All Division I","Abbey Jacobsen","Loyola Chicago",0.284,0.341,0.405,0.746,46,130,116,8,33,8,0,2,17,2,8,16,2,0
2022,"All Division I","Abbey Latham","Ole Miss",0.292,0.396,0.532,0.928,53,183,154,36,45,7,0,10,46,6,21,35,16,1
2022,"All Division I","Abbey Montoya","Coastal Carolina",0.258,0.324,0.411,0.735,54,188,163,29,42,7,0,6,22,7,9,27,11,0
2022,"All Division I","Abby Frank","Incarnate Word",0.21,0.346,0.248,0.594,45,133,105,11,22,4,0,0,7,3,19,17,2,1
2022,"All Division I","Abby Jones","Tulsa",0.301,0.342,0.414,0.756,47,150,133,26,40,5,2,2,14,0,10,17,3,3
2022,"All Division I","Abby Stuart","Columbia",0.373,0.426,0.585,1.011,38,129,118,18,44,4,0,7,21,1,10,22,1,0
2022,"All Division I","Abby Sweet","Notre Dame",0.362,0.458,0.564,1.023,52,194,163,55,59,11,2,6,25,16,13,13,19,4
2022,"All Division I","Abby Wingo","Seton Hall",0.298,0.353,0.454,0.807,43,156,141,26,42,13,3,1,18,2,10,16,3,2
2022,"All Division I","Abi Ledbetter","Belmont",0.268,0.329,0.346,0.676,50,171,153,23,41,7,1,1,24,1,14,20,7,0
2022,"All Division I","Abigail Knight","Boston College",0.288,0.351,0.353,0.703,47,157,139,20,40,7,1,0,5,3,11,16,7,0
2022,"All Division I","Addie Kittel","Lehigh",0.254,0.306,0.509,0.815,43,124,114,10,29,5,0,8,28,2,7,16,0,0
2022,"All Division I","Adriana Barlow","Miami (OH)",0.206,0.266,0.355,0.621,54,155,141,22,29,3,0,6,20,1,11,47,0,0
2022,"All Division I","Adrienne Chang","Princeton",0.351,0.411,0.523,0.934,38,124,111,6,39,8,1,3,18,0,12,10,0,0
2022,"All Division I","Adrienne Nardone","Colgate",0.234,0.317,0.467,0.784,45,120,107,8,25,5,1,6,24,1,12,31,0,0
2022,"All Division I","Aeriyl Mass","Southeastern Louisiana",0.41,0.481,0.579,1.059,56,209,178,44,73,14,2,4,34,4,22,19,33,4
2022,"All Division I","Alaina York","Robert Morris",0.241,0.325,0.292,0.617,52,160,137,23,33,4,0,1,12,1,16,19,6,1
2022,"All Division I","Alayis Seneca","McNeese",0.297,0.364,0.343,0.707,54,197,175,44,52,6,1,0,21,0,19,4,19,2
2022,"All Division I","Aleesia Sainz","South Dakota",0.343,0.48,0.686,1.166,53,178,137,37,47,12,1,11,43,4,34,26,6,0
2022,"All Division I","Aleix Hudson","Bryant",0.313,0.418,0.518,0.936,42,138,112,17,35,4,2,5,21,5,16,28,2,0
2022,"All Division I","Alesia Denby","Fresno State",0.287,0.37,0.54,0.91,55,174,150,29,43,11,0,9,32,6,15,31,8,0
2022,"All Division I","Alesia Ranches","Iowa State",0.272,0.362,0.444,0.805,55,178,151,25,41,9,1,5,34,0,23,41,4,0
2022,"All Division I","Alessandra Ponce","George Washington",0.363,0.419,0.536,0.955,53,188,168,23,61,17,0,4,35,3,14,13,2,0
2022,"All Division I","Alex Boze","Missouri State",0.325,0.448,0.684,1.131,45,144,117,18,38,9,0,11,31,5,21,27,0,0
2022,"All Division I","Alex Casas","Saint Mary's (CA)",0.282,0.326,0.351,0.677,47,143,131,15,37,3,3,0,16,3,6,13,4,2
2022,"All Division I","Alex DeLeon","Youngstown State",0.153,0.363,0.2,0.563,47,128,85,13,13,2,1,0,6,19,9,25,3,1
2022,"All Division I","Alex Echazarreta","Purdue",0.336,0.449,0.578,1.027,46,156,128,20,43,10,0,7,31,2,25,19,0,0
2022,"All Division I","Alexa Neil","Cal State Fullerton",0.265,0.311,0.325,0.635,59,163,151,28,40,7,1,0,10,4,6,35,1,2
2022,"All Division I","Alexa Pagano","Campbell",0.235,0.331,0.316,0.647,54,164,136,15,32,2,0,3,14,1,19,21,2,1
2022,"All Division I","Alexis Arrendondo","Jackson State",0.283,0.371,0.386,0.757,51,170,145,14,41,8,2,1,16,6,15,24,2,2
2022,"All Division I","Alexis D'Ambrosio","Kansas City",0.237,0.344,0.353,0.696,47,163,139,21,33,5,1,3,24,2,21,19,1,0
2022,"All Division I","Alexis Genovese","Coppin State",0.224,0.268,0.329,0.597,45,159,143,21,32,7,1,2,10,3,6,17,4,3
2022,"All Division I","Alexis Johns","USF",0.341,0.434,0.405,0.839,59,207,173,55,59,3,4,0,18,0,30,16,59,2
2022,"All Division I","Alexis Lucyshyn","Buffalo",0.282,0.363,0.444,0.806,46,160,142,18,40,5,0,6,31,2,16,35,2,0
2022,"All Division I","Alexis Massie","Alabama State",0.276,0.308,0.35,0.657,47,134,123,5,34,7,1,0,11,3,3,8,1,0
2022,"All Division I","Alexis Matheney","Buffalo",0.218,0.365,0.25,0.615,45,156,124,20,27,2,1,0,10,5,25,30,5,0
2022,"All Division I","Alexis Phillips","Albany",0.257,0.409,0.339,0.748,39,137,109,34,28,3,3,0,10,5,23,25,14,2
2022,"All Division I","Alexis Roberson","Delaware State",0.2,0.304,0.267,0.571,30,69,60,5,12,1,0,1,7,1,8,8,0,1
2022,"All Division I","Alexis Strother","Morehead State",0.241,0.333,0.333,0.667,43,126,108,4,26,7,0,1,10,3,13,30,1,1
2022,"All Division I","Alexis Wayland","Longwood",0.312,0.338,0.538,0.876,58,198,186,26,58,12,3,8,38,1,8,22,0,0
2022,"All Division I","Ali Weekley","Dayton",0.333,0.41,0.368,0.778,37,111,87,12,29,0,0,1,10,8,4,11,0,0
2022,"All Division I","Alia Logoleo","Clemson",0.287,0.352,0.585,0.937,59,183,164,31,47,4,0,15,46,3,14,28,2,2
2022,"All Division I","Alicia Peters","Green Bay",0.383,0.507,0.783,1.29,48,146,115,29,44,10,0,12,26,4,25,24,5,0
2022,"All Division I","Alicia Veltri","Belmont",0.277,0.438,0.455,0.894,42,130,101,15,28,3,0,5,18,3,26,35,0,0
2022,"All Division I","Alise Hale","Fort Wayne",0.214,0.348,0.375,0.723,46,137,112,24,24,7,1,3,8,6,17,33,6,4
2022,"All Division I","Alison Guckin","Norfolk State",0.268,0.368,0.349,0.717,54,177,149,30,40,7,1,1,15,2,22,24,38,5
2022,"All Division I","Alison Seng","Boise State",0.303,0.37,0.62,0.99,50,164,142,30,43,12,0,11,44,6,11,20,0,0
2022,"All Division I","Aliya Catanzarita","Hofstra",0.227,0.309,0.299,0.608,41,110,97,9,22,4,0,1,7,0,12,19,0,0
2022,"All Division I","Aliya Ewell","Morgan State",0.302,0.381,0.497,0.878,46,169,149,33,45,8,6,3,25,2,17,21,15,3
2022,"All Division I","Aliyah Huerta-Leipner","Boston University",0.244,0.329,0.386,0.714,51,147,127,15,31,8,2,2,20,3,13,22,5,3
2022,"All Division I","Aliyah Binford","Baylor",0.316,0.383,0.51,0.893,54,175,155,25,49,15,0,5,26,0,18,26,10,2
2022,"All Division I","Allee Bunker","Oregon",0.361,0.391,0.594,0.985,52,192,180,36,65,10,1,10,41,0,10,7,12,3
2022,"All Division I","Alli Richmond","Binghamton",0.297,0.316,0.534,0.85,46,158,148,21,44,15,1,6,27,2,4,27,3,0
2022,"All Division I","Allie Cummins","Miami (OH)",0.33,0.433,0.644,1.077,58,224,188,54,62,14,0,15,43,1,34,27,3,0
2022,"All Division I","Allie Englant","Ohio",0.366,0.438,0.523,0.96,44,177,153,35,56,12,3,2,18,3,18,12,27,4
2022,"All Division I","Allie Herron","Saint Louis",0.171,0.2,0.291,0.491,50,166,158,16,27,9,2,2,17,1,5,39,7,0
2022,"All Division I","Allie Taylor","Iona",0.238,0.319,0.349,0.668,40,145,126,18,30,4,2,2,14,3,12,23,7,1
2022,"All Division I","Allison Heffley","Harvard",0.293,0.393,0.48,0.873,41,147,123,16,36,5,3,4,19,2,19,24,3,1
2022,"All Division I","Allison Yoder","South Dakota State",0.33,0.421,0.532,0.953,42,127,109,17,36,9,2,3,22,1,16,19,1,3
2022,"All Division I","Ally Jones","Villanova",0.226,0.281,0.458,0.74,54,167,155,18,35,9,0,9,28,1,11,24,1,0
2022,"All Division I","Ally Kurland","Penn State",0.303,0.361,0.674,1.035,54,194,178,29,54,18,0,16,44,0,16,33,0,0
2022,"All Division I","Ally Miklesh","Wisconsin",0.325,0.424,0.407,0.83,49,145,123,26,40,4,0,2,20,1,20,26,11,2
2022,"All Division I","Ally Nodohara","UC Santa Barbara",0.252,0.287,0.363,0.65,48,143,135,18,34,10,1,1,17,2,5,17,2,0
2022,"All Division I","Ally Shipman","Alabama",0.35,0.429,0.571,0.999,56,190,163,40,57,12,0,8,46,10,14,12,5,0
2022,"All Division I","Ally Vonfeldt","Kansas City",0.27,0.331,0.447,0.778,46,157,141,26,38,9,2,4,16,0,14,22,1,0
2022,"All Division I","Allyson Ferreira","Santa Clara",0.271,0.319,0.403,0.722,42,146,129,19,35,8,3,1,16,1,8,18,4,0
2022,"All Division I","Alondra Mejia","Sacramento State",0.286,0.36,0.401,0.761,49,164,147,19,42,6,1,3,24,2,15,17,0,0
2022,"All Division I","Aly Harrell","Marshall",0.437,0.606,0.789,1.395,53,203,142,41,62,11,0,13,38,17,44,11,1,0
2022,"All Division I","Aly Packish","Cleveland State",0.16,0.217,0.237,0.453,45,155,131,12,21,4,0,2,10,2,8,26,1,0
2022,"All Division I","Alycia Flores","Boise State",0.375,0.413,0.596,1.008,47,155,136,34,51,9,0,7,34,5,8,9,2,0
2022,"All Division I","Alynah Torres","Arizona State",0.339,0.409,0.707,1.116,54,199,174,40,59,14,1,16,40,5,17,12,0,0
2022,"All Division I","Alyssa Barela","Evansville",0.212,0.317,0.346,0.663,43,121,104,9,22,5,0,3,13,0,16,23,0,0
2022,"All Division I","Alyssa Cacini","Dayton",0.291,0.354,0.489,0.843,46,163,141,26,41,5,1,7,28,1,15,37,3,1
2022,"All Division I","Alyssa Dean","Memphis",0.262,0.35,0.333,0.683,50,151,126,14,33,6,0,1,11,5,12,12,3,0
2022,"All Division I","Alyssa Gonzalez","Sacred Heart",0.255,0.379,0.552,0.93,55,177,145,18,37,5,1,12,28,1,29,35,0,1
2022,"All Division I","Alyssa Graham","San Jose State",0.337,0.429,0.562,0.991,51,196,169,36,57,11,3,7,26,0,27,20,6,0
2022,"All Division I","Alyssa Hernandez","Cal State Fullerton",0.258,0.283,0.355,0.638,47,100,93,9,24,4,1,1,14,3,1,17,0,0
2022,"All Division I","Alyssa Kramer","Western Michigan",0.273,0.304,0.448,0.752,53,162,154,23,42,6,0,7,22,3,4,34,1,0
2022,"All Division I","Alyssa Podhurcak","BYU",0.324,0.435,0.546,0.981,44,138,108,26,35,11,2,3,25,2,23,5,4,1
2022,"All Division I","Alyssa Wenzel","Northern Colorado",0.314,0.344,0.407,0.751,43,131,118,19,37,7,2,0,22,2,5,18,6,0
2022,"All Division I","Alyssa Wesley","Arkansas-Pine Bluff",0.276,0.317,0.328,0.645,42,128,116,16,32,4,1,0,2,1,7,19,8,1
2022,"All Division I","Amaia Daniel","Ball State",0.293,0.373,0.395,0.768,52,179,157,22,46,5,1,3,31,4,16,17,4,1
2022,"All Division I","Amanda Argomaniz","California Baptist",0.27,0.354,0.365,0.719,54,152,126,7,34,4,1,2,26,1,16,22,0,0
2022,"All Division I","Amanda Ayala","Tennessee",0.297,0.409,0.497,0.906,55,199,165,32,49,12,3,5,30,6,26,24,13,2
2022,"All Division I","Amanda Briskin","Samford",0.248,0.289,0.261,0.55,51,169,157,24,39,0,1,0,6,0,9,16,12,3
2022,"All Division I","Amanda Cooper","Rider",0.298,0.355,0.347,0.702,43,139,124,27,37,1,1,1,12,2,10,30,2,2
2022,"All Division I","Amanda DeSario","Tarleton State",0.292,0.378,0.416,0.795,52,191,161,41,47,6,1,4,16,3,20,30,4,2
2022,"All Division I","Amanda Guercio","Indiana State",0.248,0.322,0.523,0.845,41,126,109,20,27,3,0,9,18,0,12,25,4,0
2022,"All Division I","Amani Bradley","California",0.283,0.336,0.391,0.727,54,152,138,21,39,6,3,1,20,2,10,18,4,2
2022,"All Division I","Amari Ramsey","Alcorn State",0.224,0.313,0.367,0.68,37,112,98,17,22,4,2,2,17,1,12,19,0,0
2022,"All Division I","Amber Storer","SIUE",0.198,0.254,0.298,0.551,45,142,131,11,26,4,0,3,12,0,10,12,0,0
2022,"All Division I","Amber Verstynen","George Mason",0.274,0.33,0.295,0.625,38,105,95,17,26,2,0,0,4,0,8,14,6,1
2022,"All Division I","Amelia Thomas","Loyola Chicago",0.263,0.346,0.459,0.805,46,153,133,23,35,8,6,2,16,1,17,26,11,2
2022,"All Division I","Amy Mallah","St. John's",0.235,0.305,0.328,0.633,43,133,119,8,28,1,2,2,11,8,4,27,4,1
2022,"All Division I","Amy Petrovich","Sacred Heart",0.275,0.336,0.391,0.727,50,156,138,13,38,8,1,2,16,2,11,24,1,1
2022,"All Division I","Amy Smith","UMass",0.221,0.352,0.26,0.612,47,164,131,14,29,2,0,1,6,2,25,19,2,0
2022,"All Division I","Amy Vetula","Lipscomb",0.372,0.447,0.445,0.892,51,189,164,40,61,8,2,0,15,1,22,20,9,8
2022,"All Division I","Ana Watson","Baylor",0.279,0.342,0.388,0.729,55,162,147,28,41,7,0,3,26,7,7,32,7,2
2022,"All Division I","Anaiyah Fultz","Grambling",0.19,0.306,0.267,0.573,43,125,105,12,20,8,0,0,17,5,13,28,8,0
2022,"All Division I","Andrea Gonzalez","Loyola Marymount",0.281,0.337,0.369,0.706,54,183,160,26,45,6,1,2,27,3,11,25,6,1
2022,"All Division I","Andrea Howard","New Mexico",0.403,0.531,0.875,1.406,53,192,144,40,58,8,3,18,57,1,43,10,2,2
2022,"All Division I","Andrea Lyon","Gardner-Webb",0.292,0.364,0.496,0.86,44,154,137,13,40,6,2,6,25,4,12,28,1,0
2022,"All Division I","Andrea Sarhatt","East Tennessee State",0.291,0.346,0.376,0.722,56,182,165,22,48,6,4,0,15,2,13,31,18,4
2022,"All Division I","Angela Giampolo","Villanova",0.246,0.375,0.354,0.729,44,160,130,18,32,8,0,2,16,12,16,26,3,3
2022,"All Division I","Angela Zedak","Northwestern",0.24,0.338,0.449,0.788,58,195,167,33,40,8,0,9,33,4,22,35,2,0
2022,"All Division I","Angelica Cano","Idaho State",0.346,0.435,0.667,1.102,50,188,156,46,54,12,1,12,48,10,17,28,6,0
2022,"All Division I","Angelina Ioppolo","Hofstra",0.216,0.299,0.295,0.594,48,159,139,17,30,6,1,1,19,6,11,29,0,0
2022,"All Division I","Angelina Stile","Siena",0.219,0.281,0.307,0.588,43,129,114,18,25,7,0,1,15,3,8,21,2,0
2022,"All Division I","Anna Aguon","Buffalo",0.234,0.37,0.362,0.732,46,173,141,29,33,6,0,4,15,5,26,37,15,2
2022,"All Division I","Anna Dixon","Toledo",0.33,0.379,0.4,0.779,37,126,115,18,38,8,0,0,10,1,8,20,4,1
2022,"All Division I","Anna Freveletti","St. John's",0.133,0.202,0.156,0.358,41,103,90,5,12,2,0,0,3,0,8,43,0,0
2022,"All Division I","Anna Jones","Texas State",0.277,0.39,0.333,0.723,52,172,141,26,39,6,1,0,28,1,27,25,6,1
2022,"All Division I","Anna Knox","UNC Wilmington",0.225,0.343,0.405,0.749,47,138,111,29,25,5,0,5,22,11,10,24,20,4
2022,"All Division I","Anna Lonchar","UMBC",0.296,0.4,0.541,0.941,41,116,98,17,29,3,0,7,14,5,12,23,0,0
2022,"All Division I","Anna Vines","UCLA",0.242,0.351,0.315,0.666,59,179,149,31,36,8,0,1,20,1,24,43,4,2
2022,"All Division I","Annie Tokarek","Indiana State",0.298,0.348,0.527,0.874,48,145,131,10,39,9,0,7,24,0,10,24,0,1
2022,"All Division I","Anslee Finch","Troy",0.241,0.353,0.444,0.796,50,159,133,16,32,10,1,5,27,0,23,31,0,0
2022,"All Division I","Antiya Randle","Grambling",0.268,0.398,0.33,0.728,38,119,97,18,26,3,0,1,13,0,21,15,4,0
2022,"All Division I","April Visser","UNLV",0.361,0.495,0.693,1.188,58,218,166,51,60,8,1,15,47,13,34,34,6,1
2022,"All Division I","Ari Castillo","Rhode Island",0.292,0.355,0.496,0.852,45,155,137,18,40,10,0,6,28,0,14,13,5,0
2022,"All Division I","Ariel Carlson","Oregon",0.271,0.35,0.636,0.986,50,160,140,35,38,4,1,15,42,4,14,35,9,2
2022,"All Division I","Ariyana Miranda","Eastern Kentucky",0.233,0.291,0.349,0.64,44,141,129,19,30,10,1,1,15,4,7,25,3,0
2022,"All Division I","Arizona Ritchie","Virginia",0.213,0.304,0.238,0.542,52,140,122,18,26,3,0,0,14,3,13,13,3,0
2022,"All Division I","Armani Brown","Marshall",0.188,0.233,0.208,0.441,44,110,96,17,18,2,0,0,7,0,6,18,5,0
2022,"All Division I","Ashleigh Duty","Georgia Southern",0.269,0.319,0.278,0.597,41,119,108,24,29,1,0,0,0,1,7,25,11,2
2022,"All Division I","Ashleigh Inae","Long Beach State",0.321,0.399,0.393,0.792,49,159,140,21,45,10,0,0,14,4,14,11,2,1
2022,"All Division I","Ashley McDonald","Princeton",0.208,0.226,0.292,0.517,45,133,120,12,25,7,0,1,10,2,1,18,1,0
2022,"All Division I","Ashley Michelena","Colorado State",0.335,0.374,0.391,0.766,46,172,161,25,54,5,2,0,4,0,10,17,8,1
2022,"All Division I","Ashley Morgan","Tennessee",0.24,0.419,0.493,0.913,59,200,150,23,36,5,0,11,30,22,25,18,0,0
2022,"All Division I","Ashley Prange","Alabama",0.333,0.457,0.62,1.077,55,192,150,40,50,13,3,8,27,5,31,15,2,0
2022,"All Division I","Ashley Trierweiler","Santa Clara",0.392,0.438,0.468,0.906,51,187,171,36,67,9,2,0,18,1,13,17,18,4
2022,"All Division I","Ashley Wood","Southern Illinois",0.318,0.463,0.507,0.97,47,193,148,36,47,10,0,6,28,11,30,15,5,1
2022,"All Division I","Ashley Wruble","Saint Francis",0.301,0.438,0.381,0.819,49,148,113,25,34,3,0,2,21,11,19,16,4,2
2022,"All Division I","Ashlyn Anderson","Kansas",0.288,0.383,0.565,0.947,55,198,170,36,49,15,1,10,31,1,25,33,2,0
2022,"All Division I","Ashlynn Gunter","Georgia Southern",0.235,0.336,0.296,0.632,43,119,98,7,23,1,1,1,7,2,13,17,2,0
2022,"All Division I","Ashton VanHouse","Winthrop",0.308,0.343,0.346,0.689,53,143,130,22,40,3,1,0,10,0,7,21,22,1
2022,"All Division I","Aspen Howie","Houston",0.273,0.371,0.54,0.911,54,175,150,27,41,7,0,11,34,1,23,16,0,2
2022,"All Division I","Aspyn Godwin","Auburn",0.235,0.325,0.569,0.893,50,120,102,19,24,4,0,10,17,0,14,25,2,0
2022,"All Division I","Aubree DePron","Southern Illinois",0.278,0.347,0.344,0.692,46,173,151,26,42,3,2,1,16,1,15,27,15,3
2022,"All Division I","Aubrey Reed","Toledo",0.301,0.424,0.54,0.964,44,139,113,23,34,4,1,7,27,7,18,24,4,0
2022,"All Division I","Audrey Greely","Southeastern Louisiana",0.344,0.433,0.508,0.941,49,142,122,32,42,10,2,2,23,4,15,30,10,4
2022,"All Division I","Audrey LeClair","Michigan",0.315,0.351,0.411,0.762,46,134,124,28,39,5,2,1,15,0,7,14,10,2
2022,"All Division I","Audrey Lyle","Belmont",0.223,0.307,0.372,0.678,50,140,121,14,27,6,0,4,24,1,14,36,1,0
2022,"All Division I","Audrey Sellers","Boston University",0.207,0.284,0.25,0.534,45,107,92,13,19,4,0,0,7,4,6,12,3,1
2022,"All Division I","Audrie LaValley","Arkansas",0.289,0.424,0.43,0.853,51,148,114,23,33,4,0,4,13,4,24,25,0,0
2022,"All Division I","Autumn Bennett","Boise State",0.268,0.396,0.366,0.762,38,101,82,21,22,8,0,0,11,2,16,18,4,1
2022,"All Division I","Autumn Owen","Marshall",0.354,0.421,0.597,1.018,51,164,144,36,51,11,0,8,23,0,18,29,7,1
2022,"All Division I","Avery Drake","Houston Christian",0.161,0.273,0.185,0.458,45,154,124,14,20,3,0,0,5,2,17,22,9,1
2022,"All Division I","Avery Wysong","North Dakota State",0.252,0.331,0.441,0.772,47,161,143,17,36,13,1,4,23,3,14,49,0,1
2022,"All Division I","Avianna Peterson","Coppin State",0.271,0.388,0.375,0.763,36,116,96,17,26,7,0,1,10,2,17,17,2,3
2022,"All Division I","Avrey Schumacher","Youngstown State",0.263,0.325,0.342,0.668,56,170,152,16,40,10,1,0,28,3,12,33,2,0
2022,"All Division I","Avrey Steiner","Illinois",0.391,0.415,0.437,0.851,56,210,197,35,77,9,0,0,20,0,8,19,10,6
2022,"All Division I","Avry Blume","UT Martin",0.281,0.327,0.425,0.752,52,164,146,25,41,7,1,4,29,4,7,28,5,0
2022,"All Division I","Aziah James","Connecticut",0.244,0.338,0.311,0.649,56,160,135,30,33,3,3,0,8,0,19,33,8,3
2022,"All Division I","Bailee Richardson","Georgia State",0.315,0.366,0.56,0.926,54,183,168,29,53,9,1,10,38,2,12,18,11,3
2022,"All Division I","Bailee Wilson","East Carolina",0.25,0.35,0.342,0.692,55,180,152,27,38,14,0,0,21,1,23,23,4,1
2022,"All Division I","Bailey Bates","Holy Cross",0.188,0.295,0.232,0.527,42,130,112,14,21,5,0,0,9,4,13,23,3,0
2022,"All Division I","Bailey Chavez","Holy Cross",0.264,0.331,0.279,0.61,49,170,140,18,37,2,0,0,6,1,13,14,7,1
2022,"All Division I","Bailey Curry","Western Kentucky",0.296,0.407,0.62,1.027,51,172,142,19,42,10,0,12,48,2,26,17,0,0
2022,"All Division I","Bailey Drapola","Pittsburgh",0.257,0.396,0.486,0.882,35,95,74,7,19,4,2,3,22,3,14,22,7,1
2022,"All Division I","Bailey Huneycutt","Western Carolina",0.329,0.434,0.671,1.105,53,182,152,31,50,7,0,15,50,3,26,23,9,2
2022,"All Division I","Bailey Ledvina","East Carolina",0.238,0.311,0.418,0.729,50,142,122,21,29,8,1,4,21,0,13,24,4,0
2022,"All Division I","Bailey Shorter","Austin Peay",0.252,0.343,0.409,0.751,48,183,159,30,40,6,2,5,16,4,18,22,2,1
2022,"All Division I","Bailey Vannoy","Charlotte",0.381,0.453,0.845,1.299,58,225,194,60,74,12,3,24,58,3,25,22,7,2
2022,"All Division I","Bailey Winscott","Virginia",0.262,0.441,0.31,0.751,41,113,84,18,22,2,1,0,5,3,24,12,9,3
2022,"All Division I","Bailley Concatto","SIUE",0.284,0.342,0.397,0.739,45,160,141,18,40,7,0,3,16,0,13,8,1,0
2022,"All Division I","Baylee Klingler","Washington",0.434,0.5,0.948,1.448,55,202,173,46,75,13,2,24,71,3,23,6,3,2
2022,"All Division I","Baylee Morton","Appalachian State",0.239,0.457,0.463,0.92,55,188,134,25,32,3,0,9,25,5,49,34,0,0
2022,"All Division I","Becca Edwards","Green Bay",0.275,0.392,0.44,0.833,46,130,109,12,30,7,1,3,16,5,16,24,0,0
2022,"All Division I","Becky Hurosky","Cleveland State",0.293,0.358,0.512,0.87,43,139,123,15,36,9,0,6,24,3,10,25,0,0
2022,"All Division I","Bella Devesa","Elon",0.178,0.241,0.196,0.438,46,124,107,12,19,2,0,0,4,2,7,24,1,1
2022,"All Division I","Bella Fiorentino","Penn",0.321,0.463,0.453,0.916,40,134,106,11,34,5,0,3,25,6,22,16,0,0
2022,"All Division I","Bella Loya","Illinois",0.261,0.324,0.369,0.693,53,173,157,11,41,6,1,3,27,3,12,5,3,0
2022,"All Division I","Bella Peterson","Indiana State",0.395,0.458,0.725,1.183,52,193,167,42,66,21,2,10,35,0,22,19,8,0
2022,"All Division I","Bella Rocco","Boise State",0.248,0.315,0.376,0.691,39,131,117,10,29,3,0,4,23,3,9,14,0,0
2022,"All Division I","Bethany Busch","Houston",0.26,0.359,0.45,0.81,49,157,131,25,34,5,1,6,21,5,16,31,11,4
2022,"All Division I","Bianca Barone","Northern Illinois",0.302,0.382,0.422,0.804,41,134,116,13,35,5,0,3,15,3,12,15,7,2
2022,"All Division I","Bianca Worthy","Wagner",0.324,0.321,0.387,0.709,44,124,111,15,36,2,1,1,13,0,0,12,1,0
2022,"All Division I","Billie McFadyen","Dartmouth",0.348,0.405,0.529,0.934,44,153,138,22,48,5,4,4,25,1,13,10,8,1
2022,"All Division I","Blayke Batten","UNC Greensboro",0.273,0.346,0.562,0.908,43,137,121,31,33,4,2,9,26,2,12,21,0,0
2022,"All Division I","Brandi Feeney","Saint Peter's",0.207,0.273,0.279,0.552,45,121,111,16,23,5,0,1,10,2,8,27,4,2
2022,"All Division I","Brandice Boatwright","Florida A&M",0.165,0.232,0.198,0.43,37,101,91,3,15,1,1,0,4,2,6,14,0,0
2022,"All Division I","Brenna Davenport","UMass Lowell",0.228,0.298,0.338,0.636,48,154,136,16,31,6,0,3,12,1,13,36,2,1
2022,"All Division I","Bri Avery","Butler",0.382,0.4,0.4,0.8,47,117,110,21,42,2,0,0,10,1,3,22,20,2
2022,"All Division I","Bri Lerma","Utah State",0.201,0.327,0.276,0.603,51,161,134,19,27,5,1,1,9,15,10,22,0,0
2022,"All Division I","Bri Stubbs","North Carolina",0.355,0.477,0.461,0.938,51,177,141,38,50,10,1,1,14,4,30,35,8,1
2022,"All Division I","Bri Walker","Central Connecticut",0.229,0.342,0.366,0.708,49,155,131,7,30,6,0,4,23,2,21,36,0,0
2022,"All Division I","Briana Marcelino","Connecticut",0.367,0.445,0.612,1.057,56,218,188,47,69,13,3,9,44,2,26,32,39,1
2022,"All Division I","Briana Martinez","New Mexico",0.243,0.362,0.434,0.796,53,169,136,21,33,5,0,7,19,1,25,37,2,1
2022,"All Division I","Briana Perez","UCLA",0.392,0.452,0.726,1.178,61,211,186,49,73,18,7,10,44,4,17,27,16,4
2022,"All Division I","Briana Ramirez","Towson",0.379,0.412,0.434,0.846,47,160,145,23,55,4,2,0,11,0,8,20,4,1
2022,"All Division I","Brianna Alston","Mississippi Valley",0.3,0.347,0.318,0.666,37,122,110,14,33,0,1,0,8,1,7,10,7,4
2022,"All Division I","Brianna Castro","Buffalo",0.311,0.405,0.515,0.92,45,155,132,22,41,13,1,4,22,4,17,20,3,1
2022,"All Division I","Brianna Clary","Stetson",0.33,0.394,0.341,0.735,56,200,179,41,59,0,1,0,8,1,18,18,23,6
2022,"All Division I","Brianna Pinto","Fordham",0.296,0.343,0.361,0.703,49,181,169,29,50,6,1,1,10,2,10,47,25,0
2022,"All Division I","Bridget Nasir","Quinnipiac",0.241,0.299,0.391,0.69,41,147,133,20,32,8,3,2,12,1,10,15,6,1
2022,"All Division I","Bridgette Strobl","Gardner-Webb",0.191,0.306,0.266,0.572,35,112,94,7,18,5,1,0,9,2,14,30,0,0
2022,"All Division I","Brinaya Bailey","Kennesaw State",0.329,0.409,0.434,0.842,51,164,143,9,47,3,0,4,29,6,14,29,0,0
2022,"All Division I","Brissa Alvarado","Coppin State",0.263,0.434,0.456,0.89,45,152,114,22,30,9,2,3,24,2,34,28,0,0
2022,"All Division I","Britaney Shaw","Houston",0.231,0.303,0.444,0.747,44,121,108,11,25,2,0,7,18,2,9,24,0,0
2022,"All Division I","Britanny Phillips","Florida International",0.242,0.34,0.258,0.599,49,144,120,11,29,2,0,0,9,0,19,5,4,2
2022,"All Division I","Brittany Ford","Indiana",0.304,0.351,0.593,0.944,48,148,135,15,41,9,0,10,40,2,9,25,0,0
2022,"All Division I","Brittany Jackson","NC State",0.303,0.44,0.485,0.925,56,171,132,31,40,10,1,4,23,4,29,25,5,1
2022,"All Division I","Brittnee Rossi","Hawaii",0.237,0.36,0.368,0.729,41,138,114,24,27,2,2,3,7,6,16,35,4,2
2022,"All Division I","Brittney Manthie","Creighton",0.241,0.341,0.241,0.581,36,94,79,18,19,0,0,0,0,1,11,29,3,2
2022,"All Division I","Brittney Mendoza","Delaware",0.336,0.409,0.545,0.954,45,164,143,31,48,13,1,5,33,2,17,14,6,0
2022,"All Division I","Brook Mitchell","Army",0.239,0.283,0.265,0.549,49,122,113,14,27,3,0,0,3,0,7,19,5,3
2022,"All Division I","Brooke Diaz","Louisiana Tech",0.292,0.388,0.478,0.867,54,189,161,18,47,9,0,7,39,10,16,23,2,0
2022,"All Division I","Brooke Dye","Stony Brook",0.183,0.261,0.26,0.52,41,121,104,14,19,2,0,2,12,4,7,32,3,2
2022,"All Division I","Brooke Glanden","Delaware",0.324,0.385,0.581,0.966,45,169,148,24,48,11,0,9,38,2,15,16,0,1
2022,"All Division I","Brooke Johnson","DePaul",0.389,0.51,0.745,1.255,53,200,157,40,61,15,1,13,52,4,37,31,3,1
2022,"All Division I","Brooke Pfefferle","Austin Peay",0.343,0.402,0.503,0.905,53,190,169,29,58,10,1,5,34,5,13,6,2,0
2022,"All Division I","Brooke Rice","Ohio",0.287,0.399,0.543,0.941,48,154,129,16,37,9,0,8,26,5,19,51,2,0
2022,"All Division I","Brooke Wilmes","Missouri",0.317,0.405,0.591,0.996,60,218,186,41,59,7,1,14,34,7,21,23,4,2
2022,"All Division I","Brooklyn Weisgram","Montana",0.273,0.348,0.488,0.835,46,140,121,21,33,8,0,6,22,8,7,29,1,0
2022,"All Division I","Brooklyn Whitt","Kent State",0.264,0.358,0.318,0.676,44,152,129,27,34,5,1,0,8,2,17,17,8,2
2022,"All Division I","Brooklynn Brewington","Western Carolina",0.294,0.368,0.347,0.715,53,191,170,30,50,5,2,0,15,2,18,35,32,7
2022,"All Division I","Brylee Hage","Western Kentucky",0.35,0.414,0.494,0.908,51,181,160,37,56,12,4,1,19,1,18,19,17,1
2022,"All Division I","Brylie St. Clair","Mississippi State",0.263,0.305,0.302,0.607,64,192,179,28,47,7,0,0,14,1,10,30,6,0
2022,"All Division I","Bubba Gleaves","Columbia",0.248,0.403,0.337,0.74,38,129,101,19,25,3,0,2,13,3,24,11,1,0
2022,"All Division I","Cailyn Peterson","Mississippi Valley",0.179,0.222,0.299,0.521,30,73,67,5,12,3,1,1,4,0,4,13,1,0
2022,"All Division I","Caitie Ladd","Michigan State",0.288,0.329,0.353,0.682,52,167,153,22,44,7,0,1,15,1,9,28,12,3
2022,"All Division I","Caitlin Coker","Boston University",0.326,0.406,0.542,0.948,57,220,190,45,62,15,4,6,24,8,18,16,12,4
2022,"All Division I","Caitlyn Britton","Central Michigan",0.315,0.392,0.608,1,51,168,143,23,45,9,0,11,39,2,18,48,0,1
2022,"All Division I","Caitlyn Brockway","Houston Christian",0.316,0.424,0.588,1.012,47,165,136,29,43,10,0,9,27,6,21,20,1,1
2022,"All Division I","Caitlyn Rogers","Texas State",0.302,0.421,0.525,0.946,53,174,139,24,42,6,2,7,34,8,22,31,0,1
2022,"All Division I","Calie Burris","Abilene Christian",0.369,0.517,0.623,1.141,51,173,130,19,48,13,1,6,26,7,34,25,1,0
2022,"All Division I","Cam Ybarra","Nebraska",0.365,0.404,0.646,1.05,52,193,178,37,65,14,3,10,39,0,13,9,1,0
2022,"All Division I","Cameron Andrews","Southern",0.25,0.302,0.266,0.568,48,143,128,21,32,2,0,0,11,2,8,6,10,4
2022,"All Division I","Cam Goodman","Southeastern Louisiana",0.426,0.464,0.519,0.983,49,143,129,38,55,2,2,2,13,0,9,16,30,4
2022,"All Division I","Cameryn Maykut","North Dakota State",0.307,0.376,0.458,0.834,53,186,166,29,51,13,0,4,48,3,16,24,2,1
2022,"All Division I","Cami Newbanks","Saint Louis",0.26,0.414,0.43,0.844,43,133,100,8,26,6,1,3,15,0,27,29,1,2
2022,"All Division I","Cami Sellers","Montana",0.307,0.404,0.553,0.958,47,180,150,25,46,10,0,9,34,5,21,21,1,0
2022,"All Division I","Camille Navarro","Howard",0.36,0.433,0.543,0.976,55,201,175,52,63,15,7,1,23,7,17,2,16,3
2022,"All Division I","Cammie Brummitt","Oakland",0.248,0.286,0.39,0.676,43,155,141,17,35,5,0,5,23,2,7,17,0,0
2022,"All Division I","Camryn Dean","UNC Wilmington",0.19,0.293,0.316,0.61,36,94,79,17,15,4,0,2,10,3,9,21,7,0
2022,"All Division I","Camryn Lyman","Long Island",0.388,0.44,0.443,0.883,54,202,183,34,71,10,0,0,24,0,17,14,8,2
2022,"All Division I","Camryn McLemore","Jacksonville State",0.363,0.446,0.637,1.083,44,133,113,24,41,8,1,7,19,2,15,15,1,1
2022,"All Division I","Camryn Middlebrook","Stephen F. Austin",0.301,0.419,0.417,0.836,55,202,163,37,49,9,2,2,20,11,23,25,1,0
2022,"All Division I","Camryn Monteer","Bradley",0.31,0.393,0.381,0.774,52,191,168,30,52,4,4,0,12,1,22,23,19,2
2022,"All Division I","Camryn Wincher","Michigan State",0.331,0.393,0.396,0.789,51,174,154,20,51,7,0,1,20,1,16,28,2,1
2022,"All Division I","Camryn Wineinger","Memphis",0.307,0.399,0.436,0.834,53,167,140,23,43,5,2,3,24,2,20,23,2,1
2022,"All Division I","Cana Davis","FGCU",0.374,0.45,0.763,1.213,50,160,139,25,52,11,2,13,44,3,17,24,0,1
2022,"All Division I","Cara McNulty","Saint Peter's",0.322,0.346,0.45,0.796,55,182,171,18,55,8,1,4,30,5,3,16,7,0
2022,"All Division I","Carlee McCondichie","Auburn",0.338,0.372,0.5,0.872,56,147,136,32,46,6,2,4,21,1,7,17,8,2
2022,"All Division I","Carley Barjaktarovich","Lehigh",0.366,0.416,0.366,0.782,50,181,164,36,60,0,0,0,4,0,14,15,23,4
2022,"All Division I","Carley Davis","Elon",0.266,0.331,0.347,0.678,47,140,124,10,33,4,0,2,20,2,11,9,3,0
2022,"All Division I","Carley Goetschius","North Dakota State",0.248,0.268,0.346,0.614,47,159,153,18,38,6,0,3,23,0,4,12,4,1
2022,"All Division I","Carley Morfey","Sacramento State",0.298,0.352,0.506,0.858,55,183,168,28,50,11,0,8,44,1,13,20,0,0
2022,"All Division I","Carley Nance","Seattle",0.287,0.403,0.624,1.027,56,192,157,27,45,8,0,15,58,3,29,32,0,0
2022,"All Division I","Carli Campbell","Syracuse",0.311,0.404,0.311,0.715,37,104,90,19,28,0,0,0,6,0,14,15,8,2
2022,"All Division I","Carli Spelhaug","Iowa State",0.313,0.441,0.553,0.994,51,187,150,52,47,12,3,6,19,9,26,44,15,1
2022,"All Division I","Carly Lucchetti","Pacific",0.353,0.372,0.453,0.825,46,158,150,21,53,6,3,1,13,0,5,17,12,2
2022,"All Division I","Carly Robinson","Eastern Kentucky",0.209,0.388,0.427,0.815,46,147,110,8,23,3,0,7,24,1,33,32,0,0
2022,"All Division I","Carly Rybinski","Saint Joseph's",0.204,0.263,0.213,0.476,46,120,108,13,22,1,0,0,5,2,7,14,5,0
2022,"All Division I","Carlyn Hernandez","Bryant",0.248,0.333,0.319,0.652,40,132,113,15,28,5,0,1,14,1,14,23,0,0
2022,"All Division I","Carolina Davis","East Tennessee State",0.207,0.255,0.241,0.497,45,98,87,2,18,1,1,0,3,0,6,28,2,5
2022,"All Division I","Caroline Baratta","Marist",0.287,0.358,0.517,0.875,55,193,174,40,50,10,0,10,38,1,18,18,12,1
2022,"All Division I","Caroline Hudson","Liberty",0.311,0.363,0.646,1.009,62,223,206,46,64,12,3,17,53,1,16,28,3,1
2022,"All Division I","Caroline Jacobsen","Duke",0.339,0.432,0.71,1.141,52,146,124,37,42,8,1,12,33,0,21,22,2,1
2022,"All Division I","Caroline Nichols","South Alabama",0.305,0.376,0.373,0.749,44,134,118,24,36,2,3,0,10,0,14,18,7,2
2022,"All Division I","Caroline Spacek","Ohio",0.313,0.339,0.482,0.821,48,179,166,26,52,10,0,6,35,0,8,24,5,0
2022,"All Division I","Carolyn Skotz","Yale",0.258,0.353,0.382,0.735,33,107,89,14,23,6,1,1,8,2,11,14,2,0
2022,"All Division I","Casey Walker","Hampton",0.256,0.313,0.322,0.635,47,136,121,11,31,3,1,1,8,2,8,39,14,2
2022,"All Division I","Cassidy Triska","Fairleigh Dickinson",0.353,0.405,0.718,1.123,47,176,156,41,55,10,1,15,30,4,11,20,12,1
2022,"All Division I","Cassie Castaneda","North Dakota",0.276,0.329,0.343,0.672,47,149,134,6,37,9,0,0,14,1,11,19,1,0
2022,"All Division I","Cassie Henning","Georgetown",0.23,0.3,0.29,0.59,43,112,100,11,23,3,0,1,6,3,7,29,1,0
2022,"All Division I","Cassie Swenson","Rhode Island",0.224,0.281,0.254,0.535,46,151,134,11,30,4,0,0,12,0,11,17,2,0
2022,"All Division I","Cassie Thomerson","Indiana State",0.184,0.407,0.286,0.693,46,135,98,19,18,2,1,2,12,12,25,27,7,2
2022,"All Division I","Cat Crenek","Texas State",0.325,0.403,0.392,0.795,44,143,120,22,39,3,1,1,18,0,17,28,14,0
2022,"All Division I","Cayla Nielsen","Creighton",0.296,0.358,0.489,0.847,42,150,135,34,40,10,2,4,17,0,13,28,4,2
2022,"All Division I","Cayla Tulley","UMass Lowell",0.256,0.303,0.519,0.822,42,142,129,23,33,6,2,8,38,2,8,40,3,1
2022,"All Division I","Celia Macari","Cornell",0.179,0.284,0.263,0.548,38,113,95,7,17,2,0,2,8,1,13,13,0,1
2022,"All Division I","Chaela Crowder","Rider",0.296,0.345,0.309,0.653,41,87,81,1,24,1,0,0,11,0,6,8,0,0
2022,"All Division I","Charla Echols","Florida",0.307,0.413,0.474,0.887,67,243,192,29,59,15,1,5,59,4,37,17,3,0
2022,"All Division I","Chase Knapp","Bucknell",0.254,0.319,0.365,0.684,44,138,126,15,32,4,2,2,10,1,11,28,1,0
2022,"All Division I","Chelie Senini","Nevada",0.348,0.394,0.416,0.81,51,193,178,46,62,3,3,1,12,0,14,14,47,3
2022,"All Division I","Chelsea Alexander","Oklahoma State",0.321,0.426,0.401,0.827,57,166,137,28,44,4,2,1,11,6,19,23,21,2
2022,"All Division I","Chelsea Manto","Hofstra",0.358,0.387,0.409,0.796,48,188,176,30,63,3,3,0,11,0,9,28,21,4
2022,"All Division I","Chelsy Pena","Southeast Missouri",0.264,0.33,0.374,0.704,46,100,91,20,24,4,0,2,18,0,9,16,2,0
2022,"All Division I","Cheyenne Cavanaugh","Belmont",0.451,0.516,0.599,1.115,50,188,162,41,73,12,0,4,27,4,20,11,31,1
2022,"All Division I","Cheyenne Lindsey","Florida",0.332,0.366,0.49,0.856,68,229,208,40,69,5,8,4,34,0,13,42,8,1
2022,"All Division I","Chloe Camarero","Weber State",0.364,0.438,0.688,1.126,50,180,154,40,56,11,3,11,37,4,17,10,9,5
2022,"All Division I","Chloe Cruz","Kent State",0.223,0.33,0.426,0.756,38,115,94,11,21,3,2,4,18,1,14,26,1,1
2022,"All Division I","Chloe Malau'ulu","Mississippi State",0.332,0.422,0.539,0.961,64,227,193,46,64,12,2,8,25,1,30,26,7,2
2022,"All Division I","Chloe Morgan","Binghamton",0.262,0.305,0.312,0.617,45,156,141,16,37,3,2,0,12,2,7,18,3,2
2022,"All Division I","Chloe Smith","Villanova",0.328,0.398,0.497,0.895,56,201,177,29,58,13,1,5,31,6,16,20,2,1
2022,"All Division I","Christaana Angelopulos","Wisconsin",0.084,0.18,0.159,0.339,50,122,107,8,9,2,0,2,10,7,6,41,1,1
2022,"All Division I","Chyenne Factor","Oklahoma State",0.303,0.435,0.52,0.954,62,198,152,31,46,3,0,10,35,8,29,26,1,1
2022,"All Division I","Ciara Briggs","LSU",0.368,0.435,0.468,0.904,57,220,190,53,70,7,3,2,32,0,24,26,8,0
2022,"All Division I","Ciara Granado","Long Island",0.306,0.344,0.365,0.709,55,186,170,19,52,10,0,0,24,1,10,16,2,0
2022,"All Division I","Ciarra Mata","UTSA",0.245,0.316,0.33,0.646,42,117,106,21,26,3,0,2,10,1,10,31,0,0
2022,"All Division I","Claudia Ware","Campbell",0.264,0.364,0.345,0.709,52,183,148,28,39,7,1,1,15,3,21,28,18,2
2022,"All Division I","Conchetta Rinaldi","Youngstown State",0.271,0.291,0.429,0.72,56,199,177,13,48,10,0,6,32,1,6,32,0,0
2022,"All Division I","Cora Bassett","Indiana",0.4,0.505,0.768,1.273,49,190,155,57,62,18,0,13,34,5,29,17,16,5
2022,"All Division I","Cori Hoffler","Charlotte",0.333,0.384,0.573,0.957,54,191,171,31,57,11,0,10,32,9,7,29,6,3
2022,"All Division I","Corinne Badger","Stony Brook",0.31,0.374,0.724,1.098,48,163,145,34,45,7,1,17,46,6,10,27,3,1
2022,"All Division I","Courtney Callahan","Michigan State",0.288,0.397,0.424,0.821,49,163,125,23,36,9,1,2,17,2,22,24,13,4
2022,"All Division I","Courtney Coppersmith","UMBC",0.328,0.374,0.5,0.874,41,133,122,20,40,9,0,4,18,1,8,25,0,1
2022,"All Division I","Courtney Day","Texas",0.3,0.385,0.654,1.039,57,148,130,21,39,10,0,12,34,3,15,24,1,0
2022,"All Division I","Courtney Fernette","Cleveland State",0.239,0.299,0.504,0.803,42,129,117,19,28,7,3,6,21,4,6,30,2,1
2022,"All Division I","Courtney Lanpher","Merrimack",0.276,0.388,0.409,0.798,42,154,127,27,35,8,0,3,14,4,20,38,13,3
2022,"All Division I","Courtney Mahoney","Fairleigh Dickinson",0.216,0.303,0.293,0.596,42,136,116,16,25,6,0,1,13,1,14,15,2,1
2022,"All Division I","Courtney Wilson","South Dakota",0.32,0.362,0.372,0.734,53,187,172,30,55,4,1,1,21,1,11,25,9,1
2022,"All Division I","Cydney Curran","CSU Bakersfield",0.298,0.36,0.419,0.78,45,138,124,14,37,4,4,1,12,2,10,20,2,2
2022,"All Division I","Cylie Halvorson","South Dakota State",0.309,0.351,0.663,1.014,54,191,178,39,55,6,0,19,46,4,8,38,1,0
2022,"All Division I","Daisy Hess","Georgia State",0.252,0.341,0.367,0.709,52,168,147,23,37,12,1,1,15,3,17,21,29,4
2022,"All Division I","Daisy Munoz","Cal State Fullerton",0.328,0.389,0.57,0.959,59,211,186,26,61,15,0,10,49,3,18,23,0,0
2022,"All Division I","Dallas Millwood","Hawaii",0.224,0.308,0.402,0.71,40,121,107,9,24,4,0,5,18,3,10,34,0,0
2022,"All Division I","Danielle Davis","Illinois",0.311,0.422,0.453,0.875,52,128,106,14,33,8,2,1,16,5,16,26,4,2
2022,"All Division I","Danielle Diaz","Stetson",0.313,0.373,0.367,0.74,56,191,166,18,52,6,0,1,21,0,17,16,6,1
2022,"All Division I","Danielle Dominik","Monmouth",0.186,0.297,0.256,0.553,42,101,86,2,16,3,0,1,8,1,13,27,1,0
2022,"All Division I","Danielle Duplay","Nicholls",0.272,0.409,0.296,0.705,47,156,125,20,34,3,0,0,9,1,28,21,10,2
2022,"All Division I","Danielle Lew","Nevada",0.224,0.32,0.336,0.656,51,159,134,15,30,9,0,2,12,2,17,37,1,0
2022,"All Division I","Danielle Serna","Colorado State",0.287,0.365,0.485,0.851,46,156,136,12,39,9,0,6,25,4,14,26,0,0
2022,"All Division I","Daphne Plummer","Missouri State",0.373,0.407,0.447,0.854,48,173,161,32,60,6,3,0,8,3,7,12,29,4
2022,"All Division I","Darby Trull","Virginia Tech",0.319,0.444,0.466,0.91,50,144,116,26,37,7,2,2,13,2,25,13,3,0
2022,"All Division I","Dayna Kennedy","Illinois State",0.297,0.36,0.683,1.044,40,111,101,16,30,3,0,12,26,3,7,25,0,0
2022,"All Division I","Deja Davis","Duke",0.318,0.423,0.534,0.957,43,105,88,22,28,8,1,3,15,4,12,9,10,0
2022,"All Division I","Delainey Fenoglio","Kansas City",0.301,0.395,0.463,0.858,47,157,136,10,41,4,0,6,25,1,20,15,0,0
2022,"All Division I","Delaney Cumbie","UNC Greensboro",0.301,0.469,0.66,1.129,53,208,153,48,46,7,0,16,33,22,29,24,0,1
2022,"All Division I","Delaney Rummell","Illinois",0.263,0.313,0.479,0.792,56,188,167,31,44,6,0,10,34,4,9,19,9,2
2022,"All Division I","Delaney Taylor","Drake",0.304,0.4,0.376,0.776,45,146,125,25,38,4,1,1,23,5,15,17,10,4
2022,"All Division I","Delanie Johnson","Ball State",0.269,0.358,0.471,0.829,43,120,104,8,28,6,0,5,30,7,8,21,0,0
2022,"All Division I","DeNae Chatman","Grand Canyon",0.356,0.429,0.632,1.061,55,191,163,32,58,3,0,14,51,2,22,18,1,0
2022,"All Division I","Denali Schappacher","UCF",0.318,0.402,0.399,0.801,63,200,173,37,55,6,4,0,16,1,24,27,16,3
2022,"All Division I","Denay Griffin","Liberty",0.259,0.423,0.422,0.845,50,149,116,18,30,4,0,5,22,0,33,34,2,0
2022,"All Division I","Denise Armendariz","UNLV",0.341,0.378,0.549,0.927,58,199,182,29,62,5,0,11,47,1,11,32,1,0
2022,"All Division I","Deshea Hill","Cal State Fullerton",0.26,0.321,0.432,0.753,56,188,169,14,44,6,1,7,32,4,12,23,0,0
2022,"All Division I","Desirea Lindsey","Alcorn State",0.279,0.396,0.324,0.72,42,135,111,20,31,5,0,0,14,1,21,22,7,2
2022,"All Division I","Destini Brown","Southern Miss",0.366,0.475,0.615,1.09,52,198,161,49,59,6,5,8,27,3,32,23,29,2
2022,"All Division I","Destiny Cuevas","Florida A&M",0.317,0.359,0.517,0.876,49,159,145,25,46,12,1,5,20,1,9,15,1,0
2022,"All Division I","Destiny Hernandez","Southern",0.26,0.316,0.366,0.682,44,137,123,11,32,7,0,2,23,0,10,10,0,0
2022,"All Division I","Destiny Middleton","North Carolina",0.264,0.304,0.333,0.638,50,140,129,23,34,3,3,0,6,2,6,21,6,3
2022,"All Division I","Devyn Flaherty","Florida State",0.353,0.404,0.535,0.939,61,208,187,45,66,12,2,6,31,3,15,16,26,3
2022,"All Division I","Devyn Losco","Hofstra",0.235,0.252,0.322,0.574,47,124,115,15,27,5,1,1,10,1,2,29,2,0
2022,"All Division I","Dez Cardenas","North Dakota State",0.335,0.408,0.461,0.869,53,191,167,29,56,14,2,1,30,3,19,27,8,3
2022,"All Division I","Dezarae Maldonado","USF",0.27,0.303,0.459,0.762,51,133,122,19,33,5,0,6,22,1,6,19,3,0
2022,"All Division I","Diamond Porter","North Carolina Central",0.225,0.338,0.369,0.708,44,130,111,18,25,5,1,3,11,6,13,24,9,0
2022,"All Division I","Diamond Williams","Mercer",0.317,0.386,0.518,0.904,50,158,139,24,44,11,1,5,34,1,16,28,0,0
2022,"All Division I","Djhane Valido","Boston College",0.186,0.282,0.237,0.519,40,111,97,13,18,2,0,1,5,2,11,27,2,0
2022,"All Division I","Dream Weaver","Southern Utah",0.233,0.34,0.267,0.606,40,106,90,10,21,3,0,0,6,2,13,20,0,0
2022,"All Division I","Drew Menscer","Elon",0.255,0.376,0.265,0.641,44,120,98,26,25,1,0,0,3,0,19,18,8,3
2022,"All Division I","EJ Bankson","George Mason",0.304,0.388,0.419,0.807,48,171,148,23,45,7,2,2,23,0,21,22,3,2
2022,"All Division I","Elayna Tsiouplis","Brown",0.274,0.313,0.406,0.718,35,114,106,12,29,6,1,2,14,4,2,19,2,0
2022,"All Division I","Elena Gonzalez","Rider",0.283,0.308,0.454,0.762,49,161,152,27,43,12,1,4,34,0,6,20,2,1
2022,"All Division I","Eli Espinosa","Utah",0.192,0.276,0.282,0.558,41,87,78,4,15,1,0,2,7,3,6,23,0,0
2022,"All Division I","Elise Gibbs","Bethune-Cookman",0.253,0.315,0.293,0.608,38,110,99,14,25,2,1,0,4,1,8,18,6,1
2022,"All Division I","Elise Shewmaker","Lipscomb",0.243,0.355,0.343,0.698,52,172,140,22,34,6,1,2,16,3,22,28,3,1
2022,"All Division I","Elison Ollinger","Belmont",0.276,0.348,0.504,0.851,44,141,127,32,35,8,3,5,25,2,12,31,2,2
2022,"All Division I","Eliyah Flores","Boise State",0.323,0.444,0.515,0.959,48,164,130,34,42,9,2,4,25,13,16,17,3,1
2022,"All Division I","Elizabeth King","Mount St. Mary's",0.255,0.325,0.314,0.638,40,114,102,7,26,6,0,0,13,0,11,14,1,0
2022,"All Division I","Ellee Jensen","Minnesota",0.281,0.358,0.314,0.672,42,141,121,21,34,4,0,0,11,1,14,16,3,0
2022,"All Division I","Ellessa Bonstrom","Utah",0.376,0.503,0.709,1.212,52,187,141,43,53,10,2,11,44,10,31,18,11,2
2022,"All Division I","Ellie Bailey","Texas Tech",0.309,0.347,0.471,0.818,49,150,136,14,42,13,0,3,31,1,8,21,0,0
2022,"All Division I","Ellie Grill","Sam Houston State",0.263,0.333,0.356,0.689,44,132,118,19,31,5,3,0,8,4,9,28,10,1
2022,"All Division I","Ellie Mataya","Boston College",0.346,0.41,0.49,0.901,47,173,153,23,53,11,4,1,13,2,16,22,11,3
2022,"All Division I","Emery Nielson","Fresno State",0.271,0.312,0.297,0.609,45,133,118,22,32,1,1,0,1,0,7,25,7,4
2022,"All Division I","Emily Bartlett","Furman",0.281,0.436,0.5,0.936,55,189,146,25,41,9,1,7,31,11,30,28,4,0
2022,"All Division I","Emily Bracamonte","Central Michigan",0.234,0.287,0.372,0.659,53,160,137,10,32,10,0,3,18,2,9,11,0,0
2022,"All Division I","Emily Brown","Georgia State",0.243,0.33,0.32,0.649,54,194,169,23,41,5,4,0,11,2,20,29,22,4
2022,"All Division I","Emily Cimino","Lehigh",0.358,0.39,0.564,0.953,50,178,165,29,59,14,4,4,33,1,9,13,0,1
2022,"All Division I","Emily Coltharp","Chattanooga",0.376,0.429,0.439,0.868,57,212,189,30,71,8,2,0,20,0,19,33,24,2
2022,"All Division I","Emily Daniel","Dayton",0.4,0.462,0.419,0.881,43,120,105,20,42,2,0,0,8,1,11,8,16,3
2022,"All Division I","Emily Gant","Boston University",0.387,0.429,0.613,1.042,52,158,142,40,55,6,4,6,46,1,11,35,4,0
2022,"All Division I","Emily Harkleroad","Austin Peay",0.207,0.278,0.25,0.528,53,160,140,14,29,4,1,0,13,3,12,9,6,0
2022,"All Division I","Emily Hott","Baylor",0.331,0.463,0.446,0.91,46,165,130,30,43,5,2,2,22,5,28,19,7,2
2022,"All Division I","Emily Johansen","Portland State",0.339,0.482,0.597,1.078,45,165,124,34,42,9,1,7,34,8,29,17,3,1
2022,"All Division I","Emily Kepple","Hampton",0.261,0.342,0.41,0.752,55,184,161,17,42,9,0,5,26,6,15,19,1,1
2022,"All Division I","Emily McKinney","Cornell",0.29,0.397,0.449,0.846,39,132,107,15,31,7,2,2,25,5,16,12,0,0
2022,"All Division I","Emily Parrott","Appalachian State",0.271,0.327,0.407,0.733,55,206,177,32,48,6,0,6,28,1,15,18,9,2
2022,"All Division I","Emily Phillips","James Madison",0.25,0.361,0.62,0.981,41,120,100,22,25,5,1,10,28,2,16,30,2,0
2022,"All Division I","Emily Schultz","Stanford",0.242,0.282,0.304,0.587,61,171,161,23,39,10,0,0,18,1,8,26,4,0
2022,"All Division I","Emily Telg","Sam Houston State",0.209,0.341,0.33,0.671,51,142,115,12,24,4,2,2,13,4,19,36,7,1
2022,"All Division I","Emily Valtman","Drake",0.341,0.393,0.604,0.997,50,178,164,32,56,10,0,11,37,0,14,17,3,1
2022,"All Division I","Emily Young","Stanford",0.32,0.379,0.455,0.834,61,201,178,25,57,12,3,2,39,7,11,18,5,0
2022,"All Division I","Emma Bickford","Santa Clara",0.287,0.319,0.4,0.719,51,164,150,21,43,12,1,1,24,5,4,16,4,1
2022,"All Division I","Emma Clark","Notre Dame",0.362,0.383,0.427,0.81,52,194,185,47,67,8,2,0,22,1,6,17,11,2
2022,"All Division I","Emma Curry","Hartford",0.258,0.324,0.473,0.797,40,105,93,18,24,7,2,3,14,3,7,24,5,1
2022,"All Division I","Emma Kauf","Georgia Tech",0.355,0.417,0.594,1.011,56,218,197,37,70,25,2,6,36,2,19,17,2,1
2022,"All Division I","Emma McLaughlin","Siena",0.261,0.309,0.373,0.681,55,176,161,11,42,13,1,1,27,4,8,24,0,0
2022,"All Division I","Emma McMillan","Fort Wayne",0.275,0.316,0.345,0.661,49,157,142,19,39,7,0,1,14,0,9,20,8,3
2022,"All Division I","Emma Nedley","Penn",0.241,0.299,0.388,0.687,39,130,116,18,28,5,0,4,15,1,9,18,3,0
2022,"All Division I","Emma Raabe","Missouri",0.216,0.364,0.351,0.714,52,125,97,8,21,4,0,3,9,1,22,27,0,0
2022,"All Division I","Emme Olson","Illinois State",0.351,0.445,0.565,1.01,52,182,154,20,54,16,1,5,23,3,24,20,0,2
2022,"All Division I","Emmy Blane","Kentucky",0.296,0.374,0.539,0.913,54,136,115,17,34,7,0,7,32,0,15,32,0,0
2022,"All Division I","Erika Bell","Robert Morris",0.293,0.4,0.476,0.876,50,176,147,14,43,12,3,3,31,1,26,18,1,0
2022,"All Division I","Erika Coreth","Connecticut",0.241,0.333,0.336,0.67,50,142,116,14,28,5,0,2,23,4,14,14,0,0
2022,"All Division I","Erin Bengston","Holy Cross",0.254,0.398,0.369,0.767,49,162,130,10,33,6,0,3,18,2,29,18,0,0
2022,"All Division I","Erin Hufford","Canisius",0.386,0.439,0.456,0.895,47,174,158,31,61,5,3,0,14,0,15,21,29,5
2022,"All Division I","Faith Alexander","Kennesaw State",0.314,0.375,0.373,0.748,43,169,153,26,48,5,2,0,23,1,14,9,11,4
2022,"All Division I","Faith Hegh","UAB",0.32,0.358,0.433,0.792,48,159,150,26,48,11,3,0,18,4,5,9,3,1
2022,"All Division I","Faith Hensley","Ball State",0.397,0.528,0.795,1.323,52,200,156,51,62,7,2,17,40,6,37,27,13,3
2022,"All Division I","Faith Hoe","Weber State",0.377,0.443,0.532,0.975,50,184,154,45,58,12,3,2,41,3,20,28,6,0
2022,"All Division I","Faith Jarvis","East Carolina",0.293,0.376,0.365,0.741,56,194,167,31,49,6,3,0,10,1,21,54,20,4
2022,"All Division I","Faith Shirley","Georgia Southern",0.298,0.38,0.573,0.953,42,144,124,17,37,10,0,8,25,2,15,19,2,0
2022,"All Division I","Felixia Hinojosa","Lamar",0.202,0.294,0.269,0.563,49,138,119,4,24,5,0,1,12,3,13,20,0,0
2022,"All Division I","Fiona Girardot","Wisconsin",0.324,0.434,0.493,0.927,51,175,142,34,46,8,2,4,24,12,18,27,3,1
2022,"All Division I","Frankie Hammoude","Oregon State",0.384,0.503,0.735,1.238,56,191,151,26,58,8,0,15,40,1,37,29,1,0
2022,"All Division I","Frankie Tago","Idaho State",0.322,0.41,0.447,0.857,50,181,152,26,49,8,1,3,37,1,23,20,3,0
2022,"All Division I","Gabbie Kowalik","Saint Louis",0.344,0.416,0.6,1.016,51,185,160,43,55,9,4,8,31,12,10,18,20,4
2022,"All Division I","Gabby Benson","Georgia State",0.224,0.281,0.304,0.585,52,138,125,13,28,4,0,2,10,1,9,25,4,0
2022,"All Division I","Gabby Vaughan","Norfolk State",0.296,0.363,0.526,0.889,55,172,152,17,45,13,2,6,36,0,17,14,2,1
2022,"All Division I","Gabriella Jimenez","Utah State",0.297,0.371,0.623,0.993,55,197,175,35,52,8,2,15,49,1,20,56,6,2
2022,"All Division I","Gabriella Mazzotta","Manhattan",0.198,0.26,0.198,0.458,38,105,96,13,19,0,0,0,7,3,5,19,7,3
2022,"All Division I","Gabriella Torres","Texas A&M-Corpus Christi",0.243,0.317,0.417,0.733,51,165,144,27,35,9,2,4,26,3,13,26,3,0
2022,"All Division I","Gabrielle Callaway","Rutgers",0.374,0.472,0.645,1.117,55,193,155,39,58,10,1,10,47,12,21,21,13,1
2022,"All Division I","Gaby Garcia","Stephen F. Austin",0.321,0.425,0.518,0.943,56,203,168,36,54,9,0,8,34,16,15,14,0,2
2022,"All Division I","Gaby Ruiz","Florida International",0.217,0.284,0.248,0.532,50,143,129,9,28,4,0,0,7,1,11,28,4,0
2022,"All Division I","Georgia Clark","LSU",0.301,0.441,0.667,1.107,57,203,156,32,47,9,0,16,61,0,42,32,0,0
2022,"All Division I","Gianna Boccagno","Boston College",0.176,0.29,0.447,0.737,39,102,85,8,15,2,0,7,15,6,8,28,1,0
2022,"All Division I","Gianna Epps","Rider",0.246,0.277,0.263,0.54,50,127,114,10,28,2,0,0,14,1,4,18,2,0
2022,"All Division I","Gianna Nicoletti","Grand Canyon",0.396,0.469,0.456,0.925,55,207,182,62,72,3,4,0,11,1,24,15,51,2
2022,"All Division I","Gisele Tapia","Duke",0.29,0.358,0.477,0.835,48,122,107,15,31,6,1,4,22,1,11,22,2,0
2022,"All Division I","Grace French","Bradley",0.288,0.381,0.513,0.894,52,181,156,34,45,10,2,7,32,9,15,24,5,0
2022,"All Division I","Grace Gressly","Dayton",0.379,0.469,0.442,0.911,38,115,95,4,36,6,0,0,19,2,15,14,0,0
2022,"All Division I","Grace Harvey","Lafayette",0.273,0.354,0.403,0.757,47,165,139,15,38,13,1,1,27,7,13,18,3,1
2022,"All Division I","Grace Lyons","Oklahoma",0.399,0.479,0.86,1.338,62,213,178,67,71,7,3,23,70,8,22,12,9,1
2022,"All Division I","Grace Messmer","Oregon State",0.238,0.323,0.366,0.69,61,203,172,21,41,4,0,6,33,2,21,16,3,2
2022,"All Division I","Grace Perechinsky","St. Bonaventure",0.246,0.353,0.412,0.765,44,136,114,9,28,1,0,6,16,2,18,16,0,0
2022,"All Division I","Grace Stansfield","Rider",0.363,0.415,0.404,0.818,54,188,171,27,62,7,0,0,27,3,13,12,2,0
2022,"All Division I","Gracey Kruse","Chattanooga",0.277,0.316,0.433,0.748,53,158,141,21,39,14,1,2,22,1,8,37,8,1
2022,"All Division I","Gracie Morton","Memphis",0.395,0.431,0.539,0.97,54,182,167,33,66,6,3,4,19,2,10,22,6,4
2022,"All Division I","Gracyn Houmis","Towson",0.217,0.263,0.283,0.546,42,117,106,10,23,0,2,1,7,1,6,19,2,0
2022,"All Division I","Grayson Radcliffe","Indiana",0.266,0.336,0.391,0.726,40,145,128,16,34,8,1,2,20,7,7,16,10,1
2022,"All Division I","Greta L'Esperance","Bowling Green",0.378,0.432,0.432,0.864,54,207,185,42,70,5,1,1,6,0,19,30,31,4
2022,"All Division I","Haeli Bryson","Tennessee Tech",0.392,0.445,0.632,1.077,54,193,171,46,67,12,1,9,41,1,17,6,6,0
2022,"All Division I","Hailey Pop","IUPUI",0.237,0.341,0.289,0.63,42,132,114,10,27,3,0,1,13,1,17,29,0,0
2022,"All Division I","Hailey Tanori","New Mexico State",0.256,0.315,0.274,0.588,43,128,117,22,30,0,1,0,7,0,10,15,10,1
2022,"All Division I","Haley Cassidy","Hartford",0.333,0.42,0.56,0.98,46,163,141,20,47,13,2,5,20,8,13,29,6,2
2022,"All Division I","Haley Castro","Texas Southern",0.206,0.328,0.245,0.573,43,127,102,12,21,4,0,0,6,4,16,14,0,0
2022,"All Division I","Haley Denning","Utah",0.355,0.374,0.396,0.77,50,184,169,40,60,3,2,0,11,1,4,19,24,4
2022,"All Division I","Haley Hoffman","Princeton",0.252,0.306,0.301,0.607,42,112,103,18,26,2,0,1,9,0,8,27,0,0
2022,"All Division I","Haley Lee","Texas A&M",0.405,0.543,0.756,1.299,59,219,168,54,68,14,0,15,45,1,50,27,6,1
2022,"All Division I","Haley Morgan","Tulsa",0.315,0.428,0.476,0.903,48,177,143,32,45,6,1,5,21,11,18,14,15,3
2022,"All Division I","Haley Morse","Texas A&M-Corpus Christi",0.235,0.305,0.361,0.667,48,136,119,13,28,4,1,3,16,0,12,17,3,1
2022,"All Division I","Haley Parks","Bethune-Cookman",0.281,0.347,0.307,0.654,50,174,153,27,43,2,1,0,12,2,14,14,10,8
2022,"All Division I","Haley Strang","St. Bonaventure",0.287,0.336,0.398,0.734,36,118,108,15,31,4,1,2,8,1,7,18,2,0
2022,"All Division I","Haley Taormina","George Mason",0.308,0.382,0.533,0.916,45,137,120,23,37,12,0,5,25,4,11,29,4,4
2022,"All Division I","Haley Updegraff","Fairfield",0.309,0.389,0.468,0.856,46,158,139,34,43,11,1,3,12,3,15,25,10,1
2022,"All Division I","Haley Woolf","Evansville",0.221,0.367,0.298,0.665,42,129,104,15,23,5,0,1,8,3,21,31,2,0
2022,"All Division I","Haley Wynn","Ball State",0.275,0.344,0.456,0.8,53,199,171,35,47,13,0,6,22,2,17,25,7,3
2022,"All Division I","Halle Kisamore","Delaware",0.328,0.41,0.53,0.94,45,159,134,27,44,12,0,5,27,8,12,11,4,3
2022,"All Division I","Hallie Hall","James Madison",0.328,0.389,0.649,1.039,42,152,134,27,44,14,1,9,27,3,11,18,3,0
2022,"All Division I","Hanna Crist","Cornell",0.296,0.411,0.593,1.003,40,133,108,23,32,3,1,9,21,2,19,19,9,1
2022,"All Division I","Hanna Garber","Delaware",0.351,0.451,0.636,1.087,45,182,154,50,54,10,5,8,27,1,27,14,17,3
2022,"All Division I","Hannah Adams","Florida",0.369,0.45,0.5,0.95,54,200,168,40,62,11,1,3,27,4,24,18,15,2
2022,"All Division I","Hannah Bassham","Memphis",0.198,0.239,0.225,0.465,53,120,111,15,22,3,0,0,3,0,6,22,3,1
2022,"All Division I","Hannah Borden","Southern Miss",0.27,0.375,0.493,0.868,52,184,152,20,41,5,1,9,31,4,24,14,0,0
2022,"All Division I","Hannah Carson","Michigan",0.327,0.367,0.5,0.867,50,172,156,28,51,12,0,5,37,3,8,12,0,0
2022,"All Division I","Hannah Cravens","Eastern Illinois",0.337,0.431,0.68,1.112,55,205,169,40,57,19,0,13,43,1,30,23,1,0
2022,"All Division I","Hannah Eslick","George Washington",0.319,0.377,0.444,0.821,53,178,160,26,51,17,0,1,24,1,14,16,0,2
2022,"All Division I","Hannah Hood","Evansville",0.263,0.338,0.331,0.669,50,150,133,19,35,6,0,1,12,3,12,34,7,1
2022,"All Division I","Hannah Kinkade","Lamar",0.212,0.374,0.433,0.807,44,131,104,13,22,5,0,6,24,11,16,39,1,0
2022,"All Division I","Hannah Kumiyama","South Carolina",0.267,0.375,0.385,0.76,56,193,161,14,43,4,0,5,36,4,25,30,0,0
2022,"All Division I","Hannah McEwen","Arkansas",0.296,0.376,0.43,0.806,59,222,186,45,55,9,2,4,33,10,18,14,2,0
2022,"All Division I","Hannah Poole","Radford",0.233,0.293,0.419,0.711,46,142,129,17,30,9,0,5,25,1,10,27,4,4
2022,"All Division I","Hannah Scheaffer","Sam Houston State",0.215,0.271,0.246,0.518,47,142,130,11,28,4,0,0,10,5,5,21,0,1
2022,"All Division I","Hannah Shifflett","James Madison",0.393,0.468,0.8,1.268,42,157,135,42,53,10,0,15,39,0,20,22,7,3
2022,"All Division I","HannahJo Peterson","BYU",0.288,0.417,0.432,0.849,49,146,118,33,34,10,2,1,24,10,16,18,2,3
2022,"All Division I","Harley Stokes","North Alabama",0.326,0.392,0.705,1.097,60,212,190,50,62,13,1,19,56,4,17,41,6,1
2022,"All Division I","Hatti Moore","Missouri",0.177,0.234,0.354,0.588,53,160,147,15,26,3,1,7,16,0,11,31,0,0
2022,"All Division I","Haylee Kela","UC Riverside",0.358,0.408,0.547,0.955,48,174,159,26,57,11,2,5,36,1,13,24,5,0
2022,"All Division I","Hayley Bejarano","North Florida",0.219,0.301,0.297,0.598,52,151,128,15,28,5,1,1,16,4,11,10,1,0
2022,"All Division I","Holly Blaska","Miami (OH)",0.298,0.402,0.602,1.005,56,190,161,31,48,6,2,13,40,4,24,23,14,1
2022,"All Division I","Huntyr Ava","BYU",0.408,0.494,0.796,1.29,52,179,147,31,60,9,0,16,53,4,23,11,1,1
2022,"All Division I","India Wells","Grambling",0.336,0.371,0.351,0.721,42,149,134,22,45,2,0,0,14,1,7,9,19,6
2022,"All Division I","Indya Smith","Saint Mary's (CA)",0.267,0.328,0.388,0.716,45,128,116,13,31,7,2,1,15,4,7,22,2,0
2022,"All Division I","Isabel Gusman","Jackson State",0.293,0.396,0.472,0.867,45,145,123,14,36,8,1,4,20,9,12,9,2,0
2022,"All Division I","Isabella Curtin","Green Bay",0.173,0.3,0.333,0.633,39,93,75,14,13,1,1,3,10,7,7,33,5,1
2022,"All Division I","Isabella Hanson","Idaho State",0.163,0.252,0.269,0.521,40,121,104,7,17,2,0,3,11,0,13,22,0,0
2022,"All Division I","Isis Taylor","Jackson State",0.227,0.277,0.32,0.597,48,141,128,11,29,8,2,0,16,2,8,23,3,0
2022,"All Division I","Ivory Jones","Tennessee State",0.144,0.198,0.212,0.41,50,113,104,6,15,3,2,0,4,4,3,40,1,0
2022,"All Division I","Ivy Davis","Tennessee",0.26,0.403,0.552,0.955,59,192,154,37,40,4,1,13,38,16,21,33,2,0
2022,"All Division I","Izzy Nieblas","Maine",0.301,0.36,0.472,0.832,45,137,123,15,37,9,0,4,23,1,11,23,2,0
2022,"All Division I","Izzy Pacho","Arizona",0.36,0.425,0.629,1.054,61,200,178,24,64,13,1,11,37,2,19,35,1,0
2022,"All Division I","Ja'Nautica Cohen","South Carolina State",0.242,0.315,0.293,0.608,39,112,99,6,24,2,0,1,7,2,9,22,0,0
2022,"All Division I","Jacelyn Buck","UL Monroe",0.261,0.368,0.287,0.655,46,140,115,8,30,3,0,0,18,4,16,19,2,1
2022,"All Division I","Jackie McKenna","Mississippi State",0.225,0.298,0.404,0.702,61,169,151,21,34,6,0,7,28,3,13,23,0,0
2022,"All Division I","Jada Cody","UCF",0.359,0.439,0.697,1.136,63,230,195,48,70,15,3,15,75,3,27,26,7,2
2022,"All Division I","Jade Sinness","Troy",0.308,0.36,0.535,0.895,52,190,172,44,53,13,1,8,25,2,12,24,10,0
2022,"All Division I","Jadyn DeWitte","South Dakota",0.255,0.306,0.372,0.678,51,150,137,16,35,7,0,3,24,2,8,39,0,1
2022,"All Division I","Jadyn Erickson","UT Arlington",0.284,0.395,0.303,0.698,46,139,109,23,31,2,0,0,4,1,19,17,9,0
2022,"All Division I","Jaeden Barajas","Utah Valley",0.263,0.381,0.358,0.738,39,116,95,11,25,6,0,1,13,8,10,19,3,1
2022,"All Division I","Jaelyn Baker","Delaware State",0.284,0.336,0.402,0.738,36,110,102,9,29,0,0,4,14,4,4,14,3,0
2022,"All Division I","Jaelynn Chesson","Lehigh",0.346,0.397,0.679,1.076,50,174,156,30,54,7,0,15,48,2,13,26,0,0
2022,"All Division I","Jaida Speth","IUPUI",0.234,0.25,0.255,0.505,39,98,94,7,22,2,0,0,4,0,2,11,1,0
2022,"All Division I","Jaiden Bryant","Akron",0.302,0.388,0.604,0.992,43,125,106,22,32,6,1,8,21,2,13,32,3,1
2022,"All Division I","Jaiden Fields","Georgia",0.331,0.418,0.583,1.001,55,178,151,41,50,4,2,10,37,4,20,42,3,1
2022,"All Division I","Jaiden Tweed","Presbyterian",0.298,0.344,0.447,0.791,51,157,141,21,42,7,1,4,26,3,8,37,19,2
2022,"All Division I","Jaina Westphal","Valparaiso",0.319,0.358,0.451,0.81,42,123,113,21,36,1,1,4,11,2,5,25,16,3
2022,"All Division I","Jameson Kavel","Duke",0.385,0.436,0.782,1.218,55,196,174,59,67,16,1,17,49,1,17,16,15,1
2022,"All Division I","Jamie White","Omaha",0.355,0.497,0.661,1.158,46,161,124,24,44,11,0,9,36,12,24,23,1,0
2022,"All Division I","Jana Johns","Oklahoma",0.322,0.473,0.657,1.13,61,189,143,47,46,9,0,13,51,18,24,16,4,1
2022,"All Division I","Janae Jefferson","Texas",0.407,0.479,0.624,1.103,70,264,226,74,92,24,2,7,34,2,31,12,16,3
2022,"All Division I","Janae Lyles","Hampton",0.335,0.371,0.542,0.913,52,167,155,19,52,12,1,6,27,1,9,13,1,0
2022,"All Division I","Janai Conklin","Georgia Southern",0.304,0.367,0.626,0.993,42,129,115,17,35,6,2,9,24,3,9,27,4,2
2022,"All Division I","Janel Gamache","UNC Wilmington",0.35,0.457,0.667,1.124,41,142,117,24,41,10,3,7,29,7,16,16,4,0
2022,"All Division I","Jasie Roberts","Houston Christian",0.264,0.329,0.385,0.714,48,166,148,22,39,8,2,2,20,2,13,14,1,0
2022,"All Division I","Jasmine Gray","Maine",0.307,0.33,0.475,0.805,34,106,101,18,31,9,1,2,15,1,3,17,4,0
2022,"All Division I","Jaxie Klucewich","Montana",0.294,0.312,0.301,0.613,46,161,153,25,45,1,0,0,11,0,4,18,5,1
2022,"All Division I","Jaycee Ruberti","Ohio State",0.299,0.35,0.422,0.772,50,170,147,37,44,8,2,2,14,0,12,20,2,1
2022,"All Division I","Jayda Alaan","Saint Mary's (CA)",0.133,0.232,0.133,0.364,37,98,83,11,11,0,0,0,4,5,6,13,0,0
2022,"All Division I","Jaylee Engelkes","Central Arkansas",0.279,0.417,0.552,0.969,55,192,154,23,43,6,0,12,53,1,36,40,0,0
2022,"All Division I","Jaylin Calvert","IUPUI",0.152,0.206,0.2,0.406,48,138,125,6,19,3,0,1,14,1,8,35,0,1
2022,"All Division I","Jaylon Davis","Mississippi Valley",0.299,0.365,0.483,0.847,34,97,87,15,26,6,2,2,3,2,7,8,11,0
2022,"All Division I","Jayme Bailey","Virginia Tech",0.287,0.325,0.503,0.829,54,171,157,32,45,12,2,6,28,2,8,25,5,0
2022,"All Division I","Jaymi Steward","Cal State Northridge",0.306,0.389,0.471,0.859,54,195,170,32,52,10,0,6,27,9,14,34,18,3
2022,"All Division I","Jazmine Hill","Arizona State",0.335,0.408,0.665,1.073,54,197,170,44,57,7,2,15,54,4,19,25,7,1
2022,"All Division I","Jazmyn Rollin","Arizona State",0.219,0.384,0.596,0.98,47,147,114,28,25,4,0,13,35,14,17,36,2,3
2022,"All Division I","Jazmyne Armendariz","Ball State",0.192,0.274,0.308,0.581,44,120,104,8,20,3,0,3,11,3,9,19,0,0
2022,"All Division I","Jazzmaine Hammond","North Carolina A&T",0.236,0.301,0.358,0.659,45,141,123,25,29,1,4,2,6,3,9,34,22,3
2022,"All Division I","Jen Horita","Boston University",0.337,0.379,0.409,0.788,57,210,193,41,65,8,3,0,31,0,13,19,10,2
2022,"All Division I","Jen Krizka","Oakland",0.258,0.333,0.406,0.74,43,144,128,7,33,7,0,4,21,2,13,17,1,0
2022,"All Division I","Jenna Carter","College of Charleston",0.308,0.439,0.317,0.756,44,156,120,26,37,1,0,0,5,3,25,13,5,3
2022,"All Division I","Jenna Gardner","Bryant",0.195,0.301,0.274,0.575,40,137,113,14,22,6,0,1,14,0,18,33,8,3
2022,"All Division I","Jenna Helberg","College of Charleston",0.303,0.413,0.5,0.913,47,160,132,14,40,11,0,5,23,10,16,11,1,0
2022,"All Division I","Jenna Johnson","Alabama",0.292,0.377,0.453,0.83,53,165,137,27,40,5,1,5,24,3,17,19,12,4
2022,"All Division I","Jenna Servi","Louisville",0.283,0.338,0.333,0.672,50,133,120,25,34,2,2,0,12,2,8,12,4,1
2022,"All Division I","Jenna Wike","Merrimack",0.286,0.359,0.437,0.796,42,144,126,13,36,10,0,3,26,6,9,10,2,0
2022,"All Division I","Jenna Wildeman","Central Arkansas",0.354,0.448,0.381,0.829,58,225,189,54,67,1,2,0,7,0,32,39,40,9
2022,"All Division I","Jenny Jansen","Southern Illinois",0.387,0.508,0.6,1.108,47,189,150,30,58,5,0,9,44,2,36,15,1,0
2022,"All Division I","Jensen Striegel","Murray State",0.285,0.318,0.285,0.602,47,133,123,19,35,0,0,0,9,1,5,15,8,4
2022,"All Division I","Jess Mazur","Georgia Southern",0.226,0.325,0.489,0.813,47,155,133,20,30,1,2,10,31,6,14,29,0,0
2022,"All Division I","Jessi Alcala","Cal State Fullerton",0.377,0.42,0.596,1.016,54,166,151,26,57,12,0,7,38,4,7,27,3,1
2022,"All Division I","Jessica Chilcott","Iona",0.284,0.378,0.516,0.894,48,182,155,23,44,6,0,10,31,5,19,44,8,5
2022,"All Division I","Jessica Fehr","Evansville",0.3,0.401,0.386,0.787,47,167,140,27,42,12,0,0,16,1,24,30,6,2
2022,"All Division I","Jessica Giacoma","San Jose State",0.205,0.292,0.311,0.603,48,140,122,12,25,4,3,1,10,0,15,26,4,0
2022,"All Division I","Jessica Mabrey","Michigan State",0.285,0.414,0.45,0.864,52,189,151,27,43,8,1,5,18,6,28,18,6,3
2022,"All Division I","Jessica Puk","Arizona State",0.238,0.377,0.314,0.691,53,136,105,28,25,2,0,2,13,8,16,21,3,0
2022,"All Division I","Jessica Sellers","Nevada",0.32,0.396,0.503,0.9,49,172,147,20,47,13,1,4,33,5,15,31,4,1
2022,"All Division I","Jessie Munson","Oakland",0.295,0.326,0.326,0.652,43,139,132,20,39,4,0,0,4,0,6,16,8,3
2022,"All Division I","Jessie Nagel","Holy Cross",0.228,0.247,0.352,0.598,48,151,145,9,33,9,0,3,20,1,3,33,0,0
2022,"All Division I","Jessie Rising","Manhattan",0.209,0.263,0.255,0.517,39,120,110,10,23,3,1,0,8,0,8,30,1,0
2022,"All Division I","Jil Poullard","McNeese",0.367,0.5,0.64,1.14,56,204,150,44,55,12,4,7,45,9,37,17,19,4
2022,"All Division I","Jillian Celis","San Diego State",0.323,0.383,0.435,0.819,55,207,186,37,60,10,4,1,28,7,12,24,8,2
2022,"All Division I","Jillian Figueroa","San Jose State",0.252,0.415,0.427,0.842,46,136,103,19,26,2,2,4,20,1,29,35,0,1
2022,"All Division I","Jocelyn Alo","Oklahoma",0.515,0.646,1.212,1.858,62,230,165,84,85,13,0,34,85,9,54,19,2,3
2022,"All Division I","Jocelyn Carrillo","South Dakota State",0.25,0.341,0.403,0.744,54,166,144,23,36,7,0,5,26,0,20,22,4,0
2022,"All Division I","Jocelyn Kirk","North Dakota",0.207,0.297,0.262,0.559,53,186,164,17,34,6,0,1,9,9,12,22,8,1
2022,"All Division I","Jocylyn Vidal","San Jose State",0.289,0.396,0.406,0.802,47,156,128,21,37,7,1,2,19,5,19,22,0,0
2022,"All Division I","Johneisha Rowe","UCF",0.297,0.388,0.331,0.719,61,204,175,35,52,4,1,0,16,3,23,38,23,4
2022,"All Division I","Joley Mitchell","Notre Dame",0.34,0.407,0.592,0.999,44,118,103,23,35,9,1,5,25,0,13,13,5,0
2022,"All Division I","Jolie Duong","Army",0.283,0.347,0.396,0.744,41,118,106,20,30,3,0,3,8,1,10,16,2,0
2022,"All Division I","Jolie Readeaux","UAB",0.284,0.359,0.373,0.732,46,119,102,11,29,4,1,1,19,8,5,9,0,0
2022,"All Division I","Jordan Fabian","South Carolina",0.303,0.471,0.555,1.026,56,210,155,47,47,10,1,9,36,10,42,38,17,3
2022,"All Division I","Jordan Frank","Saint Francis",0.311,0.373,0.461,0.834,55,190,167,25,52,5,1,6,31,2,15,20,11,2
2022,"All Division I","Jordan Gontram","UNC Greensboro",0.286,0.356,0.661,1.017,57,189,168,25,48,6,0,19,51,3,16,31,0,0
2022,"All Division I","Jordan Hinkle","Saint Joseph's",0.344,0.361,0.417,0.778,46,173,163,24,56,3,0,3,24,2,3,14,22,4
2022,"All Division I","Jordan Jenkins","Northern Kentucky",0.273,0.341,0.323,0.664,56,183,161,4,44,5,0,1,20,2,15,30,0,0
2022,"All Division I","Jordan Ridge","Western Kentucky",0.31,0.413,0.517,0.93,51,177,145,35,45,10,1,6,33,5,21,32,7,3
2022,"All Division I","Jordyn Chapman","Detroit",0.202,0.269,0.263,0.531,40,109,99,5,20,3,0,1,6,0,9,15,0,0
2022,"All Division I","Jordyn Gasper","Utah",0.275,0.331,0.325,0.656,54,181,160,21,44,6,1,0,27,3,11,18,9,0
2022,"All Division I","Jordyn Kadlub","USF",0.219,0.315,0.289,0.605,51,133,114,19,25,5,0,1,11,3,13,24,13,1
2022,"All Division I","Jordyn Pender","South Dakota",0.338,0.377,0.484,0.861,52,167,157,26,53,8,0,5,33,1,9,37,0,0
2022,"All Division I","Jordyn Rudd","Northwestern",0.37,0.442,0.584,1.026,58,207,173,31,64,11,1,8,52,8,19,9,1,0
2022,"All Division I","Jordyn Swinehart","Western Michigan",0.222,0.277,0.275,0.552,53,171,153,22,34,3,1,1,14,3,9,14,3,0
2022,"All Division I","Josie Bower","Baylor",0.279,0.365,0.401,0.767,53,169,147,19,41,5,2,3,30,11,9,22,4,0
2022,"All Division I","Josie Charles","Lehigh",0.268,0.295,0.323,0.618,50,134,127,19,34,3,2,0,5,0,5,28,6,1
2022,"All Division I","Juju Sargent","Cal Poly",0.306,0.361,0.438,0.799,44,134,121,13,37,9,2,1,21,0,11,5,1,2
2022,"All Division I","Julia Bilbao","Texas Southern",0.274,0.396,0.389,0.785,43,142,113,25,31,5,1,2,23,1,23,14,4,1
2022,"All Division I","Julia Cottrill","Oklahoma State",0.306,0.413,0.613,1.026,51,150,124,29,38,5,0,11,29,5,19,16,1,1
2022,"All Division I","Julia Jimenez","Utah",0.319,0.392,0.572,0.964,54,190,166,27,53,10,1,10,52,2,19,10,4,1
2022,"All Division I","Julia Martine","Fordham",0.237,0.344,0.48,0.825,52,181,152,27,36,4,3,9,26,8,18,41,7,1
2022,"All Division I","Julia Mazanec","Kent State",0.22,0.316,0.28,0.596,39,106,82,12,18,2,0,1,9,0,12,12,3,1
2022,"All Division I","Julia Roman","Lafayette",0.211,0.254,0.268,0.522,43,131,123,9,26,7,0,0,15,2,5,17,2,2
2022,"All Division I","Julia Schneider","Penn",0.161,0.291,0.218,0.51,33,104,87,14,14,2,0,1,7,2,14,14,0,0
2022,"All Division I","Julie Phelps","Montana",0.313,0.4,0.42,0.82,47,152,131,20,41,6,1,2,22,1,18,28,4,0
2022,"All Division I","Justine Briones","Long Beach State",0.239,0.296,0.341,0.637,39,99,88,7,21,3,0,2,18,1,7,20,0,1
2022,"All Division I","Ka'ena Keliinoi","Hawaii",0.33,0.371,0.487,0.858,41,125,115,23,38,9,0,3,21,4,4,9,3,1
2022,"All Division I","Kacey Hvitved","Fresno State",0.215,0.329,0.355,0.684,49,150,121,16,26,6,1,3,14,1,20,29,7,1
2022,"All Division I","Kacey Zobac","California",0.259,0.356,0.475,0.831,50,161,139,16,36,12,0,6,23,3,18,24,0,0
2022,"All Division I","Kaelene Walter","Dayton",0.241,0.31,0.276,0.586,44,133,116,17,28,2,1,0,15,3,9,16,1,0
2022,"All Division I","Kaeley Hallada","Purdue",0.209,0.259,0.366,0.624,52,144,134,9,28,3,0,6,17,2,7,30,0,0
2022,"All Division I","Kai Barrett","Cal Poly",0.23,0.281,0.31,0.591,44,123,113,9,26,3,0,2,17,1,7,29,0,0
2022,"All Division I","Kaia Bonshock","Mount St. Mary's",0.273,0.373,0.381,0.754,48,161,139,8,38,6,0,3,25,5,17,20,2,0
2022,"All Division I","Kailee Powell","Illinois",0.302,0.377,0.432,0.809,56,186,162,24,49,15,0,2,23,3,17,29,4,0
2022,"All Division I","Kailey Christian","Delaware",0.258,0.362,0.398,0.761,44,149,128,19,33,8,2,2,23,3,18,20,2,0
2022,"All Division I","Kailey Wilson","Creighton",0.436,0.541,0.812,1.353,42,147,117,21,51,11,0,11,32,4,24,15,0,0
2022,"All Division I","Kaili Chval","Illinois State",0.235,0.352,0.331,0.683,49,163,136,27,32,3,2,2,18,3,22,39,2,0
2022,"All Division I","Kaili Phillips","Chattanooga",0.25,0.382,0.563,0.945,57,180,144,28,36,6,0,13,35,18,14,32,1,0
2022,"All Division I","Kaitlin Hoffman","Fairfield",0.273,0.354,0.424,0.779,47,159,139,19,38,10,1,3,29,6,12,30,11,2
2022,"All Division I","Kaitlyn Cook","Colorado State",0.274,0.315,0.444,0.76,46,147,135,19,37,5,0,6,23,3,6,28,0,2
2022,"All Division I","Kaitlyn Flood","Manhattan",0.261,0.288,0.403,0.691,40,126,119,15,31,6,1,3,15,1,4,20,5,2
2022,"All Division I","Kaitlyn Lim","Stanford",0.311,0.339,0.524,0.863,57,178,164,26,51,6,4,7,40,1,7,33,6,4
2022,"All Division I","Kaity McInall","Niagara",0.209,0.261,0.236,0.497,38,119,110,8,23,3,0,0,10,1,7,22,1,1
2022,"All Division I","Kalena Burns","Iowa",0.268,0.371,0.417,0.788,50,153,127,9,34,5,1,4,27,5,17,17,0,0
2022,"All Division I","Kaley Mudge","Florida State",0.358,0.415,0.511,0.926,53,200,176,44,63,9,3,4,26,0,20,17,14,5
2022,"All Division I","Kalita Dennis","Howard",0.361,0.411,0.646,1.057,54,178,158,40,57,9,3,10,48,0,15,16,11,4
2022,"All Division I","Kallie Pickens","UT Martin",0.329,0.36,0.539,0.898,53,181,167,33,55,16,2,5,39,0,9,19,1,0
2022,"All Division I","Kamdyn Kvistad","South Alabama",0.255,0.358,0.51,0.868,41,129,102,15,26,2,0,8,29,3,15,22,1,1
2022,"All Division I","Kamrie Rich","Lipscomb",0.215,0.309,0.388,0.698,44,140,121,11,26,3,0,6,28,1,16,12,0,1
2022,"All Division I","Kamryn Jackson","Duke",0.295,0.438,0.598,1.036,55,148,112,38,33,8,1,8,34,10,20,28,11,1
2022,"All Division I","Kamryn Shaffer","Northern Iowa",0.195,0.325,0.313,0.637,45,154,128,21,25,3,0,4,17,1,24,29,6,2
2022,"All Division I","Kara Apato","Northern Illinois",0.308,0.375,0.336,0.711,45,167,143,30,44,2,1,0,10,2,14,13,10,2
2022,"All Division I","Kara Canetto","Liberty",0.347,0.398,0.468,0.866,61,210,190,40,66,11,3,2,25,6,10,25,10,2
2022,"All Division I","Kari Jacobson","Holy Cross",0.224,0.262,0.235,0.497,49,109,98,11,22,1,0,0,1,0,5,28,3,1
2022,"All Division I","Karina Somoza","UTEP",0.229,0.353,0.271,0.624,38,85,70,5,16,0,0,1,7,6,8,7,1,0
2022,"All Division I","Karizma Bergesen","San Jose State",0.289,0.35,0.547,0.897,46,143,128,18,37,6,0,9,25,7,5,37,0,0
2022,"All Division I","Karli Petty","Oklahoma State",0.276,0.35,0.476,0.827,48,119,105,21,29,3,0,6,17,1,11,19,2,0
2022,"All Division I","Karly Heath","UL Lafayette",0.314,0.441,0.771,1.213,48,138,105,34,33,5,2,13,36,1,26,17,10,1
2022,"All Division I","Karly Keating","UMBC",0.342,0.391,0.504,0.895,38,131,117,21,40,5,1,4,10,2,8,18,2,2
2022,"All Division I","Karsen Mosley","Jacksonville State",0.319,0.371,0.509,0.88,54,180,163,34,52,12,2,5,17,6,8,16,12,5
2022,"All Division I","Karsen O'Rourke","Lehigh",0.288,0.296,0.353,0.649,52,166,156,21,45,1,3,1,28,0,3,12,4,3
2022,"All Division I","Kasey Collins","Hofstra",0.228,0.344,0.25,0.594,47,170,136,21,31,1,1,0,5,9,15,25,5,0
2022,"All Division I","Kasey Simpson","Iowa State",0.24,0.318,0.42,0.738,55,174,150,24,36,8,2,5,25,8,11,16,2,0
2022,"All Division I","Kat Clum","Brown",0.233,0.256,0.293,0.549,41,124,116,13,27,7,0,0,11,1,3,23,1,1
2022,"All Division I","Kat Marshall","Northwestern State",0.253,0.325,0.467,0.792,50,166,150,14,38,11,0,7,26,1,15,24,0,0
2022,"All Division I","Kate Beckemeyer","Valparaiso",0.26,0.295,0.29,0.585,46,142,131,8,34,4,0,0,13,0,7,15,1,0
2022,"All Division I","Kate Farren","Dartmouth",0.259,0.318,0.483,0.801,43,131,116,16,30,12,1,4,24,3,8,24,2,2
2022,"All Division I","Kate Kobayashi","Miami (OH)",0.311,0.385,0.629,1.014,56,192,167,48,52,11,3,12,35,1,21,18,16,1
2022,"All Division I","Kate Polucha","DePaul",0.333,0.393,0.589,0.982,43,145,129,28,43,7,1,8,36,4,10,9,2,0
2022,"All Division I","Katelyn Mangrello","California Baptist",0.341,0.383,0.5,0.883,51,152,138,10,47,14,1,2,32,1,9,12,0,1
2022,"All Division I","Katelyn Whiting","Weber State",0.367,0.465,0.408,0.873,50,148,120,37,44,5,0,0,9,2,20,29,5,1
2022,"All Division I","Kati Ray Brown","Houston",0.263,0.331,0.475,0.806,55,182,160,29,42,4,0,10,24,5,12,30,0,1
2022,"All Division I","Katie Adams","Marshall",0.241,0.338,0.459,0.796,49,155,133,25,32,11,0,6,31,5,15,16,0,0
2022,"All Division I","Katie Falotico","Albany",0.352,0.401,0.633,1.034,42,143,128,16,45,16,4,4,36,3,9,25,5,3
2022,"All Division I","Katie Faulk","Utah",0.198,0.299,0.366,0.665,48,121,101,6,20,2,0,5,14,1,14,31,0,0
2022,"All Division I","Katie Goldberg","Virginia",0.271,0.344,0.553,0.897,54,189,170,30,46,8,2,12,38,2,17,20,4,1
2022,"All Division I","Katie Greep","Kennesaw State",0.282,0.311,0.371,0.681,51,182,170,24,48,10,1,1,21,1,6,23,4,0
2022,"All Division I","Katie Hinkle","Long Island",0.295,0.359,0.311,0.669,56,156,132,25,39,0,1,0,4,2,11,21,14,3
2022,"All Division I","Katie Keller","Northern Illinois",0.443,0.521,0.757,1.278,45,169,140,40,62,19,2,7,45,0,26,9,13,3
2022,"All Division I","Katie O'Leary","Brown",0.282,0.423,0.5,0.923,32,97,78,16,22,6,1,3,19,11,8,16,2,0
2022,"All Division I","Katie Reeg","Dayton",0.274,0.331,0.434,0.764,45,121,106,22,29,8,0,3,18,2,8,20,6,0
2022,"All Division I","Katie Sciglimpaglia","Saint Peter's",0.214,0.266,0.302,0.568,54,181,159,26,34,3,1,3,15,2,10,10,5,1
2022,"All Division I","Katlyn Pavlick","Pittsburgh",0.247,0.333,0.494,0.827,37,94,81,11,20,3,1,5,17,1,10,24,1,0
2022,"All Division I","Katy Schaefer","Tarleton State",0.359,0.413,0.607,1.019,45,160,145,18,52,9,0,9,49,4,10,9,0,0
2022,"All Division I","Kayla Bowen","New Mexico State",0.369,0.42,0.656,1.076,51,174,160,35,59,13,0,11,41,3,11,32,3,1
2022,"All Division I","Kayla Gutierrez","College of Charleston",0.141,0.225,0.141,0.367,44,103,92,12,13,0,0,0,2,1,9,19,7,1
2022,"All Division I","Kayla Harper","North Florida",0.295,0.399,0.341,0.74,59,210,173,40,51,2,0,2,18,4,26,32,30,6
2022,"All Division I","Kayla Jensen","Quinnipiac",0.215,0.253,0.269,0.521,33,100,93,7,20,5,0,0,11,0,5,15,5,2
2022,"All Division I","Kayla Konwent","Wisconsin",0.348,0.508,0.631,1.139,50,187,141,21,49,10,0,10,32,8,38,24,2,0
2022,"All Division I","Kayla Kowalik","Kentucky",0.42,0.498,0.619,1.116,56,212,181,57,76,11,2,7,28,0,29,20,17,1
2022,"All Division I","Kayla Lane","Pittsburgh",0.233,0.319,0.369,0.688,41,118,103,16,24,2,0,4,8,5,8,33,4,2
2022,"All Division I","Kayla McGory","North Florida",0.3,0.393,0.514,0.907,49,166,140,29,42,10,1,6,29,4,18,10,10,1
2022,"All Division I","Kayla Traylor","Bethune-Cookman",0.237,0.274,0.246,0.52,46,131,118,11,28,1,0,0,4,0,6,17,2,1
2022,"All Division I","Kayla Whitehead","Florida International",0.275,0.31,0.399,0.709,49,152,138,7,38,4,2,3,12,1,6,20,0,1
2022,"All Division I","Kaylee Anderson","Southeast Missouri",0.353,0.424,0.634,1.058,54,176,153,37,54,8,1,11,35,2,17,26,7,1
2022,"All Division I","Kaylee Lopez","McNeese",0.311,0.399,0.42,0.819,49,145,119,11,37,10,0,1,31,2,18,18,2,2
2022,"All Division I","Kaylee Richetto","Middle Tennessee",0.205,0.283,0.241,0.525,46,128,112,2,23,4,0,0,13,2,11,23,0,0
2022,"All Division I","Kaylee Tow","Alabama",0.266,0.385,0.381,0.766,53,170,139,25,37,4,0,4,28,1,27,21,0,1
2022,"All Division I","Kayleigh Nicholson","Gardner-Webb",0.143,0.208,0.151,0.359,43,130,119,11,17,1,0,0,6,2,8,48,2,0
2022,"All Division I","Kaylyn Sterling","UMES",0.235,0.282,0.275,0.556,41,114,102,15,24,4,0,0,10,0,7,12,4,1
2022,"All Division I","KB Sides","Arkansas",0.389,0.507,0.706,1.212,59,230,180,67,70,12,3,13,42,1,45,24,28,4
2022,"All Division I","Keagan Goldwait","Elon",0.177,0.313,0.29,0.604,51,151,124,8,22,5,0,3,19,7,18,37,2,0
2022,"All Division I","Keeler van Breusegen","Bradley",0.265,0.327,0.346,0.672,52,153,136,13,36,6,1,1,20,1,13,27,4,2
2022,"All Division I","Keeli Bobbitt","Jacksonville State",0.254,0.296,0.263,0.559,46,128,118,17,30,1,0,0,5,0,7,15,17,2
2022,"All Division I","Keely Clark","Maine",0.294,0.339,0.376,0.715,42,118,109,9,32,3,0,2,21,1,7,15,0,0
2022,"All Division I","Keely Dubois","Northwestern State",0.298,0.331,0.497,0.828,51,175,161,18,48,8,0,8,38,1,9,27,0,0
2022,"All Division I","Kelby Drews","Maine",0.323,0.396,0.484,0.88,43,145,124,21,40,6,1,4,26,1,16,19,2,1
2022,"All Division I","Kelci Hill","Middle Tennessee",0.247,0.277,0.301,0.579,52,179,166,18,41,9,0,0,13,0,7,17,5,0
2022,"All Division I","Kelcy Leach","Tennessee",0.278,0.394,0.47,0.864,45,138,115,19,32,7,0,5,16,6,16,20,1,0
2022,"All Division I","Kelley Lynch","Washington",0.243,0.325,0.396,0.722,44,129,111,15,27,6,1,3,16,1,13,19,0,1
2022,"All Division I","Kelli Godin","UCLA",0.296,0.338,0.336,0.674,60,145,125,33,37,3,1,0,7,0,8,20,9,4
2022,"All Division I","Kelly Horne","Troy",0.353,0.53,0.729,1.259,52,183,133,40,47,6,1,14,28,6,44,20,0,0
2022,"All Division I","Kelly Ryono","Illinois",0.32,0.358,0.487,0.845,51,163,150,34,48,10,0,5,35,1,9,21,13,0
2022,"All Division I","Kelly Walinski","Northern Illinois",0.259,0.317,0.313,0.63,42,125,112,13,29,6,0,0,12,0,10,16,1,2
2022,"All Division I","Kelly Warren","East Tennessee State",0.259,0.321,0.293,0.614,55,191,174,23,45,2,2,0,12,1,15,42,24,10
2022,"All Division I","Kelsey Alexander","Central Michigan",0.267,0.333,0.527,0.86,50,147,131,23,35,8,1,8,23,1,12,31,1,1
2022,"All Division I","Kelsey Bennett","Virginia Tech",0.298,0.354,0.453,0.808,53,175,161,16,48,8,1,5,29,1,13,25,1,1
2022,"All Division I","Kelsey Galevich","Hartford",0.265,0.368,0.459,0.828,41,114,98,14,26,7,0,4,18,2,14,29,1,0
2022,"All Division I","Kelsey Hall","Boise State",0.378,0.49,0.773,1.263,44,148,119,37,45,6,1,13,32,6,20,21,5,1
2022,"All Division I","Kelsey Harrigan","Niagara",0.236,0.368,0.309,0.678,40,133,110,21,26,8,0,0,12,2,21,27,8,2
2022,"All Division I","Kelsey Lalor","Boise State",0.368,0.429,0.724,1.152,49,170,152,38,56,15,0,13,47,4,12,25,2,0
2022,"All Division I","Kelsey Lenox","South Dakota State",0.271,0.394,0.465,0.859,49,160,129,12,35,7,0,6,22,2,26,22,0,0
2022,"All Division I","Kendall Jean","Harvard",0.195,0.232,0.338,0.569,37,82,77,6,15,5,0,2,14,0,4,12,0,0
2022,"All Division I","Kendall Lee","Memphis",0.305,0.357,0.397,0.754,53,160,141,8,43,7,0,2,27,0,13,21,0,1
2022,"All Division I","Kendall McGary","Incarnate Word",0.207,0.295,0.304,0.599,48,157,135,20,28,4,0,3,25,3,15,24,5,1
2022,"All Division I","Kendall Smith","Louisville",0.309,0.422,0.586,1.007,52,185,152,19,47,13,1,9,40,4,27,29,0,0
2022,"All Division I","Kendra Allen","UMass",0.22,0.394,0.283,0.677,51,165,127,15,28,1,2,1,31,4,33,33,0,0
2022,"All Division I","Kendyl McKeough","Northern Kentucky",0.324,0.4,0.682,1.082,56,198,173,32,56,15,1,15,40,0,22,26,3,1
2022,"All Division I","Kendyl Weinzapfel","Austin Peay",0.295,0.305,0.358,0.663,53,177,173,17,51,4,2,1,14,1,2,10,6,3
2022,"All Division I","Kendyll Bailey","Missouri",0.286,0.35,0.511,0.861,60,204,182,16,52,8,0,11,33,1,18,23,1,0
2022,"All Division I","Kenlie Harvey","Mercer",0.232,0.369,0.326,0.695,56,173,138,15,32,2,1,3,17,6,24,37,5,0
2022,"All Division I","Kennedi Bedell","Hampton",0.307,0.319,0.337,0.657,50,172,163,25,50,3,1,0,8,0,3,28,17,3
2022,"All Division I","Kennedy Hebert","Nicholls",0.25,0.301,0.346,0.647,48,149,136,13,34,7,0,2,16,0,10,28,9,2
2022,"All Division I","Kennedy Labshere","Boston College",0.231,0.298,0.365,0.664,44,114,104,9,24,3,1,3,17,5,5,10,0,0
2022,"All Division I","Kennedy Page","UL Monroe",0.246,0.328,0.386,0.714,47,135,114,17,28,7,0,3,24,2,12,29,5,2
2022,"All Division I","Kennedy Thomas","California",0.302,0.348,0.341,0.689,52,141,126,18,38,2,0,1,13,1,8,26,5,4
2022,"All Division I","Kiana Cisneros","Long Island",0.303,0.335,0.354,0.689,55,188,175,28,53,7,1,0,31,2,7,14,2,0
2022,"All Division I","Kiana Parrish","Alabama State",0.245,0.379,0.304,0.683,45,128,102,6,25,6,0,0,12,3,19,20,0,3
2022,"All Division I","Kianna Jones","North Carolina",0.272,0.322,0.478,0.8,50,149,136,14,37,5,1,7,28,1,10,28,0,1
2022,"All Division I","Kiara Mills","Creighton",0.331,0.427,0.554,0.98,42,147,121,21,40,3,3,6,27,6,15,21,3,0
2022,"All Division I","Kiaya Jeusi","Hampton",0.28,0.348,0.379,0.727,55,178,161,17,45,6,2,2,25,4,13,38,10,1
2022,"All Division I","Kiersten Withstandley","Rutgers",0.152,0.295,0.185,0.479,44,114,92,11,14,3,0,0,9,8,11,12,2,0
2022,"All Division I","Kiki Besnard","Georgetown",0.153,0.198,0.2,0.398,39,92,85,7,13,1,0,1,5,2,3,19,0,0
2022,"All Division I","Kiki Milloy","Tennessee",0.362,0.455,0.673,1.128,59,232,196,53,71,12,2,15,53,13,21,30,31,2
2022,"All Division I","Kiley Naomi","Oklahoma State",0.224,0.333,0.376,0.709,59,199,165,37,37,5,1,6,21,4,24,27,13,2
2022,"All Division I","Kim Howard","Central Connecticut",0.25,0.323,0.456,0.778,49,156,136,16,34,10,0,6,20,3,13,12,1,0
2022,"All Division I","Kindall DeRamus","Alabama State",0.41,0.456,0.483,0.94,54,199,178,44,73,7,3,0,27,0,16,11,43,5
2022,"All Division I","Kinsey Koeltzow","Grand Canyon",0.335,0.38,0.569,0.949,55,179,167,34,56,16,1,7,28,2,10,22,1,0
2022,"All Division I","Kinsley Washington","UCLA",0.343,0.415,0.533,0.947,54,193,169,51,58,11,3,5,34,6,16,29,12,6
2022,"All Division I","Kinzi Van Wyk","Lafayette",0.235,0.342,0.337,0.679,36,116,98,15,23,4,0,2,8,2,14,18,1,1
2022,"All Division I","Kinzie Hansen","Oklahoma",0.273,0.313,0.521,0.834,51,134,121,26,33,6,0,8,29,2,7,11,1,0
2022,"All Division I","Kira Ferraiolo","Sacred Heart",0.162,0.24,0.214,0.454,49,130,117,3,19,3,0,1,5,0,12,31,1,0
2022,"All Division I","Kiya Thomas","Coastal Carolina",0.419,0.49,0.64,1.13,44,156,136,36,57,12,0,6,17,2,17,6,13,4
2022,"All Division I","KJ Murphy","UT Arlington",0.305,0.39,0.483,0.873,49,174,151,33,46,9,0,6,26,0,21,24,5,1
2022,"All Division I","Kloe Hilbrenner","Kansas City",0.369,0.41,0.606,1.017,47,173,160,27,59,12,4,6,22,0,12,19,30,4
2022,"All Division I","Kolby Holcombe","Samford",0.231,0.268,0.354,0.621,53,159,147,7,34,6,0,4,17,1,7,26,0,0
2022,"All Division I","Korie Kreps","UL Monroe",0.213,0.364,0.287,0.651,50,157,122,30,26,2,2,1,17,3,26,48,3,1
2022,"All Division I","Korie Thomas","UC Santa Barbara",0.215,0.276,0.231,0.508,53,136,121,14,26,0,1,0,14,5,6,24,3,0
2022,"All Division I","Kourtney Gremillion","Charlotte",0.279,0.387,0.384,0.771,58,206,172,13,48,7,1,3,24,2,29,17,0,0
2022,"All Division I","Kristen Blanchard","Long Island",0.336,0.404,0.352,0.756,50,149,125,27,42,2,0,0,11,2,13,15,8,3
2022,"All Division I","Kristen Green","Belmont",0.329,0.366,0.559,0.925,47,164,152,29,50,7,2,8,42,5,5,18,3,2
2022,"All Division I","Kristi DiMeo","Drexel",0.38,0.473,0.613,1.086,46,182,150,27,57,12,1,7,32,6,23,8,1,2
2022,"All Division I","Kristi Stevenson","Saint Louis",0.327,0.423,0.463,0.886,51,191,162,32,53,14,1,2,18,6,21,22,10,5
2022,"All Division I","Kristin Fifield","Grand Canyon",0.356,0.402,0.681,1.083,55,186,163,34,58,5,3,14,55,3,13,32,7,1
2022,"All Division I","Kristina Burkhardt","Michigan",0.371,0.435,0.586,1.021,56,207,186,40,69,20,7,2,31,3,18,18,15,3
2022,"All Division I","Kristina Day","UMass",0.211,0.32,0.375,0.695,48,151,128,18,27,4,1,5,12,5,16,35,0,0
2022,"All Division I","Kristina Foreman","Duke",0.398,0.47,0.797,1.267,48,152,128,40,51,6,0,15,56,6,14,26,8,2
2022,"All Division I","Kya Enos","Maine",0.258,0.28,0.43,0.71,39,133,128,22,33,5,4,3,14,2,2,19,16,4
2022,"All Division I","Kyla Morris","Duke",0.263,0.306,0.313,0.619,48,109,99,21,26,3,1,0,11,1,6,19,11,2
2022,"All Division I","Kyla Reeves","South Carolina State",0.257,0.382,0.5,0.882,34,89,74,8,19,4,1,4,13,6,9,21,3,1
2022,"All Division I","Kylee Harvey","Sacred Heart",0.234,0.322,0.304,0.626,54,181,158,23,37,6,1,1,9,6,15,23,2,0
2022,"All Division I","Kylie Becker","Montana",0.241,0.365,0.333,0.698,47,175,141,23,34,5,1,2,21,9,19,19,4,0
2022,"All Division I","Kyndal Kutac","Sam Houston State",0.226,0.367,0.331,0.698,48,170,133,27,30,5,0,3,17,10,21,16,4,1
2022,"All Division I","Kyndall Crawford","Lipscomb",0.271,0.351,0.322,0.673,45,136,118,17,32,3,0,1,10,2,13,24,1,0
2022,"All Division I","Lacey Fincher","Georgia",0.34,0.472,0.776,1.248,59,199,156,45,53,7,2,19,51,6,35,31,2,0
2022,"All Division I","Lala Pascual","Quinnipiac",0.253,0.373,0.363,0.735,35,110,91,10,23,7,0,1,15,1,17,20,0,0
2022,"All Division I","Lani Moreno","Rider",0.278,0.32,0.43,0.75,53,172,158,23,44,12,3,2,29,6,4,15,0,0
2022,"All Division I","Lani Rodriguez","Middle Tennessee",0.248,0.331,0.274,0.605,47,139,113,8,28,3,0,0,9,4,11,13,2,0
2022,"All Division I","Lath Freeman","Presbyterian",0.316,0.384,0.568,0.952,51,178,155,28,49,12,0,9,44,2,17,16,2,0
2022,"All Division I","Laurel Devoe","Akron",0.202,0.374,0.44,0.814,40,108,84,12,17,2,0,6,17,3,20,38,0,0
2022,"All Division I","Laurel McKelvey","Penn",0.256,0.363,0.302,0.665,34,106,86,9,22,1,0,1,12,8,7,10,0,1
2022,"All Division I","Lauren Apollaro","Columbia",0.21,0.247,0.247,0.494,34,87,81,10,17,3,0,0,7,0,4,17,0,1
2022,"All Division I","Lauren Bobowski","Harvard",0.276,0.354,0.293,0.647,41,134,116,24,32,2,0,0,6,1,13,14,17,2
2022,"All Division I","Lauren Coerver","UTSA",0.169,0.285,0.315,0.599,48,144,124,14,21,4,1,4,10,3,17,35,0,0
2022,"All Division I","Lauren Eamiguel","South Dakota",0.25,0.313,0.333,0.646,51,147,132,21,33,7,2,0,19,0,13,31,3,1
2022,"All Division I","Lauren Esman","Michigan",0.261,0.315,0.403,0.719,44,130,119,17,31,8,0,3,23,1,9,33,0,1
2022,"All Division I","Lauren Espalin","Minnesota",0.34,0.437,0.531,0.968,53,194,162,38,55,13,0,6,25,3,25,20,1,0
2022,"All Division I","Lauren Farias","Tennessee State",0.167,0.274,0.222,0.496,53,148,126,15,21,5,1,0,5,1,18,36,7,1
2022,"All Division I","Lauren Fey","Butler",0.373,0.448,0.401,0.849,47,166,142,23,53,4,0,0,7,1,19,8,18,7
2022,"All Division I","Lauren Griffith","Oakland",0.314,0.414,0.542,0.957,40,140,118,13,37,15,0,4,25,2,19,12,0,1
2022,"All Division I","Lauren Hoe","Weber State",0.244,0.352,0.407,0.758,47,146,123,17,30,6,1,4,21,2,19,27,2,1
2022,"All Division I","Lauren Johnson","Kentucky",0.369,0.416,0.598,1.014,56,202,179,53,66,9,4,8,39,1,15,23,11,0
2022,"All Division I","Lauren Kehlenbrink","Valparaiso",0.271,0.333,0.49,0.823,36,106,96,11,26,9,0,4,22,0,9,12,1,1
2022,"All Division I","Lauren King","Winthrop",0.209,0.371,0.324,0.695,54,177,139,10,29,4,0,4,21,16,20,36,0,1
2022,"All Division I","Lauren Mills","Wichita State",0.303,0.414,0.73,1.143,47,145,122,22,37,4,0,16,51,2,21,35,0,0
2022,"All Division I","Lauren Nunez","Providence",0.204,0.323,0.278,0.601,45,127,108,14,22,3,1,1,16,4,15,23,1,0
2022,"All Division I","Lauren Parks","Southern",0.24,0.281,0.364,0.645,42,131,121,17,29,5,5,0,6,2,5,24,16,4
2022,"All Division I","Lauren Rende","Manhattan",0.35,0.405,0.443,0.848,44,153,140,27,49,8,1,1,14,1,12,10,10,3
2022,"All Division I","Lauren Stewart","Jackson State",0.388,0.453,0.741,1.194,44,159,139,36,54,5,10,8,36,3,15,2,14,0
2022,"All Division I","Lauren Strathearn","Northern Colorado",0.294,0.306,0.328,0.634,45,123,119,13,35,0,2,0,9,1,1,15,2,3
2022,"All Division I","Lauren Taylor","Longwood",0.284,0.402,0.425,0.828,56,169,134,20,38,4,0,5,20,4,24,30,14,2
2022,"All Division I","Lauryn Barker","UNLV",0.237,0.297,0.393,0.69,58,155,135,24,32,6,0,5,21,3,9,24,0,0
2022,"All Division I","Lauryn Brooks","Hampton",0.179,0.264,0.214,0.478,44,129,112,12,20,2,1,0,6,0,13,33,3,2
2022,"All Division I","Lauryn Garewal","UC Riverside",0.345,0.448,0.493,0.94,49,183,142,34,49,11,2,2,24,5,27,14,8,2
2022,"All Division I","Layna Johnson","Presbyterian",0.359,0.408,0.534,0.943,43,144,131,30,47,8,0,5,17,1,10,24,11,1
2022,"All Division I","Laynee Betancur","Utah Valley",0.284,0.328,0.321,0.649,45,120,109,20,31,2,1,0,11,0,8,16,2,2
2022,"All Division I","Leea Hanks","Notre Dame",0.37,0.425,0.613,1.038,52,193,173,53,64,14,5,6,33,5,13,17,13,1
2022,"All Division I","Leila Hurst","Army",0.301,0.321,0.468,0.789,50,169,156,20,47,10,2,4,30,3,4,26,1,0
2022,"All Division I","Leslie Romero","New Mexico",0.272,0.313,0.388,0.701,49,163,147,13,40,11,0,2,23,0,11,18,2,0
2022,"All Division I","Lewa Day","Sacramento State",0.359,0.471,0.724,1.195,54,189,156,40,56,9,0,16,39,3,30,44,5,4
2022,"All Division I","Lexi Burkhardt","Omaha",0.266,0.328,0.427,0.756,40,137,124,13,33,11,0,3,16,2,10,25,2,0
2022,"All Division I","Lexi King","SIUE",0.374,0.416,0.525,0.941,54,197,179,38,67,13,1,4,28,0,15,15,13,3
2022,"All Division I","Lexi Orozco","Utah State",0.354,0.471,0.687,1.158,55,193,147,30,52,13,0,12,46,2,36,34,2,0
2022,"All Division I","Lexi Osowski","Austin Peay",0.408,0.497,0.777,1.274,53,193,157,42,64,15,2,13,46,8,24,6,2,0
2022,"All Division I","Lexi Wagner","Charlotte",0.212,0.272,0.365,0.637,45,120,104,25,22,11,1,1,10,0,9,34,4,0
2022,"All Division I","Lexie Blair","Michigan",0.331,0.396,0.485,0.881,47,158,136,22,45,12,0,3,24,3,13,16,10,1
2022,"All Division I","Lexie Harper","North Alabama",0.325,0.411,0.345,0.756,59,228,194,44,63,2,1,0,11,3,26,19,18,3
2022,"All Division I","Lexie Siwek","Indiana State",0.322,0.369,0.376,0.745,52,166,149,15,48,6,1,0,24,0,11,17,5,2
2022,"All Division I","Lexie Webb","Sacramento State",0.337,0.407,0.669,1.076,55,189,169,27,57,6,1,16,33,2,18,22,0,0
2022,"All Division I","Libby Ryan","Drake",0.248,0.403,0.31,0.713,43,146,113,23,28,5,1,0,13,4,26,28,16,3
2022,"All Division I","Libby Whittaker","NC State",0.247,0.39,0.494,0.884,43,100,81,17,20,2,0,6,19,3,16,30,0,0
2022,"All Division I","Lilia Crouthamel","Penn State",0.196,0.245,0.319,0.564,51,147,138,17,27,5,3,2,19,0,9,38,5,3
2022,"All Division I","Lilly Bishop","Charleston Southern",0.344,0.388,0.453,0.842,44,140,128,11,44,8,0,2,23,5,5,12,0,0
2022,"All Division I","Lily Amos","Cal Poly",0.295,0.449,0.377,0.826,48,158,122,13,36,4,0,2,16,10,25,21,0,0
2022,"All Division I","Lily Fischer","Murray State",0.291,0.429,0.457,0.886,59,194,151,25,44,9,2,4,24,24,14,14,4,1
2022,"All Division I","Lily Garcia","Seattle",0.288,0.331,0.489,0.82,49,150,139,16,40,13,3,3,26,2,7,9,1,1
2022,"All Division I","Lily Potter","Norfolk State",0.287,0.416,0.407,0.823,54,187,150,47,43,10,4,0,19,10,24,14,16,2
2022,"All Division I","Lily Wilmot","Miami (OH)",0.273,0.372,0.532,0.904,57,185,154,19,42,6,2,10,30,3,23,32,0,0
2022,"All Division I","Lindsay Edwards","Louisiana Tech",0.232,0.32,0.405,0.724,59,196,168,32,39,5,0,8,36,6,17,28,1,0
2022,"All Division I","Lindsay Hunter","Radford",0.149,0.345,0.184,0.529,41,124,87,3,13,3,0,0,2,1,25,23,1,0
2022,"All Division I","Lindsay Ward","Saint Francis",0.27,0.36,0.461,0.82,52,181,152,33,41,3,1,8,33,11,12,26,5,1
2022,"All Division I","Lindsey Baron","Monmouth",0.311,0.404,0.5,0.904,49,171,148,22,46,15,2,3,16,2,21,26,5,3
2022,"All Division I","Lindsey Carroll","Murray State",0.26,0.324,0.45,0.774,57,191,169,28,44,6,4,6,26,3,14,43,4,1
2022,"All Division I","Lindsey Culver","South Dakota State",0.278,0.341,0.537,0.878,52,179,162,40,45,13,1,9,35,5,11,28,3,1
2022,"All Division I","Lindsey Garcia","Auburn",0.285,0.328,0.525,0.853,56,179,158,29,45,8,3,8,32,2,11,15,10,4
2022,"All Division I","Lindsey Osmer","Stony Brook",0.257,0.311,0.336,0.647,46,155,140,21,36,8,0,1,20,3,8,33,2,1
2022,"All Division I","Lindsey Rizzo","Southeastern Louisiana",0.27,0.346,0.288,0.635,54,135,111,32,30,2,0,0,9,0,14,14,16,0
2022,"All Division I","Lindsey Walljasper","Charlotte",0.29,0.432,0.484,0.916,53,155,124,21,36,9,0,5,23,9,22,12,1,0
2022,"All Division I","Lindsey Warick","Indiana",0.227,0.345,0.381,0.726,43,119,97,8,22,3,0,4,16,11,7,25,1,0
2022,"All Division I","Lindsi Dennis","Canisius",0.279,0.356,0.379,0.735,48,161,140,20,39,10,2,0,22,6,12,26,0,0
2022,"All Division I","Linnah Rebolledo","Utah Valley",0.367,0.442,0.554,0.996,51,193,166,50,61,13,0,6,39,3,20,14,14,3
2022,"All Division I","Linnie Malkin","Arkansas",0.384,0.464,0.87,1.334,51,168,146,32,56,5,0,22,68,6,16,24,0,1
2022,"All Division I","Liz Paver","Detroit",0.088,0.149,0.163,0.312,36,88,80,4,7,0,0,2,5,1,5,26,1,0
2022,"All Division I","Lizzie Shubert","Stetson",0.219,0.271,0.469,0.74,56,179,160,18,35,7,3,9,33,3,10,38,0,0
2022,"All Division I","Logan Braundmeier","Murray State",0.383,0.452,0.674,1.126,59,219,193,50,74,27,1,9,38,4,21,17,11,2
2022,"All Division I","Logan Calhoun","Troy",0.209,0.239,0.287,0.526,52,136,129,19,27,5,1,1,12,2,3,21,7,0
2022,"All Division I","Logan Hawker","UMBC",0.309,0.34,0.5,0.84,35,100,94,11,29,3,0,5,21,0,5,10,0,0
2022,"All Division I","Logan Morris","NC State",0.376,0.482,0.701,1.182,55,191,157,35,59,9,0,14,46,7,26,17,3,0
2022,"All Division I","Logyn Estes","East Carolina",0.266,0.356,0.438,0.793,53,150,128,23,34,4,3,4,27,2,17,22,4,1
2022,"All Division I","Lorena Vasquez-Inzunza","Georgetown",0.181,0.25,0.287,0.537,41,108,94,10,17,7,0,1,7,3,6,26,0,0
2022,"All Division I","Lou Allan","Liberty",0.347,0.427,0.526,0.953,62,218,190,21,66,10,0,8,34,4,23,14,1,1
2022,"All Division I","Lou Bowers","Eastern Kentucky",0.278,0.373,0.5,0.873,39,110,90,12,25,8,0,4,25,3,13,19,0,0
2022,"All Division I","Lucy Mead","Bradley",0.328,0.388,0.448,0.836,41,141,125,24,41,7,1,2,13,2,11,32,16,3
2022,"All Division I","Lynnsie Elam","Oklahoma",0.288,0.336,0.695,1.031,56,128,118,25,34,6,0,14,44,3,6,17,0,0
2022,"All Division I","Lynsey Tucker","Omaha",0.322,0.377,0.396,0.773,46,167,149,27,48,9,1,0,17,2,11,13,16,0
2022,"All Division I","McKenzie Barbara","San Diego State",0.401,0.498,0.808,1.306,55,207,172,32,69,14,1,18,61,0,34,24,6,1
2022,"All Division I","Macee Barnes","Grand Canyon",0.288,0.35,0.416,0.766,53,140,125,24,36,5,1,3,21,0,12,24,9,2
2022,"All Division I","Maci Cunconan","Lipscomb",0.26,0.31,0.571,0.881,52,171,154,23,40,6,9,8,36,2,11,35,4,2
2022,"All Division I","Maci Fines","UC Santa Barbara",0.304,0.355,0.433,0.788,54,188,171,26,52,10,6,0,27,4,10,9,5,3
2022,"All Division I","Mack Leonard","Florida State",0.379,0.469,0.61,1.079,60,211,177,31,67,15,1,8,49,1,31,21,1,1
2022,"All Division I","Mackense Greico","Maryland",0.315,0.46,0.496,0.956,50,164,127,17,40,11,0,4,26,1,34,27,6,0
2022,"All Division I","Mackenzie Bennett","Stephen F. Austin",0.33,0.378,0.635,1.013,44,131,115,14,38,11,0,8,29,4,6,13,1,0
2022,"All Division I","Mackenzie Brasher","South Alabama",0.333,0.379,0.341,0.72,46,150,135,30,45,1,0,0,3,0,10,14,19,2
2022,"All Division I","Mackenzie Griman","Butler",0.267,0.319,0.41,0.728,37,114,105,11,28,3,0,4,19,3,5,20,0,0
2022,"All Division I","Mackenzie Lawter","Virginia Tech",0.248,0.377,0.504,0.881,55,152,125,24,31,5,0,9,23,2,24,38,1,0
2022,"All Division I","Mackenzie Mahy","Northern Illinois",0.26,0.373,0.308,0.681,40,131,104,27,27,2,0,1,8,2,18,19,12,3
2022,"All Division I","MacKenzie McFeron","Evansville",0.292,0.375,0.363,0.738,45,132,113,26,33,2,3,0,9,0,15,18,8,1
2022,"All Division I","Macy Johnson","Drake",0.36,0.46,0.485,0.945,46,164,136,41,49,7,2,2,22,3,23,14,25,0
2022,"All Division I","Macy McCall","Winthrop",0.278,0.381,0.42,0.801,55,197,169,38,47,10,1,4,17,1,27,40,23,9
2022,"All Division I","Macy Omli","Kansas",0.227,0.292,0.333,0.625,47,148,132,22,30,11,0,1,17,0,12,34,3,1
2022,"All Division I","Macy Simmons","BYU",0.25,0.333,0.424,0.758,50,153,132,10,33,2,0,7,33,0,17,31,1,0
2022,"All Division I","Maddi Long","UT Martin",0.233,0.308,0.372,0.68,51,144,129,17,30,6,0,4,20,2,12,16,1,0
2022,"All Division I","Maddie Amos","Cal Poly",0.355,0.413,0.579,0.992,48,170,152,28,54,11,1,7,43,1,14,17,0,0
2022,"All Division I","Maddie Boldt","Incarnate Word",0.221,0.291,0.529,0.821,49,151,136,24,30,8,2,10,23,2,12,40,2,4
2022,"All Division I","Maddie Bowlds","Western Kentucky",0.284,0.378,0.447,0.825,51,165,141,23,40,11,0,4,27,0,22,13,2,1
2022,"All Division I","Maddie Katona","Dartmouth",0.264,0.352,0.321,0.673,40,126,106,17,28,4,1,0,5,6,9,30,6,3
2022,"All Division I","Maddie Schmidt","UNLV",0.298,0.394,0.36,0.754,57,196,161,37,48,0,5,0,10,2,24,35,11,2
2022,"All Division I","Maddie Wilkes","Army",0.304,0.35,0.446,0.796,41,124,112,10,34,10,0,2,18,2,7,18,1,0
2022,"All Division I","Maddy Dwyer","George Washington",0.227,0.318,0.333,0.651,51,154,132,13,30,5,0,3,16,2,16,16,4,1
2022,"All Division I","Maddy Myers","George Mason",0.243,0.32,0.271,0.591,41,124,107,9,26,3,0,0,14,1,12,23,7,0
2022,"All Division I","Madeline Gailor","Morehead State",0.275,0.315,0.324,0.638,35,110,102,6,28,5,0,0,18,0,6,14,12,3
2022,"All Division I","Madeline Vejvoda","Creighton",0.261,0.324,0.299,0.623,42,148,134,19,35,5,0,0,11,2,11,17,0,1
2022,"All Division I","Madi Gilmore","Army",0.214,0.265,0.317,0.582,46,136,126,11,27,4,0,3,18,0,9,25,4,0
2022,"All Division I","Madi Moore","North Dakota",0.329,0.351,0.347,0.698,53,174,167,15,55,1,1,0,7,0,6,27,8,5
2022,"All Division I","Madisen Blackford","Southeastern Louisiana",0.329,0.411,0.434,0.846,54,176,152,29,50,11,1,1,26,7,15,14,13,0
2022,"All Division I","Madison Ebeling","Loyola Chicago",0.276,0.408,0.48,0.888,44,152,123,27,34,6,2,5,15,6,22,10,20,5
2022,"All Division I","Madison Epperson","USF",0.278,0.36,0.424,0.784,58,174,151,10,42,13,0,3,24,0,20,39,0,1
2022,"All Division I","Madison Fife","Saint Joseph's",0.281,0.439,0.521,0.959,46,158,121,19,34,8,0,7,29,3,31,22,1,0
2022,"All Division I","Madison Hunsaker","Missouri State",0.319,0.395,0.486,0.88,48,157,138,15,44,11,0,4,24,2,16,32,1,0
2022,"All Division I","Madison Huskey","Washington",0.309,0.347,0.651,0.999,55,195,175,34,54,9,3,15,50,1,11,21,6,1
2022,"All Division I","Madison Jones","Oakland",0.351,0.395,0.642,1.037,43,162,151,40,53,10,2,10,25,4,7,8,6,1
2022,"All Division I","Madison Koger","Charleston Southern",0.266,0.296,0.462,0.758,55,169,158,19,42,8,1,7,28,0,8,35,2,0
2022,"All Division I","Madison Lanoux","USC Upstate",0.319,0.372,0.422,0.793,56,185,166,37,53,12,1,1,24,2,13,25,7,0
2022,"All Division I","Madison Lewis","Florida International",0.273,0.375,0.405,0.78,45,144,121,16,33,9,2,1,20,5,16,30,4,1
2022,"All Division I","Madison McKevitt","Hofstra",0.226,0.354,0.358,0.713,42,127,106,11,24,8,0,2,20,7,14,37,0,0
2022,"All Division I","Madison Mifsud","North Carolina Central",0.268,0.331,0.394,0.725,48,139,127,13,34,4,0,4,29,3,9,13,2,1
2022,"All Division I","Madison Parks","Northern Iowa",0.295,0.435,0.553,0.988,46,170,132,32,39,8,1,8,29,1,34,25,18,0
2022,"All Division I","Madison Pederson","North Dakota",0.2,0.274,0.364,0.638,50,157,140,7,28,11,0,4,14,1,14,36,0,0
2022,"All Division I","Madison Petrella","Albany",0.331,0.379,0.529,0.908,41,132,121,17,40,6,0,6,28,3,7,26,2,0
2022,"All Division I","Madison Rastello","Niagara",0.145,0.209,0.145,0.354,32,72,62,1,9,0,0,0,2,2,3,17,0,0
2022,"All Division I","Madison Rayner","Southeastern Louisiana",0.323,0.447,0.535,0.983,56,193,155,36,50,16,1,5,44,5,30,26,6,1
2022,"All Division I","Madison Robicheau","Fairfield",0.178,0.233,0.243,0.476,44,121,107,13,19,1,0,2,14,0,8,33,3,0
2022,"All Division I","Madison Stewart","St. Bonaventure",0.178,0.248,0.271,0.519,42,119,107,7,19,4,0,2,4,2,8,33,0,1
2022,"All Division I","Madisyn Kennedy","Mississippi State",0.253,0.314,0.4,0.714,64,190,170,23,43,7,0,6,29,6,10,30,0,0
2022,"All Division I","Madyson Cole","Kent State",0.297,0.374,0.584,0.958,41,115,101,18,30,5,0,8,22,5,8,27,2,0
2022,"All Division I","Mae Forshey","Georgetown",0.34,0.4,0.645,1.045,43,155,141,26,48,14,1,9,26,6,8,11,1,0
2022,"All Division I","Maegan Garrison","North Carolina Central",0.241,0.309,0.446,0.755,43,123,112,15,27,5,3,4,16,3,8,46,1,1
2022,"All Division I","Maeve Nelson","Northwestern",0.279,0.422,0.57,0.992,58,208,165,48,46,10,1,12,42,10,31,36,4,0
2022,"All Division I","Maggie Black","Northwestern State",0.165,0.281,0.268,0.549,45,123,97,14,16,4,0,2,7,4,12,37,3,0
2022,"All Division I","Maggie Finnegan","Penn State",0.152,0.208,0.286,0.494,48,125,112,20,17,4,1,3,13,3,5,20,5,1
2022,"All Division I","Maggie Greco","George Washington",0.286,0.368,0.376,0.744,48,161,133,27,38,5,2,1,18,2,16,29,4,1
2022,"All Division I","Maggie Kane","Mount St. Mary's",0.189,0.297,0.216,0.513,44,131,111,12,21,0,0,1,9,8,9,40,15,3
2022,"All Division I","Maggie Vesneske","Niagara",0.191,0.295,0.226,0.522,40,135,115,21,22,4,0,0,4,1,16,7,12,1
2022,"All Division I","Maica Ingles","Illinois-Chicago",0.296,0.396,0.348,0.744,45,163,135,30,40,3,2,0,9,5,18,14,3,3
2022,"All Division I","Maicie Levitt","Cornell",0.188,0.307,0.222,0.529,40,141,117,17,22,2,1,0,8,11,10,27,1,0
2022,"All Division I","Mailee Newman","Idaho State",0.305,0.37,0.508,0.878,48,138,118,10,36,3,0,7,32,9,6,26,0,0
2022,"All Division I","Makall Whetten","Southern Utah",0.213,0.393,0.33,0.723,42,122,94,16,20,8,0,1,6,13,15,35,2,0
2022,"All Division I","Makayla Alvarez","Binghamton",0.282,0.331,0.496,0.827,46,145,131,19,37,12,2,4,17,2,8,35,6,1
2022,"All Division I","MaKayla Jackson","Tulsa",0.205,0.384,0.277,0.661,45,114,83,2,17,3,0,1,17,4,22,17,0,1
2022,"All Division I","Makena Smith","California",0.412,0.477,0.771,1.248,43,155,131,32,54,6,1,13,39,1,17,13,3,0
2022,"All Division I","Makenna Calderon","Southern Utah",0.224,0.276,0.316,0.593,40,107,98,9,22,4,1,1,7,4,3,32,7,0
2022,"All Division I","Makenna Dowell","Minnesota",0.265,0.391,0.388,0.779,54,182,147,29,39,7,1,3,24,10,21,23,1,0
2022,"All Division I","Makenna Matthijs","UNC Greensboro",0.295,0.341,0.57,0.911,57,211,193,49,57,14,3,11,41,0,14,25,0,0
2022,"All Division I","Makenzie Chaffin","Northwestern State",0.27,0.329,0.396,0.726,51,176,159,26,43,3,1,5,21,1,13,17,4,4
2022,"All Division I","Makenzie Macfarlane","Utah State",0.236,0.314,0.274,0.587,43,121,106,7,25,2,1,0,10,0,12,18,0,0
2022,"All Division I","Mara Sczecienski","Hartford",0.277,0.306,0.513,0.819,44,126,119,12,33,9,2,5,16,1,4,24,0,0
2022,"All Division I","Maranda Gutierrez","DePaul",0.299,0.451,0.471,0.923,53,206,157,46,47,11,2,4,25,15,31,37,11,1
2022,"All Division I","Maranda Jimenez","Albany",0.293,0.306,0.534,0.841,39,124,116,18,34,7,0,7,24,1,3,16,1,1
2022,"All Division I","Marena Estell","UTSA",0.246,0.364,0.619,0.983,47,151,126,24,31,5,0,14,33,5,19,37,0,0
2022,"All Division I","Maria Angelino","Dartmouth",0.122,0.242,0.171,0.413,38,98,82,8,10,4,0,0,9,1,12,25,3,1
2022,"All Division I","Maria Moccio","UMass Lowell",0.279,0.338,0.375,0.713,48,151,136,11,38,10,0,1,27,3,10,16,1,0
2022,"All Division I","Maria Pagane","Columbia",0.258,0.326,0.363,0.689,38,139,124,18,32,4,0,3,17,7,6,15,4,2
2022,"All Division I","Mariah Godde","Mount St. Mary's",0.216,0.284,0.371,0.656,40,112,97,15,21,7,1,2,10,0,10,20,7,3
2022,"All Division I","Mariah Pearson","Maine",0.182,0.234,0.222,0.456,40,107,99,5,18,4,0,0,9,2,5,16,0,0
2022,"All Division I","Marika Deemer","Manhattan",0.208,0.301,0.3,0.601,42,136,120,9,25,5,0,2,13,0,16,18,0,0
2022,"All Division I","Marina Sylvestri","Boston University",0.191,0.255,0.213,0.469,47,101,89,8,17,2,0,0,11,6,2,7,2,0
2022,"All Division I","Marisa Soterakis","USC Upstate",0.194,0.342,0.204,0.546,58,135,98,23,19,1,0,0,11,13,9,12,13,1
2022,"All Division I","Marissa Burk","UC Riverside",0.265,0.351,0.477,0.828,46,157,132,25,35,10,0,6,21,1,18,16,0,0
2022,"All Division I","Marissa Chavez","BYU",0.336,0.414,0.514,0.928,52,167,140,40,47,11,1,4,29,1,19,13,2,0
2022,"All Division I","Marissa Fabian","Pacific",0.181,0.24,0.241,0.481,47,128,116,6,21,7,0,0,5,5,4,26,1,1
2022,"All Division I","Marissa Guimbarda","Clemson",0.274,0.392,0.53,0.922,59,199,164,19,45,9,0,11,39,6,27,49,1,0
2022,"All Division I","Mariyah Sandoval","Southern",0.297,0.411,0.415,0.827,45,141,118,11,35,5,0,3,20,6,17,16,3,0
2022,"All Division I","Martha Epenesa","BYU",0.349,0.471,0.612,1.082,52,190,152,46,53,13,0,9,37,9,26,13,0,0
2022,"All Division I","Mary Iakopo","Texas",0.333,0.424,0.594,1.018,67,233,192,40,64,15,1,11,58,7,27,18,2,1
2022,"All Division I","Mary Sobataka","UNC Wilmington",0.236,0.328,0.364,0.692,45,134,110,17,26,3,1,3,20,3,12,31,9,2
2022,"All Division I","Mary Greg Anderson","Kennesaw State",0.178,0.229,0.178,0.407,39,105,90,13,16,0,0,0,0,0,6,26,9,0
2022,"All Division I","Mary Kate Brown","Central Arkansas",0.341,0.397,0.465,0.862,58,212,185,29,63,11,0,4,54,0,20,22,2,0
2022,"All Division I","Mary Pierce Barnes","Appalachian State",0.313,0.358,0.46,0.818,55,191,176,28,55,9,1,5,36,1,12,17,3,1
2022,"All Division I","Mason Basdikis","Longwood",0.185,0.281,0.244,0.525,57,154,135,17,25,3,1,1,7,1,17,47,12,2
2022,"All Division I","Matalasi Faapito","Mississippi State",0.243,0.35,0.546,0.896,61,183,152,17,37,2,1,14,40,3,24,38,0,0
2022,"All Division I","Max Ortega","UC Riverside",0.281,0.365,0.411,0.776,49,167,146,27,41,5,1,4,30,4,16,20,6,0
2022,"All Division I","Maya Amm","Florida Atlantic",0.198,0.301,0.284,0.586,55,137,116,13,23,5,1,1,9,3,15,25,1,0
2022,"All Division I","Maya Avila","Long Island",0.248,0.326,0.392,0.718,51,145,125,10,31,6,0,4,30,1,15,23,0,0
2022,"All Division I","Maya Brady","UCLA",0.339,0.41,0.672,1.082,61,201,177,53,60,12,1,15,53,1,21,38,11,1
2022,"All Division I","Maya Nakamura","Hawaii",0.331,0.453,0.537,0.99,42,148,121,22,40,7,0,6,25,5,22,15,1,0
2022,"All Division I","Maycin Brown","UNC Greensboro",0.335,0.467,0.581,1.048,57,210,167,39,56,12,1,9,27,10,32,32,3,0
2022,"All Division I","Maygen McGrath","Montana",0.383,0.466,0.758,1.224,47,176,149,36,57,5,0,17,35,5,20,13,1,0
2022,"All Division I","Mazie Macfarlane","Utah State",0.294,0.417,0.401,0.818,56,216,177,46,52,13,0,2,29,2,36,38,22,2
2022,"All Division I","McKell McCuistion","Weber State",0.284,0.373,0.553,0.927,50,171,141,25,40,8,0,10,38,6,16,23,2,1
2022,"All Division I","McKenna Batterton","FGCU",0.243,0.34,0.307,0.647,49,164,140,21,34,4,1,1,12,5,16,7,1,1
2022,"All Division I","McKenna Tanguay","Detroit",0.276,0.391,0.457,0.848,41,140,116,18,32,6,0,5,10,4,18,20,2,1
2022,"All Division I","McKenzie Parker","Texas",0.265,0.347,0.484,0.83,55,180,155,23,41,10,0,8,42,0,20,32,3,0
2022,"All Division I","Meagan Smith","UT Arlington",0.294,0.347,0.529,0.876,49,148,136,13,40,6,1,8,27,2,9,28,0,0
2022,"All Division I","Meg Dugas","Central Connecticut",0.2,0.214,0.326,0.54,46,142,135,7,27,7,2,2,17,0,3,35,1,1
2022,"All Division I","Meg Gorman","Central Connecticut",0.224,0.283,0.303,0.586,49,168,152,15,34,8,2,0,8,2,11,23,3,2
2022,"All Division I","Meggie Otte","Ohio State",0.227,0.283,0.403,0.686,53,166,154,20,35,8,2,5,26,4,8,26,1,1
2022,"All Division I","Megan Burton","Eastern Illinois",0.284,0.36,0.489,0.849,55,215,190,42,54,12,0,9,34,5,18,21,15,7
2022,"All Division I","Megan Dedrick","Loyola Marymount",0.262,0.439,0.369,0.808,54,180,130,39,34,6,1,2,20,11,30,17,13,1
2022,"All Division I","Megan Delgadillo","Cal State Fullerton",0.404,0.462,0.444,0.906,58,221,198,57,80,8,0,0,20,5,17,17,50,4
2022,"All Division I","Megan Dray","Minnesota",0.256,0.377,0.519,0.896,51,160,133,28,34,8,0,9,19,8,18,36,2,0
2022,"All Division I","Megan Forbes","Fairfield",0.275,0.349,0.366,0.716,47,147,131,18,36,7,1,1,18,1,14,43,8,2
2022,"All Division I","Megan Fortner","Jacksonville State",0.287,0.326,0.545,0.871,54,179,167,25,48,17,1,8,33,1,9,21,0,0
2022,"All Division I","Megan Gist","Dayton",0.149,0.261,0.162,0.424,39,92,74,9,11,1,0,0,5,5,7,26,1,0
2022,"All Division I","Megan Grant","Elon",0.255,0.407,0.359,0.765,52,188,145,24,37,5,5,0,15,6,31,23,3,0
2022,"All Division I","Megan Kern","Villanova",0.328,0.417,0.575,0.991,56,204,174,28,57,16,0,9,31,2,26,27,2,1
2022,"All Division I","Megan McMenemy","Ohio",0.316,0.401,0.507,0.908,48,178,152,22,48,10,2,5,20,3,20,17,1,0
2022,"All Division I","Megan Pierro","USF",0.276,0.377,0.393,0.77,61,183,145,20,40,7,2,2,28,7,19,21,19,3
2022,"All Division I","Megan Trivelpiece","Drexel",0.285,0.376,0.408,0.784,45,150,130,7,37,10,0,2,18,1,18,12,0,0
2022,"All Division I","Megan Turner","Youngstown State",0.256,0.306,0.481,0.787,53,175,156,21,40,11,0,8,28,1,11,47,1,0
2022,"All Division I","Megan White","Elon",0.202,0.308,0.273,0.58,46,117,99,5,20,4,0,1,12,1,15,24,0,0
2022,"All Division I","Meghan Davis","Marist",0.266,0.325,0.468,0.793,43,120,109,10,29,4,0,6,22,2,8,20,2,1
2022,"All Division I","Meghan Dempsey","UMBC",0.256,0.389,0.41,0.8,34,100,78,10,20,0,0,4,11,0,17,21,2,1
2022,"All Division I","Meghan Giordano","Hofstra",0.305,0.396,0.518,0.914,47,166,141,30,43,9,0,7,32,1,21,15,4,0
2022,"All Division I","Meghan Sheehan","USF",0.293,0.348,0.384,0.732,59,187,164,22,48,9,0,2,30,1,14,15,10,3
2022,"All Division I","Meisha Murray","St. John's",0.248,0.273,0.269,0.542,46,151,145,22,36,1,1,0,0,0,5,35,21,6
2022,"All Division I","Melanie Aguilera","Coppin State",0.193,0.303,0.254,0.557,45,134,114,12,22,4,0,1,12,3,15,21,2,0
2022,"All Division I","Meleah Hargett","North Alabama",0.347,0.417,0.476,0.893,60,194,170,41,59,10,0,4,31,4,17,23,5,2
2022,"All Division I","Melina Livingston","Michigan",0.284,0.372,0.448,0.821,45,140,116,25,33,7,0,4,29,10,8,17,1,0
2022,"All Division I","Melise Gossen","Nicholls",0.285,0.367,0.431,0.798,50,166,144,13,41,15,0,2,16,3,17,24,3,1
2022,"All Division I","Melissa Mayeux","UL Lafayette",0.333,0.393,0.605,0.998,53,167,147,39,49,13,3,7,24,1,14,13,0,1
2022,"All Division I","Melissa Paz","Morgan State",0.283,0.391,0.434,0.825,45,139,113,9,32,11,0,2,34,2,20,13,0,1
2022,"All Division I","Meredith Keel","South Alabama",0.293,0.32,0.431,0.751,42,124,116,16,34,3,5,1,8,1,4,17,2,1
2022,"All Division I","Meredith Slaw","Virginia Tech",0.353,0.384,0.621,1.005,46,125,116,10,41,4,0,9,41,3,4,9,0,0
2022,"All Division I","Merritt Cahoon","Samford",0.299,0.341,0.402,0.742,41,138,127,8,38,7,0,2,20,1,7,8,2,0
2022,"All Division I","Mia Blasingane","Florida A&M",0.25,0.28,0.275,0.555,46,128,120,21,30,3,0,0,7,1,4,24,11,4
2022,"All Division I","Mia Davidson","Mississippi State",0.364,0.543,0.848,1.391,64,234,165,49,60,11,0,23,45,22,45,31,0,1
2022,"All Division I","Mia Parker","George Washington",0.299,0.39,0.481,0.87,53,180,154,21,46,13,0,5,27,4,19,20,0,0
2022,"All Division I","Mia Trejo","UNLV",0.341,0.455,0.612,1.067,58,212,170,32,58,11,1,11,55,9,29,21,0,0
2022,"All Division I","Michaela Carter","Fordham",0.253,0.318,0.318,0.636,51,173,154,26,39,2,1,2,10,1,14,25,1,0
2022,"All Division I","Michelle Leone","Penn State",0.22,0.295,0.255,0.55,54,161,141,10,31,2,0,1,16,0,15,18,0,0
2022,"All Division I","Mikaela Gandia-Mak","Hawaii",0.227,0.299,0.261,0.56,35,100,88,8,20,3,0,0,5,2,7,26,1,3
2022,"All Division I","Mikayla Allee","Ole Miss",0.215,0.394,0.446,0.84,55,171,130,36,28,6,3,6,27,18,21,22,3,1
2022,"All Division I","Mikayla Ramos","Iowa State",0.301,0.387,0.627,1.013,55,199,166,36,50,10,1,14,53,6,21,27,1,1
2022,"All Division I","Mikayla Rubin","Fairfield",0.27,0.297,0.343,0.64,47,156,137,8,37,7,0,1,26,1,5,17,1,1
2022,"All Division I","Mila Rodriguez","Texas Southern",0.313,0.347,0.42,0.767,39,121,112,21,35,6,0,2,8,0,6,20,0,0
2022,"All Division I","Miracle Crosby","Alcorn State",0.184,0.33,0.224,0.554,40,100,76,10,14,1,1,0,8,5,13,30,2,0
2022,"All Division I","Miranda Johnson","Notre Dame",0.262,0.292,0.393,0.685,40,115,107,16,28,6,1,2,26,1,4,6,0,0
2022,"All Division I","Miranda Stoddard","Kentucky",0.26,0.308,0.519,0.827,52,148,131,27,34,7,0,9,33,2,8,36,3,1
2022,"All Division I","Mo'ne Davis","Hampton",0.225,0.304,0.278,0.582,49,175,151,24,34,6,1,0,16,2,15,31,8,0
2022,"All Division I","Molly Bruyns","Central Connecticut",0.218,0.273,0.277,0.55,37,111,101,15,22,4,1,0,6,0,8,32,2,0
2022,"All Division I","Molly Rainey","North Texas",0.333,0.401,0.587,0.988,53,178,150,31,50,14,0,8,31,1,20,38,1,1
2022,"All Division I","Monica Serrano","Jackson State",0.257,0.353,0.307,0.66,39,119,101,16,26,5,0,0,12,9,6,11,2,0
2022,"All Division I","Morgan Britt","UNC Wilmington",0.278,0.339,0.417,0.756,41,122,108,17,30,4,4,1,21,0,11,18,11,1
2022,"All Division I","Morgan DeBord","Loyola Marymount",0.319,0.371,0.476,0.847,54,191,166,34,53,8,3,4,38,4,12,27,14,5
2022,"All Division I","Morgan Farrah","Colgate",0.24,0.3,0.336,0.636,48,161,146,11,35,11,0,1,16,2,11,15,1,0
2022,"All Division I","Morgan Hess","Idaho State",0.275,0.367,0.383,0.75,47,141,120,13,33,3,2,2,23,2,16,23,4,3
2022,"All Division I","Morgan Johnson","Norfolk State",0.227,0.301,0.327,0.628,53,130,110,24,25,8,0,1,6,1,11,18,4,2
2022,"All Division I","Morgan Olynyk","Delaware",0.247,0.376,0.429,0.805,39,94,77,13,19,3,1,3,12,4,12,13,0,0
2022,"All Division I","Morgan Overaitis","Virginia Tech",0.341,0.438,0.61,1.047,45,97,82,14,28,6,2,4,20,0,14,11,1,1
2022,"All Division I","Morgan Petty","Albany",0.357,0.394,0.651,1.046,42,142,129,30,46,12,1,8,40,2,8,26,13,1
2022,"All Division I","Morgan Rios","UT Arlington",0.287,0.392,0.454,0.846,43,131,108,8,31,3,0,5,26,1,19,29,0,1
2022,"All Division I","Morgan Smith","Texas A&M",0.32,0.421,0.465,0.886,59,202,172,38,55,8,1,5,28,6,24,37,4,0
2022,"All Division I","Mya Stevenson","Marshall",0.368,0.445,0.813,1.258,53,182,155,41,57,12,0,19,55,6,18,23,8,2
2022,"All Division I","Myah Murray","Florida Atlantic",0.228,0.316,0.279,0.596,53,163,136,15,31,4,0,1,16,2,17,23,1,0
2022,"All Division I","Myra Twitty","Western Carolina",0.277,0.396,0.553,0.95,53,169,141,23,39,6,0,11,30,2,26,26,1,0
2022,"All Division I","Naomi Drake","Mississippi Valley",0.183,0.256,0.225,0.482,35,84,71,4,13,0,0,1,8,1,6,8,3,0
2022,"All Division I","Naomi Hernandez","Long Beach State",0.366,0.494,0.451,0.945,50,182,142,25,52,6,0,2,26,6,30,23,1,0
2022,"All Division I","Natalia Meray","Iona",0.19,0.228,0.226,0.454,46,146,137,9,26,5,0,0,7,2,5,21,2,2
2022,"All Division I","Natalie Alheidt","St. John's",0.147,0.205,0.202,0.407,47,123,109,10,16,0,0,2,5,0,8,46,2,1
2022,"All Division I","Natalie Del Ponte","Wagner",0.244,0.333,0.309,0.642,44,148,123,20,30,5,0,1,15,2,16,24,1,0
2022,"All Division I","Natalie DenHartog","Minnesota",0.347,0.427,0.734,1.161,54,199,173,51,60,8,1,19,38,5,20,29,14,0
2022,"All Division I","Natalie Mclennan","Prairie View",0.297,0.366,0.351,0.717,42,127,111,26,33,4,1,0,8,3,9,22,15,3
2022,"All Division I","Natalie Morgan","Furman",0.185,0.342,0.37,0.712,55,185,146,21,27,8,2,5,23,10,26,43,3,0
2022,"All Division I","Natasha Miner","Lafayette",0.253,0.366,0.308,0.674,46,173,146,29,37,5,0,1,13,8,18,9,7,1
2022,"All Division I","Nawai Kaupe","Hawaii",0.328,0.423,0.664,1.087,42,153,128,26,42,4,0,13,30,6,15,32,14,4
2022,"All Division I","Neleigh Herring","Wichita State",0.333,0.519,0.704,1.222,52,187,135,46,45,5,0,15,42,12,40,35,1,0
2022,"All Division I","Neli Casares-Maher","Syracuse",0.336,0.409,0.664,1.073,47,164,146,37,49,9,0,13,38,3,15,19,5,0
2022,"All Division I","Nia Carter","Iowa",0.399,0.459,0.46,0.919,52,185,163,26,65,4,3,0,17,4,14,12,4,0
2022,"All Division I","Nicole Amodio","Boston University",0.284,0.414,0.493,0.907,57,191,148,22,42,7,0,8,45,14,21,40,3,0
2022,"All Division I","Nicole Kidwiler","Towson",0.286,0.406,0.389,0.795,45,156,126,23,36,3,2,2,8,3,24,18,12,0
2022,"All Division I","Nicole Licea","North Dakota State",0.254,0.376,0.308,0.683,52,159,130,27,33,7,0,0,12,5,21,13,0,0
2022,"All Division I","Nicole Rivait","Bucknell",0.291,0.342,0.425,0.768,44,148,134,17,39,9,0,3,14,2,9,20,2,0
2022,"All Division I","Nicolette Ramirez","Lamar",0.228,0.335,0.346,0.681,49,163,136,21,31,5,1,3,12,8,14,24,0,0
2022,"All Division I","Niki Carver","Ohio State",0.348,0.491,0.652,1.143,53,173,132,32,46,5,1,11,35,23,14,22,4,0
2022,"All Division I","Nikki Cuchran","Northwestern",0.33,0.383,0.525,0.908,56,197,179,21,59,7,2,8,50,3,13,23,0,0
2022,"All Division I","Nikki Saibene","Youngstown State",0.276,0.403,0.372,0.775,56,192,156,20,43,7,1,2,22,13,21,23,1,0
2022,"All Division I","Noel Dominguez","College of Charleston",0.265,0.355,0.295,0.651,50,158,132,10,35,2,1,0,6,4,15,19,3,1
2022,"All Division I","Noellah Ramos","Cal Poly",0.278,0.373,0.374,0.747,40,147,115,18,32,1,5,0,15,8,10,12,3,2
2022,"All Division I","Nova Sinskul","Loyola Chicago",0.222,0.303,0.265,0.568,45,135,117,16,26,0,1,1,8,5,9,28,6,1
2022,"All Division I","Nyah Jones","Grambling",0.248,0.306,0.283,0.59,43,127,113,14,28,4,0,0,8,3,7,17,7,0
2022,"All Division I","Olivia Bricker","Bellarmine",0.153,0.27,0.194,0.463,47,117,98,5,15,4,0,0,4,1,15,31,1,0
2022,"All Division I","Olivia Creamer","Georgia Southern",0.195,0.256,0.248,0.504,43,129,113,7,22,3,0,1,6,2,8,14,3,1
2022,"All Division I","Olivia Fee","Bryant",0.209,0.284,0.209,0.493,35,77,67,7,14,0,0,0,6,0,7,11,7,4
2022,"All Division I","Olivia Kincanon","Buffalo",0.187,0.252,0.453,0.705,46,151,139,16,26,1,0,12,32,1,11,31,0,1
2022,"All Division I","Olivia Krehbiel","Missouri State",0.282,0.4,0.661,1.061,48,151,124,32,35,10,2,11,31,2,23,34,8,2
2022,"All Division I","Olivia Labbe","UMass Lowell",0.23,0.373,0.393,0.766,48,168,135,32,31,8,1,4,18,8,23,31,9,1
2022,"All Division I","Olivia Moon","St. Bonaventure",0.29,0.313,0.379,0.692,44,131,124,3,36,8,0,1,17,0,5,30,0,0
2022,"All Division I","Olivia Patton","Indiana State",0.275,0.309,0.289,0.597,52,151,142,28,39,2,0,0,5,2,5,20,5,2
2022,"All Division I","Olivia Rooney","Cornell",0.339,0.377,0.464,0.841,36,122,112,14,38,8,0,2,20,1,7,16,0,0
2022,"All Division I","Olivia Sappington","Connecticut",0.222,0.306,0.402,0.708,45,134,117,10,26,3,0,6,23,3,12,32,0,0
2022,"All Division I","Olivia Viggiano","Seattle",0.317,0.381,0.339,0.72,56,202,183,36,58,0,2,0,10,1,18,24,10,6
2022,"All Division I","Olyvia Smith","Saint Peter's",0.301,0.326,0.355,0.682,55,195,183,25,55,8,1,0,13,1,6,17,10,1
2022,"All Division I","Paige Clark","UT Martin",0.331,0.414,0.461,0.874,53,208,178,44,59,8,3,3,24,10,15,8,27,1
2022,"All Division I","Paige Cook","Mississippi State",0.322,0.389,0.503,0.892,64,204,177,31,57,8,0,8,42,7,13,12,5,2
2022,"All Division I","Paige Fedak","Hartford",0.186,0.274,0.235,0.509,46,119,102,8,19,5,0,0,7,2,11,18,3,0
2022,"All Division I","Paige Pfent","North Florida",0.329,0.399,0.529,0.928,59,199,170,22,56,11,1,7,41,6,17,21,0,0
2022,"All Division I","Paige Rivas","Winthrop",0.358,0.419,0.395,0.814,53,183,162,28,58,0,3,0,13,1,16,33,25,5
2022,"All Division I","Paige Smith","Ole Miss",0.249,0.338,0.47,0.808,60,211,181,31,45,13,0,9,40,6,20,35,1,0
2022,"All Division I","Paris Woods","Syracuse",0.305,0.359,0.4,0.759,44,110,95,22,29,3,3,0,11,2,6,28,6,3
2022,"All Division I","Pate Cathey","UTEP",0.27,0.305,0.433,0.737,49,154,141,16,38,9,1,4,25,1,7,21,1,1
2022,"All Division I","Payton Hamm","Bowling Green",0.18,0.264,0.297,0.561,47,128,111,10,20,4,0,3,19,1,12,34,0,0
2022,"All Division I","Payton Jackson","Texas Tech",0.336,0.434,0.598,1.033,46,145,122,32,41,11,3,5,21,0,22,31,2,0
2022,"All Division I","Payton Lincavage","Rutgers",0.288,0.393,0.472,0.865,55,195,163,39,47,7,4,5,22,9,19,18,9,1
2022,"All Division I","Payton Minnis","Missouri State",0.237,0.301,0.237,0.538,38,90,76,10,18,0,0,0,4,2,5,20,3,1
2022,"All Division I","Payton Wade","College of Charleston",0.234,0.333,0.336,0.669,50,160,137,5,32,9,1,1,13,10,11,40,0,0
2022,"All Division I","Peyton Allen","Colorado State",0.23,0.346,0.496,0.842,46,160,135,35,31,5,2,9,27,4,20,34,4,0
2022,"All Division I","Peyton Angulo","Loyola Marymount",0.212,0.354,0.404,0.758,44,133,104,12,22,5,0,5,18,7,17,21,0,0
2022,"All Division I","Peyton Blythe","Texas Tech",0.245,0.341,0.415,0.757,47,124,106,16,26,6,0,4,13,1,15,34,8,0
2022,"All Division I","Peyton Darnell","USC Upstate",0.329,0.389,0.658,1.047,58,181,161,16,53,8,0,15,62,1,16,26,0,0
2022,"All Division I","Peyton Daugherty","South Dakota State",0.319,0.36,0.376,0.736,51,152,141,29,45,2,3,0,5,2,7,16,4,1
2022,"All Division I","Peyton Glatter","Nebraska",0.291,0.406,0.463,0.869,53,160,134,17,39,11,0,4,24,7,19,21,1,1
2022,"All Division I","Peyton Moeder","Valparaiso",0.29,0.352,0.31,0.663,47,163,145,26,42,3,0,0,10,4,10,23,10,3
2022,"All Division I","Peyton Rose","Morehead State",0.129,0.283,0.129,0.412,42,115,93,12,12,0,0,0,4,16,4,31,2,1
2022,"All Division I","Peyton Slater","Morehead State",0.227,0.311,0.336,0.647,44,135,119,11,27,7,0,2,12,6,9,15,1,0
2022,"All Division I","Presley Leebrick","Lipscomb",0.321,0.378,0.436,0.814,52,189,165,27,53,14,1,1,26,0,15,17,5,1
2022,"All Division I","Rachael Gregory","IUPUI",0.274,0.369,0.356,0.725,50,169,146,17,40,9,0,1,16,3,19,18,1,1
2022,"All Division I","Racheal McKinney","Alabama A&M",0.299,0.373,0.474,0.847,33,110,97,12,29,8,0,3,19,2,10,16,0,1
2022,"All Division I","Rachel Becker","Purdue",0.429,0.522,0.662,1.184,53,188,154,43,66,15,3,5,17,1,30,16,6,2
2022,"All Division I","Rachel Carney","Colgate",0.198,0.315,0.236,0.55,46,128,106,13,21,4,0,0,5,1,17,26,4,3
2022,"All Division I","Rachel Cid","Oregon",0.252,0.288,0.441,0.73,40,119,111,18,28,7,1,4,13,2,4,23,1,0
2022,"All Division I","Rachel Crabtree","Duke",0.352,0.446,0.628,1.073,55,182,145,33,51,8,1,10,40,12,15,26,1,1
2022,"All Division I","Rachel Hubertus","Fordham",0.287,0.348,0.62,0.967,52,190,171,23,49,3,0,18,44,1,15,18,1,0
2022,"All Division I","Rachel Lewis","Northwestern",0.353,0.495,0.832,1.328,58,221,167,67,59,7,2,23,60,5,45,34,25,3
2022,"All Division I","Rachel Marsden","Saint Francis",0.283,0.359,0.597,0.957,54,181,159,34,45,9,1,13,35,8,12,28,3,0
2022,"All Division I","Rachel Warrens","George Mason",0.282,0.314,0.423,0.737,50,158,142,23,40,11,3,1,26,1,8,18,3,1
2022,"All Division I","Rachel Weber","Omaha",0.271,0.303,0.368,0.671,44,152,144,15,39,12,1,0,26,1,6,48,1,1
2022,"All Division I","Rachel Zingerman","Rhode Island",0.307,0.366,0.414,0.78,45,157,140,20,43,8,2,1,16,0,13,22,10,4
2022,"All Division I","Raegan Cheyne","California Baptist",0.242,0.286,0.242,0.528,45,110,99,18,24,0,0,0,2,1,5,16,7,0
2022,"All Division I","Raleigh Lewis","Charleston Southern",0.348,0.423,0.583,1.006,46,149,132,18,46,10,0,7,31,4,13,22,0,0
2022,"All Division I","Ramsay Lopez","New Mexico State",0.315,0.445,0.705,1.151,51,182,146,40,46,6,0,17,42,5,30,29,1,1
2022,"All Division I","Randi Farricker","NC State",0.229,0.399,0.483,0.882,48,153,118,24,27,6,0,8,22,7,27,46,5,1
2022,"All Division I","Randi McKay","Green Bay",0.224,0.3,0.301,0.601,49,167,143,21,32,6,1,1,17,4,12,36,11,2
2022,"All Division I","Reagan Armour","Chattanooga",0.349,0.371,0.698,1.07,47,138,126,27,44,9,1,11,34,0,5,25,0,1
2022,"All Division I","Reagan Hukill","UT Arlington",0.175,0.246,0.291,0.537,43,120,103,10,18,6,0,2,15,1,9,17,6,3
2022,"All Division I","Rebecca Clark","Presbyterian",0.209,0.241,0.338,0.58,50,147,139,16,29,4,1,4,18,2,4,37,0,0
2022,"All Division I","Rebecca Johnson","Colgate",0.227,0.247,0.227,0.473,37,84,75,8,17,0,0,0,1,0,2,12,3,0
2022,"All Division I","Rebecca Murray","Elon",0.333,0.397,0.525,0.921,52,180,162,30,54,13,3,4,24,1,16,10,26,2
2022,"All Division I","Reed Butler","James Madison",0.195,0.271,0.221,0.491,36,86,77,8,15,2,0,0,8,2,6,19,2,1
2022,"All Division I","Reedy Davenport","FGCU",0.228,0.283,0.386,0.668,48,144,127,16,29,8,0,4,17,1,9,11,1,1
2022,"All Division I","Reese Guevarra","Connecticut",0.333,0.442,0.447,0.889,53,194,159,35,53,7,1,3,36,7,24,15,30,4
2022,"All Division I","Reese Ruhlman","Oakland",0.115,0.258,0.128,0.386,37,95,78,11,9,1,0,0,7,3,12,29,2,0
2022,"All Division I","Regan Dias","Santa Clara",0.198,0.299,0.254,0.553,46,146,126,18,25,2,1,1,11,0,18,15,11,0
2022,"All Division I","Reily Galloway","Western Michigan",0.275,0.315,0.477,0.792,53,165,153,15,42,7,0,8,28,1,9,32,0,0
2022,"All Division I","Renee Abernathy","Kentucky",0.326,0.42,0.701,1.122,56,173,144,38,47,7,1,15,51,4,20,32,5,1
2022,"All Division I","Renee Trotman","Detroit",0.169,0.258,0.253,0.511,33,93,83,5,14,1,0,2,6,0,10,29,0,0
2022,"All Division I","Reyan Tuck","New Mexico",0.243,0.294,0.286,0.58,51,156,140,9,34,6,0,0,14,0,11,29,0,0
2022,"All Division I","Rheanne Lewis","Idaho State",0.371,0.394,0.527,0.921,50,195,186,49,69,11,3,4,22,5,2,19,24,0
2022,"All Division I","Riley Carley","New Mexico State",0.28,0.348,0.52,0.868,47,138,125,15,35,3,0,9,26,2,11,33,0,0
2022,"All Division I","Riley Crum","Niagara",0.198,0.346,0.314,0.66,37,109,86,7,17,1,0,3,11,3,17,26,0,0
2022,"All Division I","Riley Grunberg","UTSA",0.295,0.413,0.53,0.944,48,179,149,29,44,5,0,10,30,1,29,41,1,0
2022,"All Division I","Riley Ludlam","Furman",0.279,0.315,0.491,0.806,54,185,165,28,46,14,0,7,35,0,12,11,1,0
2022,"All Division I","Riley Plogger","Northern Colorado",0.363,0.423,0.52,0.943,51,194,171,38,62,9,3,4,19,2,18,12,5,1
2022,"All Division I","Riley Riendeau","Monmouth",0.172,0.219,0.212,0.431,44,110,99,8,17,4,0,0,9,0,6,37,1,0
2022,"All Division I","Roxsanna Segura","Southern",0.286,0.393,0.398,0.791,45,122,98,15,28,6,1,1,18,2,16,20,8,4
2022,"All Division I","Ryan Henry","Villanova",0.262,0.306,0.469,0.775,55,157,145,13,38,7,1,7,22,3,7,36,1,0
2022,"All Division I","Ryan Milkowski","Valparaiso",0.216,0.302,0.369,0.671,45,127,111,11,24,6,1,3,18,5,9,26,1,0
2022,"All Division I","Rylea Smith","Kentucky",0.31,0.348,0.341,0.689,50,143,129,26,40,4,0,0,10,0,8,16,2,3
2022,"All Division I","Rylee Platusic","Purdue",0.259,0.305,0.383,0.688,55,181,162,20,42,7,2,3,26,1,11,40,2,2
2022,"All Division I","Ryleigh Bermea","Long Island",0.316,0.403,0.474,0.877,53,183,152,28,48,12,0,4,31,4,21,19,5,1
2022,"All Division I","Rylie Boone","Oklahoma",0.408,0.439,0.512,0.951,59,134,125,43,51,5,1,2,27,1,6,7,4,3
2022,"All Division I","Sabrina Kerschner","Kent State",0.243,0.331,0.32,0.651,41,122,103,14,25,8,0,0,4,3,11,24,1,0
2022,"All Division I","Sabrina Vargas","Siena",0.294,0.386,0.346,0.732,55,165,136,24,40,1,0,2,21,10,11,14,5,2
2022,"All Division I","Sadie Wise","Saint Louis",0.346,0.436,0.529,0.965,51,179,153,25,53,14,1,4,31,0,25,39,4,0
2022,"All Division I","Sam Alm","Creighton",0.25,0.312,0.339,0.651,42,145,124,18,31,5,0,2,23,4,9,21,4,0
2022,"All Division I","Sam Fontaine","Campbell",0.194,0.233,0.29,0.523,47,139,124,10,24,3,0,3,12,1,6,32,1,0
2022,"All Division I","Sam Freeland","Marist",0.306,0.358,0.344,0.701,53,180,160,23,49,2,2,0,18,2,13,30,10,1
2022,"All Division I","Sam Goodcase","Yale",0.379,0.443,0.54,0.984,31,100,87,16,33,5,0,3,9,3,7,12,0,1
2022,"All Division I","Sam Hackenbracht","Ohio State",0.375,0.437,0.75,1.187,53,183,160,33,60,12,0,16,52,3,17,34,3,1
2022,"All Division I","Sam Mallinder","Northern Illinois",0.325,0.368,0.558,0.927,40,137,120,23,39,7,0,7,28,0,10,14,3,1
2022,"All Division I","Sam Russ","Clemson",0.274,0.382,0.423,0.805,59,199,168,30,46,6,5,3,14,7,23,22,29,0
2022,"All Division I","Sam Sack","NC State",0.278,0.411,0.557,0.967,47,147,115,16,32,2,0,10,29,10,18,25,1,0
2022,"All Division I","Samantha Diaz","UNLV",0.231,0.299,0.419,0.718,58,181,160,26,37,8,2,6,23,3,13,39,0,0
2022,"All Division I","Samantha Lagrama","UNC Greensboro",0.286,0.401,0.597,0.998,48,144,119,18,34,4,0,11,31,0,23,22,0,0
2022,"All Division I","Samantha Martinez","CSU Bakersfield",0.187,0.281,0.262,0.543,45,125,107,6,20,5,0,1,5,0,14,29,0,0
2022,"All Division I","Samantha Mills","Central Michigan",0.198,0.252,0.262,0.514,53,139,126,13,25,5,0,1,11,2,7,31,0,0
2022,"All Division I","Samantha Nagel","Hartford",0.238,0.243,0.307,0.55,37,104,101,5,24,7,0,0,9,0,1,15,0,1
2022,"All Division I","Samantha Parish","Sacramento State",0.269,0.298,0.368,0.667,55,192,171,29,46,9,1,2,12,1,7,18,1,0
2022,"All Division I","Samantha Reele","Western Carolina",0.218,0.279,0.355,0.634,47,137,124,14,27,8,0,3,11,3,8,24,4,0
2022,"All Division I","Samantha Smith","Bradley",0.31,0.366,0.487,0.853,52,175,158,35,49,16,0,4,31,6,9,25,1,1
2022,"All Division I","Samaria Jackson","Arkansas-Pine Bluff",0.377,0.419,0.736,1.155,40,117,106,23,40,5,3,9,21,0,9,17,1,0
2022,"All Division I","Sami Reynolds","Washington",0.32,0.389,0.497,0.885,50,177,153,44,49,12,0,5,23,3,16,22,11,0
2022,"All Division I","Sami Villarreal","Rhode Island",0.244,0.333,0.323,0.656,45,155,127,12,31,7,0,1,11,0,18,18,3,1
2022,"All Division I","Sammi Miller","Eastern Kentucky",0.336,0.481,0.429,0.909,49,183,140,28,47,5,1,2,14,10,30,15,22,3
2022,"All Division I","Sammy Moss","Northern Iowa",0.279,0.352,0.361,0.712,45,165,147,19,41,6,0,2,16,3,14,11,3,2
2022,"All Division I","Sammy Needham","Santa Clara",0.287,0.384,0.388,0.772,49,157,129,11,37,6,2,1,25,6,15,41,2,0
2022,"All Division I","Samyah Richardson","Hampton",0.165,0.303,0.198,0.502,50,148,121,17,20,4,0,0,11,0,24,40,10,4
2022,"All Division I","Sandrea Hord","Delaware State",0.226,0.356,0.286,0.642,34,102,84,9,19,3,1,0,4,11,6,11,4,0
2022,"All Division I","Sara Berthiaume","Florida Atlantic",0.384,0.429,0.604,1.032,55,182,164,33,63,10,7,4,34,4,11,17,11,3
2022,"All Division I","Sara Jubas","North Carolina",0.357,0.471,0.543,1.014,50,172,140,32,50,17,0,3,37,7,24,8,3,1
2022,"All Division I","Sara Mosley","Georgia",0.418,0.473,0.764,1.237,57,206,182,51,76,12,0,17,53,1,20,11,1,1
2022,"All Division I","Sara Olson","Long Beach State",0.29,0.352,0.352,0.704,49,164,145,30,42,5,2,0,20,4,10,19,12,3
2022,"All Division I","Sara Vanderford","Texas State",0.306,0.413,0.518,0.931,57,205,170,34,52,15,0,7,38,2,29,25,8,2
2022,"All Division I","Sarah Baluch","Bucknell",0.152,0.204,0.162,0.365,39,115,105,4,16,1,0,0,4,2,5,30,0,0
2022,"All Division I","Sarah Clinton","Drexel",0.274,0.38,0.459,0.838,46,189,157,43,43,6,4,5,34,4,24,30,14,1
2022,"All Division I","Sarah Ellersick","Santa Clara",0.241,0.305,0.267,0.573,47,135,116,6,28,3,0,0,15,6,6,16,1,0
2022,"All Division I","Sarah Genz","Notre Dame",0.312,0.354,0.377,0.73,40,83,77,10,24,5,0,0,11,0,5,3,3,0
2022,"All Division I","Sarah Gonzalez","Bowling Green",0.207,0.265,0.319,0.584,53,152,135,18,28,3,0,4,14,1,10,42,3,1
2022,"All Division I","Sarah McKeveny","Bryant",0.299,0.357,0.368,0.725,32,99,87,6,26,3,0,1,13,1,8,22,0,0
2022,"All Division I","Sarah Price","USC Upstate",0.273,0.34,0.339,0.679,58,208,183,40,50,9,0,1,26,1,18,12,37,3
2022,"All Division I","Sarah Schneider","Penn",0.315,0.418,0.662,1.08,42,153,130,34,41,12,0,11,27,1,22,13,11,1
2022,"All Division I","Sarah Seamans","Pittsburgh",0.257,0.319,0.44,0.76,38,123,109,12,28,6,1,4,19,0,10,23,4,3
2022,"All Division I","Sarah Starks","UC Davis",0.242,0.349,0.43,0.778,52,178,149,21,36,7,3,5,19,3,22,16,3,2
2022,"All Division I","Sarah Taffet","Fordham",0.192,0.248,0.346,0.594,43,117,104,10,20,3,2,3,13,1,7,24,1,0
2022,"All Division I","Savaanah Garcia","Drexel",0.244,0.289,0.353,0.642,42,132,119,15,29,5,1,2,13,2,6,20,1,0
2022,"All Division I","Savana Sikes","Georgia",0.285,0.363,0.411,0.774,57,184,158,33,45,12,1,2,17,4,17,12,6,0
2022,"All Division I","Savannah Behabetz","Incarnate Word",0.352,0.385,0.389,0.774,41,123,108,21,38,2,1,0,9,0,7,16,7,2
2022,"All Division I","Savannah Channell","North Florida",0.252,0.412,0.402,0.814,56,171,127,27,32,10,0,3,23,2,34,14,0,2
2022,"All Division I","Savannah Favre","UTEP",0.258,0.333,0.292,0.625,43,101,89,11,23,1,1,0,6,0,10,17,12,1
2022,"All Division I","Savannah Jones","Georgetown",0.291,0.362,0.515,0.877,43,157,134,32,39,6,0,8,22,5,11,24,3,1
2022,"All Division I","Savannah Rice","Western Carolina",0.257,0.296,0.55,0.846,40,116,109,17,28,5,0,9,25,0,6,19,1,1
2022,"All Division I","Savannah Rodriguez","Western Illinois",0.26,0.351,0.38,0.731,38,114,100,7,26,6,0,2,8,3,11,25,0,0
2022,"All Division I","Savannah Tourville","Grand Canyon",0.255,0.378,0.412,0.79,43,127,102,10,26,10,0,2,15,12,10,9,1,0
2022,"All Division I","SeaEnna Satcher","Charleston Southern",0.261,0.299,0.436,0.735,55,175,165,18,43,9,1,6,33,8,1,18,1,1
2022,"All Division I","Seneca Curo","UCLA",0.253,0.333,0.333,0.667,46,117,99,17,25,5,0,1,23,5,8,17,2,0
2022,"All Division I","Serena Fogg","Quinnipiac",0.25,0.352,0.382,0.734,31,89,76,10,19,4,0,2,9,4,8,19,2,1
2022,"All Division I","Serena Huchingson","Boise State",0.283,0.372,0.509,0.881,44,122,106,32,30,5,2,5,20,5,10,23,3,0
2022,"All Division I","Serena Starks","Princeton",0.355,0.381,0.434,0.815,45,164,152,27,54,9,0,1,27,1,6,13,7,4
2022,"All Division I","Shannon Carr","Oakland",0.198,0.344,0.236,0.579,43,134,106,9,21,4,0,0,10,9,15,18,1,0
2022,"All Division I","Shannon Doherty","UCF",0.306,0.459,0.497,0.957,63,224,173,39,53,10,1,7,36,17,32,27,11,0
2022,"All Division I","Shannon Glover","North Florida",0.337,0.359,0.533,0.892,59,196,184,37,62,7,1,9,38,3,5,16,4,0
2022,"All Division I","Shannon Stein","Central Michigan",0.364,0.419,0.775,1.193,52,192,173,38,63,20,0,17,47,1,16,17,0,0
2022,"All Division I","Sharlize Palacios","Arizona",0.326,0.441,0.709,1.151,61,213,172,46,56,4,1,20,64,2,36,33,0,0
2022,"All Division I","Shayna Myshrall","Niagara",0.194,0.252,0.252,0.505,39,117,103,6,20,1,1,1,10,3,6,22,3,0
2022,"All Division I","Shea Walsh","Marist",0.343,0.412,0.492,0.903,55,204,181,45,62,13,1,4,18,9,13,13,11,3
2022,"All Division I","Shelbi Sunseri","LSU",0.267,0.385,0.616,1.002,52,181,146,24,39,6,0,15,41,2,28,24,0,0
2022,"All Division I","Shelby Barfield","Georgia Southern",0.216,0.289,0.239,0.527,38,97,88,10,19,2,0,0,6,1,8,15,3,0
2022,"All Division I","Shelby Echols","Houston Christian",0.442,0.488,0.558,1.047,45,170,154,32,68,9,3,1,14,1,13,12,6,3
2022,"All Division I","Shelby Gayre","Kansas",0.262,0.359,0.484,0.843,46,146,126,19,33,7,0,7,21,5,14,38,0,0
2022,"All Division I","Shelby Penning","Tennessee Tech",0.228,0.288,0.474,0.762,49,129,114,19,26,2,1,8,17,1,9,24,8,1
2022,"All Division I","Shelby Smith","Seton Hall",0.311,0.436,0.571,1.008,41,149,119,16,37,8,1,7,24,2,26,24,0,0
2022,"All Division I","Sheridan Fisher","Sam Houston State",0.233,0.338,0.276,0.615,53,200,163,24,38,7,0,0,14,15,13,7,2,1
2022,"All Division I","Shyanne Sheffield","UT Martin",0.348,0.419,0.464,0.883,48,159,138,41,48,5,1,3,28,1,16,27,8,0
2022,"All Division I","Sidney Sikes","Southern Illinois",0.208,0.41,0.3,0.71,47,169,120,11,25,5,0,2,28,23,20,12,0,0
2022,"All Division I","Sidney Wagnon","Jacksonville State",0.25,0.352,0.279,0.63,51,169,140,18,35,4,0,0,11,1,21,15,5,0
2022,"All Division I","Sierra Frazier","UAB",0.331,0.418,0.597,1.015,49,165,139,22,46,10,3,7,48,9,14,10,0,0
2022,"All Division I","Sierra Gilmore","Murray State",0.314,0.393,0.537,0.93,59,206,175,38,55,15,0,8,38,1,25,17,4,0
2022,"All Division I","Sierra Lange","George Washington",0.333,0.431,0.512,0.943,53,202,168,49,56,12,3,4,23,6,25,5,19,3
2022,"All Division I","Sierra Pierce","UMBC",0.331,0.353,0.474,0.826,42,140,133,16,44,10,0,3,20,1,4,6,12,1
2022,"All Division I","Skylar Coberley","Central Michigan",0.263,0.35,0.385,0.735,53,180,156,23,41,7,0,4,26,1,20,46,1,0
2022,"All Division I","Skylar Padgett","North Dakota State",0.236,0.304,0.35,0.654,49,141,123,28,29,8,0,2,15,3,10,31,1,0
2022,"All Division I","Skylar Wallace","Florida",0.386,0.542,0.636,1.177,68,253,184,79,71,12,5,8,53,16,50,32,52,4
2022,"All Division I","Skyler Ramos","Iowa State",0.204,0.342,0.327,0.668,47,120,98,19,20,4,1,2,16,2,19,26,9,0
2022,"All Division I","Skyler Rapuano","Rhode Island",0.271,0.351,0.331,0.681,41,137,118,18,32,3,2,0,10,1,14,31,7,3
2022,"All Division I","Skyler Shellmyer","Northwestern",0.348,0.418,0.408,0.826,58,226,201,58,70,9,0,1,8,1,23,30,22,4
2022,"All Division I","Skylor Hilger","DePaul",0.245,0.305,0.264,0.569,50,178,163,31,40,3,0,0,11,1,13,21,10,2
2022,"All Division I","Sommer Baker","Florida Atlantic",0.183,0.315,0.321,0.636,54,133,109,18,20,1,4,2,9,7,14,34,9,0
2022,"All Division I","Sommer Kisling","UC Davis",0.255,0.328,0.273,0.601,52,190,165,22,42,1,1,0,10,2,16,11,1,1
2022,"All Division I","Sona Halajian","California",0.35,0.429,0.637,1.066,55,184,157,27,55,6,0,13,43,3,21,30,5,1
2022,"All Division I","Sophia Pappas","Binghamton",0.217,0.26,0.383,0.642,44,127,115,8,25,8,1,3,16,5,3,25,1,0
2022,"All Division I","Sophia Recrosio","Canisius",0.305,0.346,0.398,0.744,46,138,128,23,39,10,1,0,17,0,8,10,4,2
2022,"All Division I","Sophie Mooney","Georgia State",0.284,0.348,0.446,0.794,51,165,148,24,42,12,0,4,24,6,9,23,11,3
2022,"All Division I","Sophie Weber","Bowling Green",0.255,0.292,0.321,0.613,47,114,106,3,27,4,0,1,18,2,4,18,1,0
2022,"All Division I","Sophie Wools","East Carolina",0.236,0.315,0.418,0.733,52,124,110,11,26,2,0,6,19,1,12,30,2,0
2022,"All Division I","Stacy Payton","Charlotte",0.31,0.45,0.538,0.988,57,200,158,26,49,13,1,7,30,9,32,11,1,0
2022,"All Division I","Stavi Augur","Monmouth",0.291,0.361,0.417,0.778,49,169,151,20,44,10,0,3,21,5,12,12,4,1
2022,"All Division I","Steffany Dickerson","Missouri State",0.272,0.38,0.446,0.825,39,108,92,9,25,4,0,4,18,2,14,26,1,0
2022,"All Division I","Steph Jacoby","Colgate",0.252,0.304,0.472,0.775,47,135,123,14,31,10,1,5,34,5,5,19,0,0
2022,"All Division I","Stephanie Reed","Grand Canyon",0.307,0.369,0.466,0.835,55,186,163,34,50,14,3,2,30,10,6,16,15,3
2022,"All Division I","Sydnee Hebert","Stephen F. Austin",0.314,0.476,0.621,1.097,54,185,140,29,44,7,0,12,34,2,42,38,0,0
2022,"All Division I","Sydnee Huff","Stanford",0.312,0.382,0.446,0.828,60,208,186,35,58,10,6,1,19,5,16,21,3,0
2022,"All Division I","Sydney Bajusz","Cleveland State",0.286,0.346,0.398,0.744,38,109,98,15,28,6,1,1,14,2,7,17,8,0
2022,"All Division I","Sydney Guess","Longwood",0.255,0.33,0.357,0.687,44,109,98,11,25,4,0,2,13,1,10,14,1,0
2022,"All Division I","Sydney Gutierrez","Ole Miss",0.27,0.388,0.382,0.77,57,186,152,19,41,10,2,1,31,8,22,24,1,0
2022,"All Division I","Sydney Hayes","Villanova",0.178,0.248,0.246,0.494,53,132,118,19,21,5,0,1,6,4,7,42,3,2
2022,"All Division I","Sydney Hoyt","Texas A&M-Corpus Christi",0.285,0.447,0.377,0.824,49,170,130,22,37,6,0,2,26,0,39,30,3,0
2022,"All Division I","Sydney Jacobsen","Longwood",0.306,0.335,0.513,0.848,55,170,160,26,49,7,1,8,27,5,3,23,1,0
2022,"All Division I","Sydney Kuma","Georgia",0.333,0.443,0.661,1.104,60,206,168,55,56,11,1,14,42,9,25,43,10,3
2022,"All Division I","Sydney Love-Baker","Tennessee Tech",0.257,0.409,0.472,0.881,54,190,144,33,37,6,2,7,34,4,33,28,2,0
2022,"All Division I","Sydney McKinney","Wichita State",0.522,0.566,0.849,1.415,51,205,186,69,97,12,5,13,38,3,16,14,12,3
2022,"All Division I","Sydney Nichols","Kansas City",0.126,0.191,0.235,0.426,44,133,119,11,15,1,0,4,15,2,8,40,0,0
2022,"All Division I","Sydney Pennington","Oklahoma State",0.329,0.402,0.545,0.947,62,189,167,33,55,4,1,10,44,1,20,29,3,1
2022,"All Division I","Sydney Ross","Omaha",0.229,0.387,0.375,0.762,41,125,96,25,22,5,0,3,12,13,13,23,15,0
2022,"All Division I","Sydney Sherrill","Florida State",0.321,0.484,0.586,1.07,61,217,162,49,52,16,0,9,41,2,51,18,11,0
2022,"All Division I","Sydney Steele","Stanford",0.221,0.288,0.336,0.623,59,154,140,23,31,7,0,3,20,2,11,20,5,1
2022,"All Division I","Sydney Strelow","Minnesota",0.225,0.368,0.435,0.803,54,174,138,23,31,6,1,7,25,7,25,31,1,0
2022,"All Division I","Sydney Wesley","Mississippi Valley",0.225,0.303,0.288,0.591,32,90,80,7,18,2,0,1,8,0,9,8,3,1
2022,"All Division I","Sydney Yoder","East Carolina",0.292,0.353,0.467,0.82,49,133,120,23,35,3,3,4,31,2,10,27,4,0
2022,"All Division I","Tara McElligott","Illinois-Chicago",0.319,0.47,0.629,1.1,43,151,116,23,37,10,1,8,23,16,18,21,4,0
2022,"All Division I","Taryn Peru","Detroit",0.289,0.354,0.421,0.775,42,129,114,11,33,3,0,4,17,2,10,23,0,0
2022,"All Division I","Tate Whitley","Ole Miss",0.387,0.441,0.432,0.873,60,226,199,51,77,5,2,0,24,0,20,25,9,2
2022,"All Division I","Tatum Anzaldo","California",0.383,0.425,0.508,0.933,56,209,193,35,74,10,1,4,24,1,13,19,9,3
2022,"All Division I","Tatum Biddle","Northern Kentucky",0.222,0.291,0.361,0.652,52,159,144,15,32,6,4,2,15,3,11,54,2,0
2022,"All Division I","Taudrea Sinnie","East Carolina",0.283,0.339,0.345,0.684,44,127,113,19,32,7,0,0,4,0,10,14,11,2
2022,"All Division I","Tayla Evans","North Texas",0.278,0.426,0.604,1.03,53,185,144,35,40,10,2,11,31,6,32,35,4,1
2022,"All Division I","Taylei Williams","BYU",0.394,0.442,0.646,1.088,45,144,127,40,50,13,2,5,26,0,11,7,17,1
2022,"All Division I","Tayli Filla","FGCU",0.303,0.341,0.471,0.812,47,131,119,11,36,4,2,4,13,0,7,32,6,0
2022,"All Division I","Taylor Adams","San Diego State",0.336,0.42,0.52,0.94,48,148,125,23,42,6,1,5,23,2,16,16,8,2
2022,"All Division I","Taylor Bump","Michigan",0.231,0.371,0.434,0.805,52,179,143,14,33,9,1,6,30,2,30,30,0,0
2022,"All Division I","Taylor Cates","Kennesaw State",0.389,0.433,0.847,1.28,51,179,157,40,61,15,0,19,48,2,14,23,11,2
2022,"All Division I","Taylor Dadig","George Mason",0.398,0.429,0.44,0.868,50,180,166,35,66,5,1,0,19,1,8,12,18,3
2022,"All Division I","Taylor Davis","Western Kentucky",0.397,0.447,0.436,0.883,51,181,156,42,62,4,1,0,19,2,12,6,20,5
2022,"All Division I","Taylor Ellsworth","Arkansas",0.341,0.465,0.665,1.13,59,215,173,51,59,14,0,14,53,10,30,16,0,0
2022,"All Division I","Taylor Fawcett","Rutgers",0.277,0.331,0.453,0.784,50,151,137,18,38,12,0,4,26,2,10,31,4,1
2022,"All Division I","Taylor Gauthier","Detroit",0.271,0.333,0.292,0.625,33,106,96,10,26,2,0,0,1,1,8,8,4,1
2022,"All Division I","Taylor Gindlesperger","Stanford",0.341,0.377,0.481,0.858,56,201,185,33,63,11,6,1,25,1,11,20,14,3
2022,"All Division I","Taylor Greene","North Carolina",0.286,0.412,0.571,0.984,51,167,133,16,38,12,1,8,32,9,21,26,0,0
2022,"All Division I","Taylor Herschbach","Valparaiso",0.27,0.328,0.325,0.654,45,140,126,21,34,5,1,0,11,1,10,19,13,0
2022,"All Division I","Taylor Hogan","Northern Iowa",0.325,0.398,0.553,0.951,42,132,114,26,37,10,2,4,23,0,14,17,7,3
2022,"All Division I","Taylor Johnson","NC State",0.218,0.333,0.462,0.796,52,145,119,25,26,2,0,9,23,6,16,46,1,2
2022,"All Division I","Taylor Marinelli","Saint Joseph's",0.241,0.338,0.361,0.699,46,155,133,16,32,7,0,3,20,3,17,35,2,0
2022,"All Division I","Taylor Okada","Maryland",0.329,0.39,0.36,0.75,52,179,161,20,53,3,1,0,22,3,13,9,8,0
2022,"All Division I","Taylor Pack","Ohio State",0.231,0.34,0.385,0.724,42,112,91,11,21,3,1,3,8,2,13,10,3,0
2022,"All Division I","Taylor Pleasants","LSU",0.295,0.391,0.597,0.988,57,211,176,39,52,15,1,12,48,6,23,21,3,0
2022,"All Division I","Taylor Rhea","Morehead State",0.21,0.264,0.259,0.524,34,89,81,5,17,1,0,1,7,0,6,20,0,1
2022,"All Division I","Taylor Roby","Louisville",0.261,0.382,0.592,0.975,52,191,157,27,41,7,0,15,45,4,28,39,0,0
2022,"All Division I","Taylor Sanders","Western Kentucky",0.347,0.427,0.653,1.08,50,173,144,35,50,11,0,11,54,4,19,28,5,1
2022,"All Division I","Taylor Tonoian","Valparaiso",0.167,0.205,0.226,0.431,38,89,84,10,14,5,0,0,6,1,3,12,0,0
2022,"All Division I","Teah Thies","UC Santa Barbara",0.226,0.28,0.328,0.608,50,150,137,19,31,3,1,3,24,5,6,21,2,0
2022,"All Division I","Teanna Lucio","Incarnate Word",0.241,0.283,0.292,0.575,46,146,137,21,33,3,2,0,12,0,8,19,9,0
2022,"All Division I","Tevanae Tate","Texas Southern",0.327,0.459,0.701,1.16,44,134,107,28,35,5,1,11,32,3,23,29,1,1
2022,"All Division I","Tiera Washington","Hampton",0.189,0.279,0.214,0.493,55,182,159,22,30,4,0,0,8,1,19,17,5,2
2022,"All Division I","Tierrah Williams","Texas Southern",0.263,0.321,0.4,0.721,37,110,95,19,25,5,1,2,22,3,7,14,1,0
2022,"All Division I","Tiffany Domingue","USC Upstate",0.365,0.428,0.593,1.021,56,189,167,46,61,10,2,8,43,2,17,16,8,0
2022,"All Division I","Tiffany Giese","Green Bay",0.366,0.433,0.429,0.862,50,185,161,36,59,8,1,0,15,2,17,25,25,2
2022,"All Division I","Tiffany Stevens","Akron",0.223,0.258,0.295,0.553,43,125,112,6,25,3,1,1,20,4,3,24,0,0
2022,"All Division I","Timberlyn Shurbutt","Samford",0.278,0.366,0.494,0.859,53,186,162,28,45,12,1,7,41,1,22,16,5,1
2022,"All Division I","TJ Webster","Western Kentucky",0.276,0.298,0.288,0.587,51,167,156,29,43,2,0,0,9,0,5,22,20,1
2022,"All Division I","Toni Camarillo","Bryant",0.304,0.37,0.348,0.718,37,130,115,20,35,5,0,0,13,2,10,7,10,1
2022,"All Division I","Toni Perrin","McNeese",0.256,0.367,0.359,0.726,55,142,117,29,30,4,1,2,16,7,14,22,20,4
2022,"All Division I","Tori Gilbert","Virginia",0.266,0.348,0.584,0.933,54,178,154,35,41,11,1,12,27,3,18,43,10,2
2022,"All Division I","Tori Meyer","DePaul",0.339,0.391,0.539,0.93,53,179,165,35,56,12,3,5,34,6,8,37,7,0
2022,"All Division I","Tori Mueller","UMass Lowell",0.295,0.35,0.341,0.691,48,144,129,18,38,4,1,0,6,0,11,19,6,2
2022,"All Division I","Tricia Awald","Georgia Tech",0.393,0.568,0.703,1.272,56,213,145,28,57,16,1,9,43,12,52,30,1,0
2022,"All Division I","Trinity Spear","Morehead State",0.189,0.22,0.295,0.515,41,102,95,16,18,2,4,0,7,0,4,28,8,1
2022,"All Division I","Tuli Iosefa","Norfolk State",0.372,0.488,0.682,1.17,48,160,129,26,48,7,0,11,46,5,25,20,0,0
2022,"All Division I","Tylar Vernon","Central Arkansas",0.193,0.276,0.336,0.612,47,137,119,19,23,3,1,4,12,1,13,38,0,0
2022,"All Division I","Tyler Armistead","UAB",0.306,0.39,0.374,0.764,49,173,147,31,45,5,1,1,11,4,18,16,7,0
2022,"All Division I","Tyler Goldstein","UC Santa Barbara",0.303,0.343,0.386,0.729,54,147,132,8,40,6,1,1,16,2,7,16,1,0
2022,"All Division I","Tytianna Robinson","Grambling",0.253,0.313,0.33,0.643,36,99,91,11,23,5,1,0,11,2,6,12,4,0
2022,"All Division I","Val Pero","Loyola Marymount",0.294,0.375,0.413,0.788,45,150,126,15,37,9,0,2,29,3,14,24,0,0
2022,"All Division I","Valerie Cagle","Clemson",0.308,0.371,0.584,0.955,59,206,185,34,57,10,1,13,44,2,17,39,0,1
2022,"All Division I","Vallery Wong","Oregon",0.275,0.325,0.588,0.913,41,116,102,19,28,2,0,10,29,2,7,21,1,1
2022,"All Division I","Vanessa Martin","Mount St. Mary's",0.25,0.32,0.348,0.668,45,128,112,19,28,5,0,2,9,1,11,28,11,2
2022,"All Division I","Venessa Gallegos","Florida International",0.255,0.375,0.358,0.733,45,128,106,20,27,5,0,2,19,1,20,14,4,1
2022,"All Division I","Victoria Ortiz","South Alabama",0.314,0.415,0.744,1.159,43,142,121,28,38,12,2,12,33,6,15,23,3,2
2022,"All Division I","Victoria Rodebaugh","Jacksonville",0.305,0.461,0.458,0.918,45,153,118,23,36,6,0,4,20,14,20,19,3,1
2022,"All Division I","Vivian Ponn","USF",0.267,0.365,0.452,0.817,55,156,135,19,36,8,1,5,24,5,16,24,0,0
2022,"All Division I","Willa Ferrer","Yale",0.227,0.32,0.364,0.684,30,79,66,9,15,2,2,1,9,2,7,21,1,0
2022,"All Division I","Wylie Glover","Wichita State",0.276,0.322,0.419,0.741,41,116,105,26,29,6,0,3,13,1,7,15,1,0
2022,"All Division I","Xiara Diaz","Cal Poly",0.261,0.338,0.291,0.629,48,152,134,13,35,4,0,0,11,10,6,17,7,3
2022,"All Division I","Xzarria Simmons","Howard",0.295,0.394,0.324,0.718,43,129,105,25,31,3,0,0,14,1,18,13,4,1
2022,"All Division I","Yannira Acuña","Arizona State",0.43,0.562,0.852,1.415,54,202,149,63,64,19,1,14,43,20,29,18,5,0
2022,"All Division I","Yazmine Romero","Youngstown State",0.362,0.402,0.403,0.805,56,210,196,32,71,6,1,0,18,0,13,22,12,2
2022,"All Division I","Yrral Davis","Norfolk State",0.298,0.407,0.43,0.836,53,151,121,21,36,9,2,1,28,10,15,13,11,1
2022,"All Division I","Yvonne Whaley","Pittsburgh",0.344,0.387,0.42,0.807,41,143,131,21,45,4,0,2,5,0,10,11,8,2
2022,"All Division I","Zoe Jones","Wichita State",0.324,0.404,0.659,1.063,52,193,170,52,55,12,0,15,51,6,17,30,2,0
2022,"All Division I","Zoey Keyes","Jackson State",0.19,0.317,0.207,0.524,46,151,121,18,23,2,0,0,16,7,16,18,3,0
2022,"All Division I","Alexa Schultz","San Diego State",0.251,0.339,0.353,0.692,54,194,167,33,42,8,0,3,32,6,17,30,13,2
2022,"All Division I","Alexis Lemus","Cal State Northridge",0.222,0.331,0.333,0.665,51,184,153,24,34,9,1,2,21,11,14,23,0,0
2022,"All Division I","Ami Ill","Western Illinois",0.286,0.347,0.331,0.678,45,147,133,15,38,0,3,0,5,2,11,14,6,3
2022,"All Division I","Becca Schulte","Houston",0.294,0.405,0.643,1.048,53,175,143,40,42,9,1,13,45,1,27,32,9,2
2022,"All Division I","Cammy Pereira","Clemson",0.287,0.361,0.431,0.792,59,204,181,34,52,7,2,5,27,8,13,38,1,4
2022,"All Division I","Carmyn Greenwood","Louisville",0.391,0.449,0.793,1.242,51,191,169,51,66,18,7,12,52,0,18,35,6,0
2022,"All Division I","Carson Shaner","NC State",0.23,0.282,0.558,0.84,46,127,113,17,26,4,0,11,22,2,7,49,0,0
2022,"All Division I","Casidy Chaumont","Missouri",0.282,0.329,0.5,0.829,52,153,142,32,40,11,1,6,22,1,9,37,0,2
2022,"All Division I","Chandley Garner","East Carolina",0.213,0.3,0.36,0.66,51,170,150,26,32,5,1,5,21,4,15,47,8,3
2022,"All Division I","Danielle Romanello","San Diego State",0.259,0.352,0.42,0.771,51,166,143,15,37,6,1,5,26,4,17,25,2,0
2022,"All Division I","Daryn Haslam","Texas Southern",0.284,0.415,0.404,0.818,43,137,109,13,31,4,0,3,30,0,25,19,1,0
2022,"All Division I","Delanie Wisz","UCLA",0.402,0.505,0.762,1.267,61,205,164,44,66,9,1,16,63,6,31,20,1,1
2022,"All Division I","Desiree Bumpers","Arkansas-Pine Bluff",0.217,0.255,0.272,0.527,41,100,92,12,20,3,1,0,5,0,5,23,0,0
2022,"All Division I","Emily Estroff","FGCU",0.279,0.318,0.352,0.67,46,129,122,13,34,4,1,1,12,0,7,22,1,1
2022,"All Division I","Georgia Blair","Loyola Marymount",0.37,0.446,0.593,1.038,50,161,135,20,50,12,0,6,32,2,18,26,3,0
2022,"All Division I","Georgia Land","North Alabama",0.309,0.38,0.66,1.04,57,191,162,30,50,3,0,18,53,0,21,19,0,0
2022,"All Division I","Grace Chelemen","Marshall",0.296,0.34,0.387,0.727,46,157,142,24,42,8,1,1,18,0,10,20,8,0
2022,"All Division I","Gracie Osbron","Murray State",0.351,0.436,0.625,1.061,58,195,168,38,59,15,2,9,40,5,21,23,7,2
2022,"All Division I","Hayley Busby","Oklahoma State",0.24,0.319,0.384,0.703,53,142,125,17,30,3,0,5,19,1,14,22,2,1
2022,"All Division I","Hope Hernandez","FGCU",0.201,0.236,0.259,0.495,49,151,139,12,28,6,1,0,12,1,6,11,4,1
2022,"All Division I","Justene Molina","UCF",0.284,0.406,0.426,0.831,59,174,141,30,40,7,2,3,28,2,27,14,8,2
2022,"All Division I","Kassidy Krupit","South Carolina",0.243,0.331,0.272,0.602,47,118,103,5,25,3,0,0,11,5,9,22,0,0
2022,"All Division I","Kayla Boseman","James Madison",0.253,0.394,0.518,0.912,40,104,83,17,21,1,0,7,16,7,13,23,2,0
2022,"All Division I","Kelsey Brown","Virginia Tech",0.295,0.323,0.393,0.716,47,127,122,21,36,1,4,1,12,1,4,10,13,3
2022,"All Division I","Kennedi Sorensen","Cal State Northridge",0.221,0.344,0.37,0.714,54,183,154,11,34,6,1,5,28,9,20,31,1,0
2022,"All Division I","Kennedy Johnson","UL Monroe",0.342,0.406,0.514,0.92,51,165,146,23,50,14,1,3,31,6,11,16,9,1
2022,"All Division I","Kylie George","Texas State",0.311,0.383,0.341,0.723,51,151,132,28,41,4,0,0,10,0,16,28,14,3
2022,"All Division I","Kylie Norwood","Tulsa",0.31,0.394,0.449,0.844,49,180,158,24,49,11,1,3,20,3,19,25,2,1
2022,"All Division I","Kyra Snyder","Long Beach State",0.294,0.358,0.346,0.703,48,152,136,15,40,4,0,1,18,3,11,29,0,0
2022,"All Division I","Love Drumgole","Albany",0.281,0.367,0.333,0.7,40,110,96,17,27,2,0,1,12,2,11,25,12,2
2022,"All Division I","MacKenzie Meech","Michigan State",0.243,0.292,0.36,0.652,49,122,111,11,27,10,0,1,12,0,8,13,2,1
2022,"All Division I","Madison Carr","Utah Valley",0.453,0.484,0.464,0.948,51,200,181,48,82,2,0,0,13,1,10,18,27,1
2022,"All Division I","Makinzy Herzog","Texas A&M",0.248,0.341,0.395,0.736,56,182,157,28,39,8,0,5,31,0,23,34,11,1
2022,"All Division I","MeKenzie Saban","Saint Francis",0.427,0.495,0.667,1.162,55,202,171,44,73,23,3,4,29,4,23,10,10,4
2022,"All Division I","Morgan Kummer","Wisconsin",0.18,0.27,0.303,0.573,43,101,89,17,16,5,0,2,11,2,9,28,8,0
2022,"All Division I","Mya Felder","Nebraska",0.373,0.407,0.503,0.91,50,173,161,24,60,9,0,4,37,0,10,15,1,0
2022,"All Division I","Paola Villegas","Northern Colorado",0.267,0.386,0.476,0.862,46,135,105,20,28,8,1,4,21,10,11,13,0,1
2022,"All Division I","Penelope Russ","Wagner",0.284,0.346,0.336,0.683,43,131,116,6,33,6,0,0,7,2,9,14,0,0
2022,"All Division I","Rock Benavides","Houston",0.252,0.406,0.328,0.734,55,160,119,21,30,4,1,1,12,13,20,15,4,2
2022,"All Division I","Rylee Keith","Tulsa",0.202,0.292,0.325,0.617,48,130,114,14,23,3,1,3,14,3,12,32,0,0
2022,"All Division I","Saige Pye","Marshall",0.366,0.452,0.795,1.247,53,188,161,40,59,9,0,20,51,5,21,25,0,0
2022,"All Division I","Sam Ward","Hofstra",0.223,0.295,0.331,0.626,48,157,139,14,31,9,0,2,20,2,13,34,0,0
2022,"All Division I","Sarah Venker","Houston Christian",0.269,0.343,0.378,0.721,42,138,119,10,32,7,0,2,21,1,13,12,3,0
2022,"All Division I","Taryn Young","New Mexico",0.191,0.266,0.352,0.618,53,184,162,24,31,3,1,7,24,2,16,41,4,0
2022,"All Division I","Taylon Snow","Oklahoma",0.355,0.43,0.532,0.962,56,144,124,35,44,8,1,4,34,3,14,12,5,1
2022,"All Division I","Taylor Rhinehart","Robert Morris",0.318,0.366,0.51,0.876,51,172,157,15,50,11,2,5,31,2,11,41,0,0
2022,"All Division I","Danielle Gibson","Arkansas",0.443,0.495,0.847,1.342,59,206,183,54,81,14,0,20,70,5,16,18,0,0
2022,"All Division I","Katie Prebble","South Carolina",0.257,0.357,0.579,0.936,56,199,171,41,44,11,1,14,42,6,21,40,4,0
2022,"All Division I","Kayla Fredendall","Campbell",0.206,0.317,0.324,0.64,47,121,102,7,21,3,0,3,14,2,15,20,0,0
2022,"All Division I","Kimberly Wert","Missouri",0.307,0.41,0.651,1.061,60,200,166,28,51,6,0,17,52,4,27,26,0,0
2022,"All Division I","Micaela Abbatine","Providence",0.26,0.282,0.37,0.653,46,138,127,25,33,8,0,2,14,1,3,25,19,0
2022,"All Division I","Miranda Elish","Oklahoma State",0.344,0.46,0.59,1.05,48,150,122,19,42,9,0,7,31,1,26,21,0,1
2022,"All Division I","Paige Rauch","Villanova",0.296,0.398,0.542,0.94,56,211,179,44,53,8,3,10,34,3,28,27,5,0
2022,"All Division I","Alexis Hargrove","Bellarmine",0.205,0.268,0.385,0.652,45,129,117,13,24,4,1,5,17,0,10,33,0,0
2022,"All Division I","Anna Greenwell","Bellarmine",0.159,0.196,0.189,0.385,51,143,132,7,21,2,1,0,6,0,6,31,1,0
2022,"All Division I","Ashley Meckley","Charleston Southern",0.292,0.391,0.411,0.802,55,200,168,44,49,7,2,3,15,2,26,22,20,3
2022,"All Division I","Ava Fitzmaurice","Siena",0.313,0.372,0.466,0.838,55,199,176,26,55,12,3,3,32,1,18,17,7,0
2022,"All Division I","Bobbi Aguirre","UC San Diego",0.3,0.424,0.38,0.804,56,194,150,19,45,3,0,3,19,5,28,17,0,0
2022,"All Division I","Carley Ziegler","Bellarmine",0.146,0.196,0.155,0.352,44,116,103,4,15,1,0,0,4,0,7,26,0,1
2022,"All Division I","Clarissa Reynoso","UC San Diego",0.225,0.37,0.326,0.696,55,176,138,6,31,8,0,2,32,8,25,28,1,0
2022,"All Division I","Georgia Capell","Tarleton State",0.398,0.5,0.839,1.339,55,196,161,48,64,12,1,19,51,12,21,30,9,0
2022,"All Division I","Hannah Hughbanks","Utah Tech",0.381,0.455,0.575,1.029,44,155,134,26,51,15,1,3,18,1,18,16,2,1
2022,"All Division I","Hannah Webb","Bellarmine",0.291,0.315,0.417,0.732,51,164,151,13,44,13,0,2,17,2,5,15,0,0
2022,"All Division I","Isabel Lavrov","UC San Diego",0.343,0.408,0.538,0.947,56,191,169,36,58,13,1,6,35,2,18,19,15,6
2022,"All Division I","Kasey Crawford","Utah Tech",0.311,0.391,0.515,0.906,47,153,132,30,41,8,2,5,22,2,16,34,10,1
2022,"All Division I","Katelyn Dunckel","Grand Canyon",0.388,0.466,0.6,1.066,55,192,160,51,62,11,1,7,55,14,13,20,14,4
2022,"All Division I","Keila Bosinger","UC San Diego",0.31,0.362,0.532,0.894,55,198,171,31,53,11,3,7,30,3,12,22,11,3
2022,"All Division I","Laura Lockard","Utah Tech",0.355,0.401,0.514,0.916,48,155,138,14,49,7,0,5,28,3,9,9,0,0
2022,"All Division I","Mikaela Thomson","Utah Valley",0.333,0.422,0.635,1.057,51,185,159,29,53,12,0,12,50,3,22,46,1,1
2022,"All Division I","Morgan Medford","Tarleton State",0.321,0.391,0.383,0.774,55,218,193,48,62,6,3,0,7,1,21,20,2,0
2022,"All Division I","Peyton Robinson","New Mexico",0.338,0.413,0.38,0.793,53,170,142,36,48,2,2,0,5,1,17,18,8,2
2022,"All Division I","Shea Clements","Utah Tech",0.392,0.441,0.622,1.063,47,163,148,34,58,4,0,10,37,4,9,20,16,0
2022,"All Division I","Dayna Denner","Toledo",0.348,0.477,0.66,1.137,49,176,141,32,49,12,1,10,34,8,27,33,1,0
2022,"All Division I","Hallie Saintignan","Tarleton State",0.236,0.283,0.283,0.566,44,116,106,12,25,5,0,0,4,2,5,8,5,0
2022,"All Division I","Kaitlyn Kelley","UT Martin",0.339,0.374,0.497,0.872,53,197,177,36,60,7,0,7,42,2,11,19,1,0
2022,"All Division I","Madie Green","Louisiana Tech",0.313,0.4,0.672,1.072,52,163,134,34,42,9,0,13,39,2,20,39,2,0
2022,"All Division I","Nora Conway","Wagner",0.352,0.368,0.492,0.86,43,128,122,15,43,6,4,1,14,1,2,15,2,1
2022,"All Division I","Coryn Jacobson","St. Thomas (MN)",0.256,0.342,0.326,0.668,44,148,129,11,33,3,0,2,17,5,12,44,1,0
2022,"All Division I","Megan Baniecke","St. Thomas (MN)",0.191,0.294,0.364,0.657,42,128,110,12,21,4,0,5,11,0,16,40,2,0
2022,"All Division I","Nicole Pieper","St. Thomas (MN)",0.164,0.252,0.198,0.45,47,134,116,8,19,4,0,0,10,5,9,38,0,0
2022,"All Division I","Sarah Hudson","St. Thomas (MN)",0.284,0.355,0.419,0.774,50,166,148,21,42,6,1,4,24,0,17,19,1,0
2022,"All Division I","Sydney Kaiser","Abilene Christian",0.263,0.367,0.322,0.689,47,140,118,14,31,2,1,1,17,3,17,17,1,1
2022,"All Division I","Avery Miloch","Abilene Christian",0.235,0.264,0.478,0.742,45,146,136,16,32,12,0,7,31,1,5,36,0,1
2022,"All Division I","Riley White","Abilene Christian",0.326,0.379,0.495,0.873,39,103,95,9,31,5,1,3,20,1,7,22,0,0
2022,"All Division I","Miranda Davila","Abilene Christian",0.255,0.397,0.296,0.693,45,123,98,16,25,4,0,0,8,3,20,29,3,5
2022,"All Division I","Kiyah Garrett","Charlotte",0.206,0.304,0.34,0.644,44,112,97,11,20,4,0,3,19,3,11,17,0,0
2022,"All Division I","Mariah Peters","North Dakota",0.206,0.308,0.255,0.563,41,122,102,14,21,1,2,0,9,1,15,22,1,1
2022,"All Division I","Chevelle Sartin","North Dakota",0.255,0.32,0.32,0.64,53,170,153,9,39,10,0,0,16,6,9,17,4,0
2022,"All Division I","Izzy Haslett","North Dakota",0.168,0.224,0.215,0.439,43,118,107,9,18,3,1,0,4,1,7,15,1,0
2022,"All Division I","Billie Andrews","Nebraska",0.322,0.436,0.706,1.142,57,223,180,54,58,7,1,20,51,1,37,34,18,2
2022,"All Division I","Sydney Gray","Nebraska",0.313,0.399,0.549,0.948,57,208,182,32,57,8,1,11,44,0,26,25,1,0
2022,"All Division I","Abbie Squier","Nebraska",0.361,0.438,0.554,0.992,57,193,166,44,60,11,0,7,24,9,15,20,5,1
2022,"All Division I","Madison Dudek","Akron",0.191,0.226,0.235,0.461,48,128,115,8,22,5,0,0,14,0,6,20,0,0
2022,"All Division I","Kalli Macintosh-Houlder","Akron",0.25,0.316,0.379,0.695,45,137,124,18,31,8,1,2,15,2,10,31,0,0
2022,"All Division I","Bailey Dowling","Alabama",0.267,0.366,0.533,0.899,54,179,150,26,40,8,1,10,29,1,23,18,1,1
2022,"All Division I","Serena Herbranson","Alabama A&M",0.167,0.195,0.179,0.374,31,92,84,4,14,1,0,0,7,0,3,8,0,1
2022,"All Division I","Genise Wells","Alcorn State",0.25,0.372,0.323,0.694,47,148,124,21,31,2,2,1,18,3,21,18,3,0
2022,"All Division I","Marsha Hunt","Alcorn State",0.257,0.333,0.375,0.708,46,153,136,17,35,13,0,1,25,2,14,34,2,0
2022,"All Division I","Kayt Houston","Appalachian State",0.37,0.442,0.641,1.083,55,206,181,46,67,10,0,13,42,2,22,24,7,0
2022,"All Division I","Emma Jones","Appalachian State",0.232,0.409,0.451,0.861,55,215,164,47,38,6,3,8,28,10,40,38,10,0
2022,"All Division I","Sophia Carroll","Arizona",0.197,0.284,0.35,0.634,50,144,117,14,23,6,0,4,23,1,14,28,0,0
2022,"All Division I","Allie Skaggs","Arizona",0.367,0.462,0.797,1.259,61,212,177,48,65,4,0,24,58,3,30,29,1,0
2022,"All Division I","Carlie Scupin","Arizona",0.369,0.433,0.765,1.198,61,201,179,36,66,14,0,19,59,7,14,29,0,0
2022,"All Division I","Jasmine Perezchica","Arizona",0.368,0.4,0.392,0.792,58,188,171,43,63,2,1,0,13,0,9,27,10,3
2022,"All Division I","Emily Cazares","Arizona State",0.313,0.379,0.545,0.924,44,124,112,29,35,2,0,8,22,0,12,17,10,1
2022,"All Division I","Hannah Gammill","Arkansas",0.374,0.513,0.781,1.293,59,199,155,50,58,9,0,18,51,20,24,31,0,0
2022,"All Division I","Kayla Edwards","Army",0.328,0.361,0.456,0.817,54,192,180,28,59,13,2,2,23,5,5,13,1,1
2022,"All Division I","Lauren Little","Army",0.214,0.279,0.232,0.511,42,127,112,9,24,2,0,0,9,1,9,16,11,2
2022,"All Division I","Ellie Caldwell","Army",0.205,0.216,0.254,0.47,47,128,122,12,25,6,0,0,10,0,2,15,5,1
2022,"All Division I","Sydney Cox","Auburn",0.31,0.399,0.535,0.934,57,152,129,28,40,10,2,5,26,1,18,34,1,0
2022,"All Division I","Makayla Packer","Auburn",0.324,0.442,0.61,1.053,50,167,136,43,44,6,3,9,20,13,16,32,21,4
2022,"All Division I","Mea Clark","Austin Peay",0.247,0.308,0.429,0.736,53,169,154,18,38,5,1,7,25,1,13,25,0,0
2022,"All Division I","Violet Zavodnik","BYU",0.399,0.492,0.876,1.368,52,190,153,49,61,14,1,19,59,8,22,35,14,1
2022,"All Division I","Kaitlyn Mathews","Ball State",0.263,0.324,0.354,0.678,40,113,99,13,26,3,0,2,14,0,10,31,8,2
2022,"All Division I","Taylor Strain","Baylor",0.299,0.323,0.385,0.707,45,133,117,17,35,7,0,1,21,0,5,23,4,1
2022,"All Division I","Sydney Collazos","Baylor",0.285,0.357,0.358,0.715,52,171,151,12,43,5,0,2,22,5,12,12,1,0
2022,"All Division I","Zadie LaValley","Baylor",0.173,0.304,0.183,0.487,48,125,104,5,18,1,0,0,5,1,19,19,2,1
2022,"All Division I","Jordyn Hutchins","Boise State",0.3,0.4,0.644,1.044,39,105,90,27,27,5,1,8,30,0,15,20,3,1
2022,"All Division I","Nicole Giery","Boston College",0.259,0.291,0.407,0.698,46,142,135,12,35,11,0,3,19,4,2,16,1,0
2022,"All Division I","Lauren Keleher","Boston University",0.342,0.461,0.493,0.955,57,201,152,35,52,14,3,1,25,1,36,16,8,1
2022,"All Division I","Kayla Roncin","Boston University",0.426,0.471,0.606,1.078,57,211,188,49,80,12,5,4,36,3,15,15,8,1
2022,"All Division I","Reagan Williamson","Bowling Green",0.314,0.402,0.519,0.921,54,184,156,17,49,8,0,8,35,0,25,28,0,0
2022,"All Division I","Peyton Dolejs","Bowling Green",0.269,0.372,0.389,0.762,54,199,167,29,45,7,2,3,27,5,23,23,2,0
2022,"All Division I","Jordy van der Werf","Bradley",0.2,0.277,0.37,0.647,43,114,100,15,20,5,0,4,19,4,7,39,2,0
2022,"All Division I","Trystan Salvador","Bryant",0.19,0.292,0.254,0.546,32,73,63,13,12,2,1,0,4,0,9,14,6,1
2022,"All Division I","Madison Fernimen","Buffalo",0.18,0.268,0.301,0.569,46,153,133,18,24,8,1,2,16,0,17,41,3,1
2022,"All Division I","Rachel Steffan","Buffalo",0.308,0.44,0.639,1.079,46,166,133,36,41,6,4,10,28,9,23,39,17,2
2022,"All Division I","Monique Hoosen","Butler",0.294,0.423,0.642,1.066,45,138,109,24,32,6,1,10,25,1,25,34,3,1
2022,"All Division I","Kaylee Gross","Butler",0.25,0.333,0.319,0.653,37,82,72,12,18,1,2,0,3,2,7,13,2,0
2022,"All Division I","Teagan O'Rilley","Butler",0.217,0.427,0.391,0.818,38,97,69,5,15,3,0,3,16,4,22,14,0,0
2022,"All Division I","Kaia Johnson","CSU Bakersfield",0.177,0.234,0.198,0.432,45,110,96,10,17,2,0,0,6,5,3,32,7,4
2022,"All Division I","Jessica Clements","Cal Poly",0.396,0.452,0.447,0.899,48,180,159,36,63,6,1,0,5,5,12,17,5,1
2022,"All Division I","Hannah Becerra","Cal State Fullerton",0.302,0.463,0.525,0.987,59,215,162,49,49,12,0,8,35,6,44,41,9,3
2022,"All Division I","Peyton Toto","Cal State Fullerton",0.365,0.432,0.511,0.943,47,157,137,26,50,8,0,4,35,9,8,20,7,2
2022,"All Division I","Alexis Bishop","California",0.271,0.403,0.441,0.843,51,150,118,13,32,3,1,5,23,11,15,37,1,0
2022,"All Division I","Maile Olsen","California Baptist",0.271,0.281,0.364,0.646,49,139,129,21,35,9,0,1,17,0,3,16,6,0
2022,"All Division I","Delaney McDilda","Campbell",0.268,0.347,0.394,0.742,53,168,142,16,38,9,0,3,32,5,15,14,1,1
2022,"All Division I","Christie McGee-Ross","Canisius",0.359,0.401,0.423,0.824,47,170,156,28,56,6,2,0,21,0,11,37,23,5
2022,"All Division I","Gianna Fazzolari","Canisius",0.306,0.381,0.503,0.884,49,170,147,22,45,5,0,8,38,5,14,23,0,0
2022,"All Division I","Destiny Falquez","Canisius",0.2,0.348,0.292,0.64,49,163,130,21,26,4,1,2,24,2,28,37,0,0
2022,"All Division I","Tremere Harris","Central Arkansas",0.389,0.469,0.465,0.934,58,219,185,49,72,10,2,0,26,0,28,24,26,1
2022,"All Division I","Kristen Whitehouse","Central Arkansas",0.276,0.3,0.379,0.679,57,181,174,15,48,7,1,3,19,1,5,18,0,0
2022,"All Division I","Brooke Fedison","Central Connecticut",0.277,0.41,0.394,0.804,42,119,94,13,26,6,1,1,8,5,17,30,3,4
2022,"All Division I","Paige Stringer","Central Connecticut",0.285,0.368,0.5,0.868,49,163,144,21,41,10,0,7,23,0,19,52,0,0
2022,"All Division I","Alex Rogers","Central Connecticut",0.188,0.29,0.188,0.478,38,95,80,6,15,0,0,0,6,2,10,23,0,0
2022,"All Division I","Abbey Tolmie","Central Michigan",0.333,0.39,0.41,0.8,53,202,183,39,61,10,2,0,15,4,13,23,4,3
2022,"All Division I","Michaleigh Vallimont","Central Michigan",0.335,0.385,0.447,0.832,51,179,161,19,54,8,2,2,21,3,10,25,3,0
2022,"All Division I","Kailey Snell","Chattanooga",0.273,0.327,0.344,0.672,53,179,154,23,42,4,2,1,17,2,11,26,10,2
2022,"All Division I","Courtney Ball","Georgia Southern",0.217,0.258,0.41,0.668,37,94,83,15,18,3,2,3,15,1,4,19,6,0
2022,"All Division I","Liz Rodebaugh","Chattanooga",0.195,0.242,0.28,0.522,51,135,118,13,23,8,1,0,20,1,8,22,1,0
2022,"All Division I","McKenzie Clark","Clemson",0.328,0.418,0.622,1.04,59,209,180,42,59,13,2,12,34,7,21,29,6,4
2022,"All Division I","Carsten Puckett","College of Charleston",0.174,0.264,0.283,0.547,41,106,92,4,16,1,0,3,10,5,7,23,0,0
2022,"All Division I","Kiera Frascone","Cleveland State",0.202,0.272,0.213,0.485,37,103,94,12,19,1,0,0,8,0,9,19,8,1
2022,"All Division I","Jenna Deang","Cleveland State",0.321,0.382,0.382,0.764,44,149,131,23,42,6,1,0,16,1,12,26,8,4
2022,"All Division I","Payton Ebersole","Coastal Carolina",0.254,0.289,0.41,0.699,50,129,122,18,31,4,0,5,13,0,6,38,1,0
2022,"All Division I","Iyanla De Jesus","Coastal Carolina",0.34,0.39,0.592,0.982,49,164,147,14,50,10,0,9,34,0,14,17,0,0
2022,"All Division I","Riley Zana","Coastal Carolina",0.311,0.356,0.563,0.918,54,183,167,24,52,12,0,10,39,1,11,18,1,0
2022,"All Division I","Kara Fusco","Colgate",0.273,0.326,0.424,0.751,46,146,132,11,36,9,1,3,17,1,10,24,0,0
2022,"All Division I","Elizabeth Nitka","Colgate",0.154,0.198,0.231,0.429,45,100,91,10,14,4,0,1,6,0,5,15,2,0
2022,"All Division I","Shealyn Starks","College of Charleston",0.151,0.189,0.198,0.387,45,112,106,5,16,2,0,1,7,0,5,16,0,0
2022,"All Division I","Mia Dittoe","College of Charleston",0.254,0.286,0.413,0.699,48,148,138,15,35,6,2,4,20,3,4,21,2,0
2022,"All Division I","Hailey Smith","Colorado State",0.352,0.365,0.545,0.91,46,159,145,21,51,15,2,3,40,1,6,30,2,0
2022,"All Division I","Ashley York","Colorado State",0.342,0.359,0.484,0.844,46,167,161,39,55,8,6,1,31,0,5,19,15,2
2022,"All Division I","Jaden Hill","Columbia",0.243,0.296,0.409,0.705,38,130,115,16,28,5,1,4,19,3,6,13,10,2
2022,"All Division I","Sami Barnett","Connecticut",0.329,0.404,0.484,0.888,56,178,155,34,51,6,0,6,25,4,17,34,8,3
2022,"All Division I","Jana Sanden","Connecticut",0.22,0.281,0.373,0.654,56,192,177,21,39,12,0,5,37,3,12,46,2,0
2022,"All Division I","Vanessa Carrizosa","Coppin State",0.288,0.371,0.386,0.757,44,153,132,18,38,9,2,0,19,1,17,17,3,0
2022,"All Division I","Isabella Zalba","Coppin State",0.277,0.388,0.42,0.808,41,135,112,16,31,4,3,2,17,4,17,26,3,1
2022,"All Division I","Shawnee Ronyak","Coppin State",0.271,0.333,0.336,0.67,40,120,107,12,29,3,2,0,13,0,10,22,2,3
2022,"All Division I","Marisa Zorrilla","Cornell",0.144,0.262,0.154,0.416,40,124,104,9,15,1,0,0,5,1,16,30,1,1
2022,"All Division I","Lilly Travieso","Cornell",0.262,0.316,0.344,0.66,40,133,122,5,32,7,0,1,16,4,6,20,0,0
2022,"All Division I","Emma Rosonke","Creighton",0.288,0.336,0.595,0.931,40,126,111,14,32,7,0,9,43,1,9,36,1,0
2022,"All Division I","Alyssa Gappa","Creighton",0.277,0.368,0.475,0.843,38,118,101,14,28,9,1,3,12,6,9,34,1,0
2022,"All Division I","Megan Ward","Illinois",0.315,0.368,0.404,0.772,55,195,178,35,56,16,0,0,25,1,14,15,8,6
2022,"All Division I","Riley Pool","DePaul",0.177,0.377,0.253,0.631,43,112,79,11,14,3,0,1,11,1,25,26,0,0
2022,"All Division I","Nicole Sullivan","DePaul",0.263,0.383,0.467,0.85,53,183,152,34,40,11,1,6,33,2,28,42,3,0
2022,"All Division I","Emily Blum","Delaware",0.219,0.306,0.292,0.597,37,110,96,9,21,5,1,0,12,3,9,9,0,0
2022,"All Division I","Julz Garber","Delaware",0.261,0.341,0.306,0.648,41,132,111,16,29,2,0,1,13,0,14,17,3,4
2022,"All Division I","Kyla Johnson","Delaware State",0.236,0.289,0.292,0.581,37,97,89,10,21,1,2,0,10,1,6,13,3,1
2022,"All Division I","Leena Mortensen","Detroit",0.2,0.262,0.242,0.503,42,130,120,1,24,5,0,0,8,3,7,9,0,0
2022,"All Division I","Rachel Campbell","Utah Tech",0.262,0.339,0.524,0.863,41,118,103,19,27,3,0,8,28,2,11,32,1,0
2022,"All Division I","Oaklee Trapp","Utah Tech",0.239,0.362,0.367,0.729,44,130,109,16,26,8,0,2,21,3,18,31,0,1
2022,"All Division I","MaKayla Rice","Drake",0.261,0.338,0.387,0.725,48,139,119,23,31,5,2,2,20,2,14,33,13,2
2022,"All Division I","Ashley Errico","Drexel",0.272,0.395,0.544,0.939,45,167,136,29,37,5,1,10,35,6,23,31,0,1
2022,"All Division I","Ameryn Humble","Drexel",0.304,0.368,0.357,0.725,40,125,112,19,34,4,1,0,19,0,12,7,0,0
2022,"All Division I","Kelly Torres","Duke",0.361,0.491,0.542,1.033,43,108,83,19,30,6,0,3,18,7,15,8,1,1
2022,"All Division I","Bailey Turnbow","East Tennessee State",0.157,0.223,0.206,0.429,46,113,102,5,16,5,0,0,9,2,7,30,6,4
2022,"All Division I","Brayden Lickey","Fort Wayne",0.211,0.32,0.321,0.641,46,129,109,12,23,6,0,2,14,4,14,39,10,1
2022,"All Division I","Morgan Zuege","Austin Peay",0.279,0.297,0.293,0.59,53,150,140,13,39,2,0,0,8,2,3,8,2,1
2022,"All Division I","Jasmine Miller","Eastern Kentucky",0.255,0.404,0.518,0.922,45,141,110,23,28,5,0,8,24,5,24,29,12,1
2022,"All Division I","Jeanay Riley","Eastern Kentucky",0.214,0.353,0.33,0.683,43,140,112,21,24,7,0,2,10,4,20,27,7,1
2022,"All Division I","Mekayla Frazier","Charlotte",0.297,0.333,0.441,0.775,51,156,145,30,43,11,2,2,16,0,8,23,7,1
2022,"All Division I","Marah Wood","Evansville",0.277,0.348,0.554,0.902,50,164,148,22,41,15,1,8,31,0,16,34,7,1
2022,"All Division I","Alexa Davis","Evansville",0.269,0.359,0.47,0.83,50,153,134,25,36,10,4,3,28,5,14,33,7,1
2022,"All Division I","Avery Goelz","Florida",0.268,0.319,0.349,0.668,64,165,149,23,40,4,1,2,19,3,9,23,1,0
2022,"All Division I","Katie Kistler","Florida",0.354,0.426,0.41,0.836,63,184,161,33,57,4,1,1,24,6,15,16,11,4
2022,"All Division I","Anizya Vargas","Florida A&M",0.202,0.321,0.255,0.577,40,113,94,12,19,5,0,0,5,3,14,12,3,0
2022,"All Division I","Zoey Jones","Florida Atlantic",0.264,0.333,0.431,0.764,52,160,144,17,38,8,2,4,20,2,13,42,0,0
2022,"All Division I","Riley Olson","Florida Atlantic",0.198,0.282,0.271,0.553,44,110,96,9,19,4,0,1,13,3,9,39,1,1
2022,"All Division I","Kaitlyn Cunningham","Florida Atlantic",0.252,0.288,0.34,0.628,54,175,159,24,40,6,1,2,19,0,9,30,11,2
2022,"All Division I","Jahni Kerr","Florida State",0.261,0.297,0.422,0.719,60,193,180,25,47,10,2,5,35,0,10,35,4,2
2022,"All Division I","Kalei Harding","Florida State",0.304,0.371,0.609,0.98,61,210,184,46,56,11,0,15,52,1,21,27,11,1
2022,"All Division I","Michaela Edenfield","Florida State",0.293,0.435,0.624,1.059,61,200,157,36,46,4,0,16,50,2,39,45,1,0
2022,"All Division I","Bailey Enoch","Fordham",0.309,0.436,0.532,0.968,51,172,139,22,43,4,3,7,28,6,26,44,2,0
2022,"All Division I","Keahilele Mattson","Fresno State",0.305,0.437,0.532,0.969,49,174,141,30,43,11,3,5,23,4,29,27,5,0
2022,"All Division I","Avery Lawley","Fresno State",0.256,0.27,0.263,0.533,53,140,133,3,34,1,0,0,15,2,1,12,0,0
2022,"All Division I","Mackenna Steele","Fresno State",0.239,0.309,0.33,0.639,43,99,88,9,21,2,0,2,7,1,8,16,1,0
2022,"All Division I","Ashlee Lykins","Furman",0.293,0.338,0.309,0.647,55,205,191,34,56,1,1,0,10,2,11,25,21,1
2022,"All Division I","Claire Ginder","Texas State",0.261,0.32,0.34,0.66,56,174,153,17,40,5,2,1,26,1,14,27,2,0
2022,"All Division I","Chloe Fabio","Furman",0.132,0.191,0.149,0.34,53,134,121,15,16,2,0,0,6,1,8,29,1,0
2022,"All Division I","Chrissy Fleming","Furman",0.202,0.231,0.231,0.462,44,110,104,8,21,3,0,0,4,2,2,36,2,1
2022,"All Division I","Riley McCurry","Gardner-Webb",0.212,0.264,0.242,0.507,38,106,99,9,21,3,0,0,6,2,5,23,1,0
2022,"All Division I","Marlaina Bozek","George Mason",0.377,0.485,0.449,0.934,50,170,138,25,52,8,1,0,23,4,25,21,11,5
2022,"All Division I","Maddie Spell","George Washington",0.308,0.426,0.471,0.898,43,129,104,20,32,5,0,4,22,2,21,36,0,0
2022,"All Division I","Alexa Williams","George Washington",0.366,0.416,0.671,1.087,50,181,161,43,59,11,1,12,55,1,14,4,5,1
2022,"All Division I","Jayda Kearney","Georgia",0.361,0.446,0.699,1.145,60,195,166,42,60,7,2,15,56,3,24,22,10,3
2022,"All Division I","Ellie Armistead","Georgia",0.238,0.304,0.497,0.8,59,162,143,25,34,3,2,10,27,0,14,21,3,0
2022,"All Division I","Madi Banks","Georgia Southern",0.242,0.273,0.253,0.525,37,104,95,10,23,1,0,0,8,0,4,16,10,2
2022,"All Division I","Carolyn Deady","Georgia State",0.272,0.378,0.496,0.874,50,149,125,15,34,1,0,9,25,1,21,34,1,0
2022,"All Division I","Jin Sileo","Georgia Tech",0.287,0.386,0.36,0.746,56,183,150,37,43,9,1,0,23,2,23,26,18,3
2022,"All Division I","Mallorie Black","Georgia Tech",0.238,0.361,0.331,0.693,56,217,181,36,43,8,0,3,30,7,28,28,2,1
2022,"All Division I","Ta'mya Johnson","Grambling",0.327,0.412,0.398,0.81,34,117,98,23,32,5,1,0,8,1,14,18,15,1
2022,"All Division I","Samantha Saloun","Green Bay",0.294,0.341,0.458,0.799,50,166,153,19,45,4,0,7,28,1,10,19,2,0
2022,"All Division I","Jadin Justman","Green Bay",0.346,0.411,0.571,0.982,49,151,133,24,46,9,0,7,34,0,16,11,8,0
2022,"All Division I","Chandler Mitchell","Hartford",0.245,0.292,0.349,0.641,43,113,106,19,26,4,2,1,6,0,7,37,12,1
2022,"All Division I","Madi Mays","Harvard",0.232,0.349,0.319,0.668,32,88,69,3,16,3,0,1,19,5,9,17,1,0
2022,"All Division I","Mya'liah Bethea","Hawaii",0.178,0.26,0.267,0.527,38,101,90,12,16,2,0,2,11,3,7,24,0,1
2022,"All Division I","Jessica Mott","Holy Cross",0.338,0.392,0.463,0.855,49,177,160,21,54,14,0,2,19,2,13,26,1,0
2022,"All Division I","Claire McCann","Holy Cross",0.277,0.319,0.331,0.65,47,141,130,5,36,4,0,1,18,0,9,12,0,0
2022,"All Division I","Megan Yurchick","Holy Cross",0.268,0.293,0.352,0.645,46,148,142,9,38,6,0,2,12,2,3,14,0,0
2022,"All Division I","Morgan Gilbert","IUPUI",0.207,0.241,0.233,0.474,49,163,150,18,31,2,1,0,9,1,6,22,13,2
2022,"All Division I","Skyler Sethman","Idaho State",0.295,0.378,0.438,0.815,44,136,112,24,33,8,1,2,18,5,10,17,1,1
2022,"All Division I","Reili Gardner","Illinois State",0.301,0.338,0.329,0.666,50,152,143,24,43,2,1,0,13,0,8,30,6,0
2022,"All Division I","Jayden Standish","Illinois State",0.218,0.313,0.364,0.676,44,128,110,15,24,4,0,4,21,1,15,37,0,0
2022,"All Division I","Dee Dee Caskey","Illinois-Chicago",0.281,0.327,0.438,0.764,35,111,96,16,27,6,3,1,15,1,6,12,5,1
2022,"All Division I","Larisa Villa","Illinois-Chicago",0.2,0.265,0.233,0.499,34,98,90,5,18,3,0,0,4,0,8,22,0,1
2022,"All Division I","Avalon Sanchez","Incarnate Word",0.231,0.322,0.469,0.791,46,149,130,14,30,7,0,8,32,6,12,36,0,0
2022,"All Division I","Brooke Benson","Indiana",0.333,0.391,0.579,0.971,49,140,126,25,42,8,1,7,29,7,5,18,8,3
2022,"All Division I","Grace Lorsung","Indiana",0.188,0.297,0.271,0.568,42,101,85,6,16,4,0,1,7,6,8,9,0,0
2022,"All Division I","Isabella Henning","Indiana State",0.379,0.442,0.621,1.062,48,164,145,28,55,12,1,7,40,1,16,20,1,1
2022,"All Division I","Abi Chipps","Indiana State",0.281,0.32,0.309,0.629,52,147,139,24,39,2,1,0,12,2,6,9,5,3
2022,"All Division I","Emma Capuano","Iona",0.252,0.322,0.348,0.67,44,150,135,17,34,7,0,2,8,2,12,34,7,2
2022,"All Division I","Kayla Haywood","Iona",0.226,0.284,0.274,0.558,43,134,124,12,28,3,0,1,19,3,7,29,6,2
2022,"All Division I","Jamie Sheeran","Iona",0.283,0.361,0.56,0.921,49,180,159,27,45,8,0,12,26,2,18,30,2,0
2022,"All Division I","Kaylin Flukey","Iona",0.21,0.282,0.42,0.702,38,111,100,11,21,3,0,6,13,1,9,23,0,0
2022,"All Division I","Marissa Peek","Iowa",0.242,0.296,0.352,0.648,40,99,91,6,22,4,0,2,11,2,5,19,1,0
2022,"All Division I","Denali Loecker","Iowa",0.281,0.373,0.548,0.922,48,158,135,19,38,4,1,10,27,7,14,20,0,0
2022,"All Division I","Lindy Milkowski","Eastern Illinois",0.297,0.389,0.564,0.953,55,191,165,19,49,15,1,9,46,1,24,34,0,1
2022,"All Division I","Brylee Klosterman","Iowa",0.257,0.388,0.351,0.739,52,184,148,33,38,8,0,2,20,4,29,24,10,3
2022,"All Division I","Grace Banes","Iowa",0.229,0.282,0.313,0.595,47,148,131,17,30,7,2,0,21,3,7,17,3,1
2022,"All Division I","Milaysia Ochoa","Iowa State",0.276,0.357,0.442,0.798,55,185,163,30,45,13,1,4,36,6,15,37,8,2
2022,"All Division I","Kaylee Pond","Iowa State",0.248,0.395,0.388,0.783,52,162,129,22,32,8,2,2,15,3,29,29,5,0
2022,"All Division I","Samiyyah Huckabee","Jackson State",0.252,0.309,0.395,0.703,51,165,147,25,37,8,5,1,19,0,13,26,16,2
2022,"All Division I","Allison Bratek","Jacksonville",0.307,0.371,0.496,0.867,46,155,137,22,42,11,3,3,23,2,12,15,3,0
2022,"All Division I","Madison Reynolds","Jacksonville",0.256,0.343,0.355,0.698,40,138,121,20,31,7,1,1,9,4,12,24,10,1
2022,"All Division I","Addie Robinson","Jacksonville State",0.384,0.476,0.744,1.22,43,106,86,17,33,4,0,9,37,5,12,20,0,0
2022,"All Division I","Lauren Bernett","James Madison",0.336,0.397,0.645,1.042,41,121,107,18,36,6,0,9,33,5,7,14,1,1
2022,"All Division I","Hannah Hennessy","James Madison",0.211,0.268,0.389,0.657,36,97,90,13,19,4,0,4,14,2,5,22,1,0
2022,"All Division I","Savanna DesRochers","Kansas",0.296,0.313,0.521,0.834,47,150,142,20,42,9,1,7,26,0,4,27,1,0
2022,"All Division I","Lyric Moore","Kansas",0.342,0.386,0.523,0.908,52,167,155,28,53,13,3,3,23,4,7,27,3,3
2022,"All Division I","Marina Karnes","Kansas City",0.267,0.345,0.337,0.682,41,113,101,10,27,4,0,1,10,1,11,24,0,0
2022,"All Division I","Katelyn Garcia","Kansas City",0.11,0.264,0.132,0.396,45,116,91,7,10,2,0,0,7,1,18,21,1,2
2022,"All Division I","Kiera Cooper","Kennesaw State",0.293,0.349,0.481,0.831,47,147,133,21,39,10,0,5,18,1,11,25,5,3
2022,"All Division I","Emily Lippe","Kent State",0.222,0.333,0.528,0.861,43,129,108,9,24,6,0,9,27,3,15,31,0,0
2022,"All Division I","Erin Coffel","Kentucky",0.423,0.482,0.871,1.353,56,191,163,44,69,11,1,20,68,3,20,17,6,3
2022,"All Division I","Laney Roos","Northwestern State",0.365,0.431,0.547,0.978,51,182,159,31,58,11,0,6,32,4,16,11,0,1
2022,"All Division I","Danieca Coffey","LSU",0.379,0.457,0.474,0.93,57,220,190,44,72,9,3,1,26,1,27,26,10,2
2022,"All Division I","Ali Newland","LSU",0.284,0.342,0.491,0.834,55,185,169,26,48,12,1,7,35,4,11,12,5,1
2022,"All Division I","Paige Sandidge","Lafayette",0.146,0.207,0.223,0.431,37,113,103,10,15,2,0,2,13,1,7,31,4,0
2022,"All Division I","Audry Fleming","Lamar",0.226,0.276,0.391,0.667,48,149,133,25,30,3,2,5,26,1,9,35,1,0
2022,"All Division I","Hayley Freudenberg","Lamar",0.212,0.357,0.308,0.664,46,131,104,13,22,2,1,2,9,3,21,13,0,1
2022,"All Division I","Jaylyn Davis","Prairie View",0.306,0.409,0.59,0.998,49,159,134,25,41,4,2,10,35,3,21,28,3,0
2022,"All Division I","Kaylee Ancelot","Lamar",0.257,0.372,0.419,0.791,49,164,136,9,35,7,0,5,25,1,25,21,0,0
2022,"All Division I","Brooke Cannon","Lehigh",0.316,0.38,0.387,0.767,52,174,155,22,49,8,0,1,16,0,16,31,14,2
2022,"All Division I","Amanda Greaney","Lehigh",0.204,0.361,0.312,0.673,41,122,93,9,19,7,0,1,14,0,24,27,0,0
2022,"All Division I","Megan Hodum","Austin Peay",0.303,0.351,0.36,0.71,53,196,178,42,54,2,4,0,12,2,11,12,18,3
2022,"All Division I","Mary Claire Wilson","Liberty",0.313,0.388,0.46,0.848,56,172,150,36,47,7,3,3,30,3,16,27,12,3
2022,"All Division I","Devyn Howard","Liberty",0.314,0.417,0.495,0.912,62,230,188,53,59,10,0,8,32,0,37,23,1,3
2022,"All Division I","Kayley DeVivi","Longwood",0.326,0.401,0.488,0.89,49,151,129,25,42,7,1,4,22,4,13,27,5,1
2022,"All Division I","Lauren Fox","Longwood",0.231,0.285,0.252,0.537,53,159,147,23,34,3,0,0,12,0,11,23,9,3
2022,"All Division I","Caroline Easom","Louisiana Tech",0.256,0.349,0.35,0.699,59,217,180,25,46,8,0,3,36,1,27,16,0,0
2022,"All Division I","Amanda Gonzalez","Louisiana Tech",0.37,0.467,0.624,1.091,59,201,165,36,61,10,4,8,32,19,11,29,9,0
2022,"All Division I","Vanessa Miller","Louisville",0.286,0.359,0.505,0.864,41,118,105,22,30,4,2,5,16,3,9,29,5,1
2022,"All Division I","Teagan Sopczak","Loyola Chicago",0.188,0.244,0.214,0.458,46,123,112,10,21,1,1,0,9,1,8,24,3,2
2022,"All Division I","Alyssa Daniell","Loyola Marymount",0.357,0.394,0.587,0.981,54,160,143,31,51,10,1,7,28,3,7,12,2,0
2022,"All Division I","Megan Hedlund","Manhattan",0.245,0.325,0.509,0.834,42,126,110,16,27,5,0,8,25,3,11,25,0,0
2022,"All Division I","Alyssa Grupp","Marist",0.342,0.403,0.475,0.878,42,135,120,20,41,9,2,1,15,3,10,8,10,0
2022,"All Division I","Miah McDonald","Marist",0.379,0.44,0.621,1.061,54,184,161,37,61,10,4,7,47,2,18,29,23,1
2022,"All Division I","Paige Halliwill","Southeast Missouri",0.27,0.355,0.48,0.835,54,174,148,35,40,7,0,8,36,10,10,21,11,1
2022,"All Division I","Kat Sackett","Southeast Missouri",0.244,0.279,0.339,0.618,51,137,127,17,31,6,0,2,21,3,4,13,1,0
2022,"All Division I","Ruby Butler","Maryland",0.248,0.356,0.319,0.675,47,135,113,16,28,6,1,0,14,3,16,17,10,2
2022,"All Division I","Michaela Jones","Maryland",0.305,0.384,0.473,0.857,52,159,131,22,40,7,0,5,25,6,12,23,6,0
2022,"All Division I","Haley Ellefson","Maryland",0.231,0.294,0.38,0.674,44,119,108,14,25,7,0,3,18,3,7,24,9,0
2022,"All Division I","Jaeda McFarland","Maryland",0.317,0.347,0.458,0.804,43,152,142,30,45,8,3,2,23,2,5,25,16,5
2022,"All Division I","Megan Mikami","Maryland",0.323,0.378,0.385,0.763,49,181,161,36,52,5,1,1,18,9,7,15,30,0
2022,"All Division I","Chloe Gomez","McNeese",0.264,0.362,0.318,0.68,46,128,110,16,29,4,1,0,18,4,13,16,5,1
2022,"All Division I","Annie Potter","Mercer",0.26,0.314,0.361,0.674,55,189,169,21,44,10,2,1,22,3,11,17,0,0
2022,"All Division I","Alyssa Woods","Mercer",0.312,0.375,0.362,0.737,47,153,138,24,43,3,2,0,11,1,13,21,5,5
2022,"All Division I","Sarah Reisler","Merrimack",0.336,0.428,0.37,0.797,42,143,119,27,40,4,0,0,9,2,17,21,8,4
2022,"All Division I","Karli Spaid","Miami (OH)",0.407,0.484,0.921,1.405,58,221,189,67,77,9,2,28,70,3,27,39,13,4
2022,"All Division I","Zaquai Dumas","Michigan State",0.184,0.265,0.448,0.714,44,99,87,16,16,2,0,7,14,0,10,20,1,1
2022,"All Division I","Alexis Barroso","Michigan State",0.315,0.363,0.406,0.769,51,160,143,6,45,5,1,2,25,6,6,22,1,1
2022,"All Division I","Shelby Sargent","Middle Tennessee",0.214,0.27,0.267,0.537,53,147,131,16,28,5,1,0,8,0,10,14,5,0
2022,"All Division I","Amaya Harris","Middle Tennessee",0.314,0.39,0.377,0.767,53,188,159,20,50,4,0,2,12,8,13,17,9,4
2022,"All Division I","Sara Kinch","Minnesota",0.233,0.305,0.425,0.73,52,169,146,16,34,7,0,7,36,5,11,43,0,0
2022,"All Division I","Chloe Evans","Minnesota",0.318,0.422,0.611,1.034,54,189,157,35,50,11,1,11,46,3,26,32,6,1
2022,"All Division I","Jenna Laird","Missouri",0.342,0.4,0.513,0.913,60,221,199,44,68,11,4,5,20,5,15,26,22,3
2022,"All Division I","Alex Honnold","Missouri",0.282,0.371,0.418,0.789,60,194,170,25,48,11,3,2,17,6,18,24,5,1
2022,"All Division I","Annie Mueller","Missouri State",0.167,0.224,0.315,0.539,42,118,108,6,18,7,0,3,16,2,6,29,1,0
2022,"All Division I","Skyler Shaw","Missouri State",0.182,0.294,0.205,0.499,42,105,88,12,16,0,1,0,5,2,12,31,10,2
2022,"All Division I","Julia Thuer","Monmouth",0.219,0.348,0.305,0.653,49,155,128,10,28,8,0,1,12,2,24,34,1,0
2022,"All Division I","Abby Warner","Monmouth",0.167,0.273,0.292,0.565,47,141,120,7,20,0,0,5,18,8,10,38,2,0
2022,"All Division I","Mia Ewell","Morgan State",0.351,0.404,0.545,0.949,46,172,154,36,54,10,7,2,26,7,8,15,25,7
2022,"All Division I","Taylor Jackson","Murray State",0.236,0.325,0.371,0.696,54,161,140,9,33,7,0,4,25,2,17,27,0,0
2022,"All Division I","Kaylee Lambrecht","NC State",0.263,0.351,0.441,0.793,56,205,179,38,47,8,0,8,27,2,23,29,7,2
2022,"All Division I","Mia Misasi","Nevada",0.22,0.29,0.264,0.554,40,102,91,23,20,4,0,0,5,3,6,22,2,0
2022,"All Division I","Antuanett Dean","Cal State Fullerton",0.305,0.321,0.359,0.68,54,132,128,22,39,3,2,0,6,0,3,43,20,2
2022,"All Division I","Jillian Taylor","New Mexico State",0.376,0.448,0.616,1.064,41,145,125,38,47,9,0,7,24,3,14,25,10,1
2022,"All Division I","Samantha Hare","Niagara",0.305,0.379,0.458,0.836,40,133,118,20,36,6,0,4,26,2,12,17,2,0
2022,"All Division I","Maggie Kellner","Niagara",0.303,0.351,0.41,0.761,40,131,122,8,37,13,0,0,17,0,9,18,0,0
2022,"All Division I","Samantha Gwiazda","Nicholls",0.222,0.272,0.317,0.59,48,138,126,21,28,4,1,2,16,2,7,21,8,2
2022,"All Division I","Alexa Poche'","Nicholls",0.266,0.296,0.476,0.772,48,154,143,17,38,6,0,8,29,4,3,41,1,1
2022,"All Division I","Lulu Vazquez","Nicholls",0.25,0.33,0.38,0.711,39,104,92,13,23,8,2,0,10,4,7,18,0,0
2022,"All Division I","Haven Kirby","North Alabama",0.32,0.363,0.58,0.943,60,183,169,31,54,10,2,10,36,1,11,15,11,1
2022,"All Division I","Sidney Bevis","North Alabama",0.278,0.354,0.348,0.701,58,215,187,40,52,8,1,1,16,4,19,22,4,0
2022,"All Division I","Emma Broadfoot","North Alabama",0.388,0.484,0.64,1.124,60,214,178,41,69,15,0,10,61,3,31,23,1,0
2022,"All Division I","Kiannah Pierce","North Carolina",0.306,0.342,0.417,0.759,42,115,108,5,33,8,2,0,19,1,5,14,1,0
2022,"All Division I","Skyler Brooks","North Carolina",0.328,0.366,0.35,0.716,51,151,137,25,45,1,1,0,5,1,7,19,16,7
2022,"All Division I","Alyxx Estrada","North Carolina A&T",0.24,0.356,0.281,0.637,47,150,121,15,29,5,0,0,19,2,21,23,3,2
2022,"All Division I","Kayla Taylor","North Carolina A&T",0.139,0.227,0.19,0.417,37,88,79,4,11,1,0,1,5,0,9,44,1,0
2022,"All Division I","Emilee Buringa","North Dakota State",0.296,0.415,0.497,0.911,53,194,159,44,47,9,1,7,37,6,27,35,8,3
2022,"All Division I","Molly Gates","North Dakota State",0.307,0.378,0.448,0.826,48,187,163,40,50,14,3,1,24,1,19,29,7,1
2022,"All Division I","Reanna Rudd","North Dakota State",0.25,0.351,0.518,0.869,42,131,112,18,28,4,1,8,26,3,15,20,0,0
2022,"All Division I","Abi Annett","North Florida",0.257,0.292,0.441,0.733,53,146,136,14,35,7,0,6,29,0,7,16,2,0
2022,"All Division I","Lexi Cobb","North Texas",0.397,0.477,0.596,1.073,49,174,151,43,60,12,0,6,24,1,22,14,9,2
2022,"All Division I","Mikayla Smith","North Texas",0.206,0.308,0.365,0.673,52,148,126,18,26,6,1,4,24,0,19,26,6,1
2022,"All Division I","Ashlyn Walker","North Texas",0.229,0.333,0.323,0.656,42,113,96,10,22,6,0,1,5,4,11,11,2,0
2022,"All Division I","Kailey Gamble","North Texas",0.327,0.409,0.693,1.102,53,181,153,30,50,8,0,16,52,0,24,38,2,0
2022,"All Division I","Kalei Christensen","North Texas",0.304,0.376,0.583,0.959,53,190,168,36,51,12,1,11,48,6,14,24,12,1
2022,"All Division I","Brooke Snider","Northern Iowa",0.216,0.303,0.402,0.704,43,120,102,14,22,4,0,5,22,1,13,30,5,1
2022,"All Division I","Daryn Lamprecht","Northern Iowa",0.254,0.315,0.517,0.832,44,130,118,14,30,7,0,8,25,3,8,23,2,0
2022,"All Division I","Emmy Wells","Northern Iowa",0.309,0.439,0.829,1.268,46,155,123,24,38,7,0,19,51,2,28,31,0,0
2022,"All Division I","Maddie Lacer","Northern Kentucky",0.215,0.263,0.302,0.565,54,163,149,11,32,7,0,2,15,3,7,32,3,0
2022,"All Division I","Ella LeMonier","Northern Kentucky",0.221,0.274,0.238,0.513,56,194,172,27,38,1,1,0,5,1,12,18,18,3
2022,"All Division I","Sophie Margelot","Northern Kentucky",0.155,0.228,0.172,0.401,52,132,116,12,18,2,0,0,11,3,8,32,4,0
2022,"All Division I","Hannah Cady","Northwestern",0.284,0.354,0.515,0.869,58,192,169,29,48,7,1,10,38,11,9,36,1,0
2022,"All Division I","Taylor Williams","Northwestern State",0.26,0.331,0.32,0.651,51,175,150,27,39,7,1,0,10,3,13,26,8,0
2022,"All Division I","Karina Gaskins","Notre Dame",0.428,0.555,0.797,1.352,52,182,138,29,59,12,0,13,61,2,40,20,0,1
2022,"All Division I","Annalia Paoli","Ohio",0.371,0.439,0.662,1.101,48,171,151,34,56,5,3,11,39,1,18,16,8,2
2022,"All Division I","Yasmine Logan","Ohio",0.283,0.36,0.575,0.935,38,139,120,25,34,9,1,8,23,1,15,28,9,0
2022,"All Division I","Paige Knight","New Mexico State",0.284,0.351,0.455,0.806,49,151,134,17,38,2,0,7,25,3,12,13,0,2
2022,"All Division I","Tiare Jennings","Oklahoma",0.401,0.507,0.94,1.446,62,223,182,83,73,9,1,29,87,1,39,13,8,1
2022,"All Division I","Jayda Coleman","Oklahoma",0.424,0.584,0.667,1.251,62,202,144,70,61,9,1,8,40,5,52,14,13,2
2022,"All Division I","Zaida Puni","Tennessee",0.287,0.356,0.591,0.947,58,205,181,28,52,11,1,14,53,6,15,36,1,0
2022,"All Division I","Katelynn Carwile","Oklahoma State",0.335,0.395,0.553,0.948,59,178,161,31,54,14,0,7,33,7,9,25,3,1
2022,"All Division I","Blaise Biringer","Arizona",0.302,0.354,0.422,0.777,46,128,116,21,35,8,0,2,18,3,7,19,1,0
2022,"All Division I","Izzy Eltze","Omaha",0.367,0.394,0.671,1.065,46,170,158,38,58,9,6,9,29,5,4,14,10,2
2022,"All Division I","Hanna Delgado","Oregon",0.364,0.467,0.487,0.954,52,186,154,41,56,8,1,3,24,6,24,16,16,4
2022,"All Division I","Alyssa Brito","Oklahoma",0.368,0.447,0.743,1.19,59,162,136,46,50,7,1,14,46,4,18,21,3,2
2022,"All Division I","Rian Dirmeyer","Pacific",0.345,0.378,0.595,0.973,46,156,148,28,51,6,2,9,25,3,5,18,4,1
2022,"All Division I","Reagan Hamilton","Pacific",0.203,0.248,0.341,0.589,48,151,138,11,28,7,0,4,25,2,7,32,1,0
2022,"All Division I","Brianna Brown","Penn",0.293,0.322,0.319,0.641,36,122,116,11,34,1,1,0,8,0,5,19,7,3
2022,"All Division I","Sammy Fenton","Penn",0.17,0.263,0.193,0.456,36,101,88,9,15,2,0,0,3,3,8,21,1,0
2022,"All Division I","Julia Mortimer","Penn",0.27,0.308,0.38,0.688,35,107,100,7,27,5,0,2,11,0,6,32,4,1
2022,"All Division I","Dana Anderson","Penn",0.28,0.346,0.452,0.797,34,107,93,7,26,4,0,4,18,4,7,18,0,0
2022,"All Division I","Lauren Marcotte","Penn State",0.253,0.341,0.288,0.629,54,171,146,17,37,5,0,0,18,7,13,24,1,1
2022,"All Division I","Lexie Black","Penn State",0.25,0.327,0.5,0.827,54,172,148,16,37,8,1,9,30,2,17,44,0,0
2022,"All Division I","Liana Jones","Penn State",0.224,0.311,0.374,0.685,45,125,107,18,24,7,0,3,15,5,9,30,6,0
2022,"All Division I","Cami Compson","Pittsburgh",0.271,0.346,0.492,0.837,41,133,118,20,32,3,1,7,22,2,12,49,4,0
2022,"All Division I","Alexa Cepeda","Portland State",0.287,0.368,0.327,0.695,40,116,101,18,29,4,0,0,15,5,8,26,1,0
2022,"All Division I","Olivia Dean","Portland State",0.28,0.373,0.348,0.721,42,157,132,33,37,5,2,0,16,2,18,25,19,3
2022,"All Division I","Shea Garcia","Portland State",0.221,0.413,0.273,0.686,37,104,77,7,17,4,0,0,11,2,24,18,0,0
2022,"All Division I","Paetynn Lopez","Portland State",0.277,0.376,0.563,0.939,42,144,119,28,33,4,3,8,25,2,18,19,2,0
2022,"All Division I","Logan Riggenbach","Portland State",0.37,0.405,0.609,1.014,45,152,138,23,51,10,1,7,40,2,7,25,1,0
2022,"All Division I","Maddie Thompson","Portland State",0.252,0.325,0.27,0.595,35,125,111,21,28,0,1,0,2,1,11,13,16,1
2022,"All Division I","Kaitlyn Tucker","Presbyterian",0.36,0.482,0.426,0.909,51,180,136,38,49,7,1,0,10,3,29,20,7,0
2022,"All Division I","Jillian Hewes","Presbyterian",0.326,0.395,0.528,0.923,51,167,144,22,47,11,0,6,29,2,17,33,0,0
2022,"All Division I","Bailey Watkins","Presbyterian",0.231,0.294,0.295,0.589,39,87,78,14,18,2,0,1,7,2,5,23,0,0
2022,"All Division I","Grace Jackson","Princeton",0.258,0.321,0.313,0.634,46,140,128,16,33,7,0,0,9,1,11,25,5,2
2022,"All Division I","Tori Grifone","Providence",0.235,0.3,0.367,0.667,38,110,98,9,23,1,0,4,21,1,9,19,0,0
2022,"All Division I","Madi Traver","Providence",0.2,0.285,0.336,0.621,44,123,110,14,22,6,0,3,11,3,10,28,0,0
2022,"All Division I","Jacque Harrington","Providence",0.359,0.452,0.69,1.142,44,166,142,29,51,11,0,12,28,1,23,12,0,0
2022,"All Division I","Kiley Goff","Maryland",0.297,0.445,0.341,0.786,47,121,91,25,27,4,0,0,8,6,20,14,13,4
2022,"All Division I","Jade Moy","Purdue",0.242,0.328,0.382,0.71,55,195,165,23,40,6,4,3,19,1,22,45,6,1
2022,"All Division I","Kiara Dillon","Purdue",0.233,0.321,0.3,0.621,53,143,120,22,28,5,0,1,7,4,13,29,7,0
2022,"All Division I","Kayla Thomas","Quinnipiac",0.238,0.276,0.475,0.752,41,134,122,21,29,5,0,8,22,3,5,28,1,0
2022,"All Division I","Gianna Palmisano","Quinnipiac",0.317,0.371,0.402,0.773,32,92,82,13,26,5,1,0,13,0,7,27,4,3
2022,"All Division I","Vicki Viaclovsky","Rhode Island",0.291,0.336,0.359,0.696,39,113,103,7,30,4,0,1,13,1,6,16,0,0
2022,"All Division I","Jessie Niegocki","Rider",0.359,0.419,0.391,0.81,54,204,184,34,66,6,0,0,16,3,16,22,0,0
2022,"All Division I","Laneya Wright","Rider",0.267,0.301,0.377,0.677,51,155,146,20,39,8,1,2,23,2,5,17,0,0
2022,"All Division I","Charlotte Grover","Robert Morris",0.261,0.324,0.412,0.736,52,183,165,29,43,10,0,5,26,3,13,35,0,0
2022,"All Division I","Kobie Hura","Rutgers",0.215,0.287,0.342,0.629,42,92,79,15,17,4,0,2,9,3,5,24,5,1
2022,"All Division I","Kayla Bock","Rutgers",0.284,0.37,0.474,0.844,44,109,95,8,27,6,0,4,20,6,7,16,0,0
2022,"All Division I","Leilani Chavez","Rutgers",0.203,0.259,0.203,0.462,42,87,74,5,15,0,0,0,4,0,6,16,1,2
2022,"All Division I","Ava Bieneman","Loyola Chicago",0.208,0.286,0.225,0.511,44,133,120,14,25,2,0,0,4,0,13,29,7,6
2022,"All Division I","Jenna Herron","SIUE",0.235,0.283,0.294,0.578,46,132,119,14,28,4,0,1,8,0,8,29,5,0
2022,"All Division I","Grace Bretveld","SIUE",0.184,0.327,0.287,0.614,42,107,87,8,16,3,0,2,9,10,9,18,0,0
2022,"All Division I","Grace Lueke","SIUE",0.305,0.411,0.61,1.021,46,168,141,25,43,7,0,12,38,1,25,44,0,0
2022,"All Division I","Emily Carroll","Sacred Heart",0.292,0.316,0.354,0.67,55,174,161,15,47,5,1,1,19,1,6,22,1,0
2022,"All Division I","Jenna Mowad","Sacred Heart",0.328,0.419,0.44,0.859,53,139,116,15,38,7,0,2,12,3,16,21,5,0
2022,"All Division I","Grace Saad","Sacred Heart",0.345,0.392,0.577,0.97,48,154,142,23,49,8,2,7,25,2,9,27,0,0
2022,"All Division I","Jordan Pietrzykoski","Saint Francis",0.331,0.389,0.41,0.799,52,186,166,35,55,7,3,0,21,2,15,8,13,2
2022,"All Division I","Lexi Hernandez","Saint Francis",0.194,0.242,0.247,0.49,45,99,93,7,18,2,0,1,16,1,5,8,0,0
2022,"All Division I","Jocelyn Abbott","Saint Louis",0.177,0.22,0.29,0.51,44,135,124,15,22,2,3,2,16,0,7,40,2,0
2022,"All Division I","Marissa Nishihara","Saint Mary's (CA)",0.309,0.349,0.397,0.746,47,151,136,21,42,4,4,0,12,1,8,24,5,2
2022,"All Division I","Sasa Koria","Saint Mary's (CA)",0.28,0.387,0.43,0.817,40,120,100,12,28,5,2,2,9,10,8,21,2,1
2022,"All Division I","Maiah Skakal","Saint Peter's",0.266,0.304,0.367,0.671,52,152,139,23,37,6,1,2,13,5,3,15,3,2
2022,"All Division I","Kylie Hobbs","Sam Houston State",0.269,0.335,0.488,0.823,53,182,160,18,43,12,1,7,35,3,14,25,4,1
2022,"All Division I","Amanda Limon","San Diego",0.201,0.27,0.242,0.512,54,166,149,13,30,2,2,0,10,0,14,35,3,0
2022,"All Division I","Alexia Torculas","San Diego",0.297,0.364,0.44,0.804,54,197,175,32,52,4,3,5,18,4,15,39,8,4
2022,"All Division I","Sofia Delgado","San Diego",0.244,0.301,0.341,0.642,44,133,123,15,30,5,2,1,11,6,4,22,5,0
2022,"All Division I","Makena Brocki","San Diego State",0.275,0.341,0.408,0.749,47,137,120,19,33,4,3,2,22,2,10,19,6,1
2022,"All Division I","Ashley Rico","San Jose State",0.29,0.309,0.428,0.736,47,151,145,20,42,8,0,4,19,0,4,24,2,0
2022,"All Division I","Hannah Alexander","Seton Hall",0.242,0.349,0.352,0.701,33,106,91,7,22,4,0,2,8,10,5,21,1,0
2022,"All Division I","Shannon Bonewit","Siena",0.256,0.333,0.304,0.637,47,146,125,10,32,4,1,0,14,2,13,16,4,1
2022,"All Division I","Isabella Pardo","Siena",0.358,0.394,0.389,0.783,55,213,193,38,69,4,1,0,10,1,12,12,6,2
2022,"All Division I","Abby Allen","South Alabama",0.191,0.4,0.416,0.816,41,120,89,21,17,2,3,4,12,3,28,33,2,1
2022,"All Division I","Belle Wolfenden","South Alabama",0.195,0.283,0.239,0.522,46,132,113,7,22,3,1,0,10,1,13,17,1,0
2022,"All Division I","Maddie Gallagher","South Carolina",0.292,0.403,0.41,0.813,56,192,161,35,47,8,4,1,28,7,23,36,5,2
2022,"All Division I","Carlie Henderson","South Carolina",0.28,0.356,0.294,0.65,54,161,143,20,40,2,0,0,19,1,16,18,7,2
2022,"All Division I","Riley Blampied","South Carolina",0.313,0.376,0.494,0.869,52,181,160,29,50,15,1,4,28,4,14,34,6,1
2022,"All Division I","Gabby Moser","South Dakota",0.331,0.378,0.576,0.954,50,127,118,19,39,15,1,4,26,1,8,23,0,0
2022,"All Division I","Emma Osmundson","South Dakota State",0.29,0.362,0.379,0.74,53,190,169,26,49,10,1,1,17,2,17,27,1,0
2022,"All Division I","Rozelyn Carrillo","South Dakota State",0.383,0.429,0.646,1.074,54,198,175,46,67,13,0,11,47,2,15,15,2,0
2022,"All Division I","Cheyanne Masterson","South Dakota State",0.27,0.358,0.587,0.945,49,148,126,27,34,1,0,13,35,2,17,26,0,0
2022,"All Division I","Abigail Rickermann","Southeast Missouri",0.296,0.376,0.37,0.746,47,125,108,23,32,2,3,0,10,2,13,7,9,3
2022,"All Division I","Kynzie Wrigley","Southeast Missouri",0.323,0.372,0.541,0.914,51,147,133,33,43,12,1,5,31,2,9,20,9,2
2022,"All Division I","Lexi Johnson","Southeastern Louisiana",0.302,0.341,0.562,0.903,56,185,169,33,51,13,5,7,38,0,12,20,11,0
2022,"All Division I","Rylie Hamilton","Southern Illinois",0.363,0.414,0.541,0.955,46,177,157,38,57,3,2,7,37,0,15,24,2,1
2022,"All Division I","Elizabeth Warwick","Southern Illinois",0.299,0.404,0.526,0.929,44,163,137,25,41,10,0,7,38,4,20,30,5,2
2022,"All Division I","Elisabeth Huckleberry","Southern Illinois",0.246,0.397,0.395,0.792,45,151,114,24,28,5,0,4,23,3,29,27,1,0
2022,"All Division I","Maria Smith","Southern Miss",0.238,0.324,0.404,0.728,52,171,151,22,36,5,1,6,19,0,19,34,3,1
2022,"All Division I","Reilly Williams","Southern Utah",0.162,0.291,0.283,0.573,42,119,99,6,16,4,1,2,13,3,15,33,0,0
2022,"All Division I","Kalena Shepherd","Utah Valley",0.322,0.434,0.545,0.979,48,174,143,21,46,11,0,7,45,1,28,21,1,0
2022,"All Division I","Gianna Carosone","Southern Utah",0.208,0.216,0.26,0.477,34,97,96,5,20,5,0,0,4,0,1,25,3,3
2022,"All Division I","Brooke Bobbey","St. Bonaventure",0.248,0.32,0.301,0.621,42,132,113,13,28,6,0,0,4,3,9,28,14,2
2022,"All Division I","Kennedy Haberl","St. Bonaventure",0.128,0.253,0.141,0.394,36,95,78,5,10,1,0,0,5,1,12,23,0,0
2022,"All Division I","Melanie Santos","St. John's",0.158,0.252,0.221,0.473,36,108,95,3,15,3,0,1,10,3,9,18,0,0
2022,"All Division I","Aly Kaneshiro","Stanford",0.24,0.312,0.351,0.663,59,174,154,19,37,5,0,4,20,6,11,14,3,0
2022,"All Division I","Amanda Carden","Houston",0.291,0.317,0.348,0.665,48,166,158,20,46,7,1,0,16,1,5,25,6,4
2022,"All Division I","Lexi Benson","Stephen F. Austin",0.257,0.328,0.438,0.766,44,120,105,12,27,5,1,4,23,0,12,29,2,0
2022,"All Division I","Jordyn Stanfill","Stetson",0.169,0.288,0.416,0.704,45,109,89,8,15,4,0,6,12,1,14,46,0,0
2022,"All Division I","Juls Schumacher","Stetson",0.185,0.241,0.361,0.602,45,116,108,10,20,4,0,5,13,1,7,41,4,0
2022,"All Division I","Alicia Orosco","Stony Brook",0.269,0.322,0.305,0.628,48,182,167,34,45,4,1,0,14,0,13,18,8,2
2022,"All Division I","Sofia Chambers","Stony Brook",0.252,0.341,0.306,0.648,43,130,111,13,28,3,0,1,13,3,12,9,2,0
2022,"All Division I","Catherine Anne Kupinski","Stony Brook",0.25,0.326,0.398,0.725,47,145,128,17,32,11,1,2,26,5,10,23,1,1
2022,"All Division I","Kyra McFarland","Stony Brook",0.32,0.373,0.392,0.766,48,176,153,26,49,7,2,0,15,3,10,11,11,1
2022,"All Division I","Angel Jasso","Syracuse",0.372,0.434,0.635,1.069,46,160,137,30,51,15,3,5,32,7,11,11,21,5
2022,"All Division I","Rylie West","Tennessee",0.271,0.373,0.549,0.922,50,159,133,30,36,9,2,8,24,5,18,15,0,0
2022,"All Division I","Anayah Baker-Rowell","Tennessee State",0.218,0.266,0.34,0.606,53,160,147,14,32,10,1,2,11,2,8,25,3,0
2022,"All Division I","Peyton Fointno","Tennessee State",0.257,0.306,0.338,0.644,54,166,148,11,38,10,1,0,20,5,6,15,4,1
2022,"All Division I","Carmen Betts","Tennessee Tech",0.296,0.386,0.438,0.825,54,190,162,38,48,8,0,5,32,2,23,18,3,0
2022,"All Division I","Mackenzie Fitzgerald","Tennessee Tech",0.321,0.362,0.497,0.86,54,208,193,52,62,7,3,7,28,0,13,11,26,2
2022,"All Division I","Alyssa Washington","Texas",0.277,0.356,0.422,0.778,65,203,173,30,48,10,0,5,35,2,22,29,3,2
2022,"All Division I","Bailey Williams","Fresno State",0.248,0.331,0.338,0.669,49,153,133,11,33,3,3,1,25,0,17,38,0,0
2022,"All Division I","Rylen Wiggins","Texas A&M",0.224,0.377,0.5,0.877,59,191,152,38,34,9,0,11,37,2,36,30,12,1
2022,"All Division I","Trinity Cannon","Texas A&M",0.288,0.418,0.494,0.912,59,201,160,32,46,9,0,8,42,10,28,30,4,1
2022,"All Division I","Pal Egan","Texas A&M-Corpus Christi",0.426,0.555,0.794,1.349,52,201,155,48,66,17,2,12,36,7,38,20,27,6
2022,"All Division I","Hannah Earls","Texas State",0.272,0.355,0.299,0.655,48,166,147,28,40,2,1,0,9,0,19,18,22,4
2022,"All Division I","Arriana Villa","Texas Tech",0.256,0.348,0.444,0.792,48,155,133,23,34,3,2,6,25,0,20,36,0,0
2022,"All Division I","Riley Love","Texas Tech",0.157,0.283,0.27,0.553,42,108,89,13,14,2,1,2,8,8,8,23,1,0
2022,"All Division I","Abbie Orrick","Texas Tech",0.248,0.323,0.487,0.81,44,130,117,17,29,10,0,6,21,3,10,34,3,2
2022,"All Division I","Jenna Kroll","Toledo",0.268,0.345,0.48,0.825,44,144,127,15,34,7,1,6,26,5,10,29,0,0
2022,"All Division I","Madyson Peters","Towson",0.245,0.276,0.373,0.649,40,117,110,5,27,6,1,2,16,3,2,20,0,0
2022,"All Division I","Mackenzie Lake","Towson",0.303,0.357,0.469,0.826,47,160,145,20,44,7,1,5,22,5,7,10,2,1
2022,"All Division I","Audra Thompson","Troy",0.258,0.381,0.344,0.724,52,157,128,16,33,5,0,2,21,2,24,34,0,0
2022,"All Division I","Kennedi Gaton","Troy",0.182,0.258,0.236,0.494,46,125,110,9,20,3,0,1,10,5,7,25,1,0
2022,"All Division I","Imani Edwards","Tulsa",0.254,0.322,0.358,0.68,47,154,134,24,34,3,1,3,16,3,11,26,6,1
2022,"All Division I","Brooke Davis","Lamar",0.218,0.273,0.252,0.526,44,132,119,12,26,4,0,0,7,1,8,13,5,1
2022,"All Division I","Sam Bean","Lamar",0.255,0.357,0.372,0.73,49,170,145,26,37,9,1,2,8,6,17,21,2,0
2022,"All Division I","Lilly Crowe","UAB",0.219,0.273,0.398,0.672,46,140,128,16,28,5,3,4,22,1,9,16,2,1
2022,"All Division I","Olivia Valbak","UAB",0.194,0.262,0.235,0.496,45,112,98,9,19,2,1,0,8,2,7,6,0,2
2022,"All Division I","Kennedy Searcy","UCF",0.308,0.435,0.462,0.897,63,212,169,41,52,6,1,6,31,6,33,26,6,2
2022,"All Division I","Carson Armijo","Texas Tech",0.308,0.442,0.442,0.884,43,130,104,19,32,5,0,3,18,6,19,32,0,3
2022,"All Division I","Sophie Piskos","UL Lafayette",0.349,0.408,0.611,1.019,50,169,149,27,52,13,1,8,31,4,13,15,7,0
2022,"All Division I","Kyleigh Sand","Rutgers",0.398,0.495,0.497,0.992,55,208,171,49,68,12,1,1,23,2,33,9,22,5
2022,"All Division I","Andie Edwards","UL Monroe",0.202,0.268,0.292,0.56,43,99,89,12,18,2,0,2,12,3,5,12,6,0
2022,"All Division I","Madelyn Fletcher","UL Monroe",0.241,0.308,0.284,0.592,44,132,116,18,28,2,0,1,24,0,12,24,1,1
2022,"All Division I","Casey Turner","UMBC",0.231,0.268,0.319,0.587,34,97,91,14,21,2,0,2,12,0,5,15,1,0
2022,"All Division I","Ashley Della Guardia","UMBC",0.266,0.307,0.404,0.711,36,102,94,16,25,4,0,3,14,0,6,17,1,0
2022,"All Division I","Madison Wilson","UMBC",0.205,0.295,0.359,0.654,37,88,78,2,16,6,0,2,9,0,10,10,1,0
2022,"All Division I","Chloe Whittier","UMass",0.253,0.335,0.34,0.675,51,172,150,20,38,5,1,2,25,8,11,10,5,2
2022,"All Division I","Payge Suggs","UMass",0.288,0.417,0.322,0.739,42,146,118,27,34,2,1,0,6,3,23,29,7,0
2022,"All Division I","Bella Pantoja","UMass",0.306,0.366,0.387,0.754,51,191,173,31,53,7,2,1,15,5,12,24,11,1
2022,"All Division I","Lea White","UMass Lowell",0.305,0.351,0.418,0.769,48,151,141,25,43,7,0,3,19,0,10,21,6,1
2022,"All Division I","Becca Vaillancourt","UMass Lowell",0.312,0.415,0.447,0.862,48,171,141,14,44,13,0,2,18,9,18,16,1,0
2022,"All Division I","Brooklynn Maxwell","UNC Greensboro",0.265,0.305,0.426,0.731,54,178,162,33,43,6,1,6,17,0,10,7,3,0
2022,"All Division I","Tayler Vitola","UNC Wilmington",0.322,0.383,0.322,0.706,47,168,152,34,49,0,0,0,4,2,13,16,26,4
2022,"All Division I","Celeste Delorenzo","USC Upstate",0.312,0.386,0.439,0.826,55,183,157,39,49,11,0,3,32,5,14,19,6,0
2022,"All Division I","Alanah Rivera","USF",0.241,0.33,0.354,0.684,61,187,158,20,38,13,1,1,28,7,15,21,1,0
2022,"All Division I","Josie Foreman","USF",0.285,0.359,0.504,0.863,52,157,137,17,39,6,0,8,29,4,12,17,1,0
2022,"All Division I","Jessica Carreon","UT Arlington",0.243,0.365,0.287,0.652,49,142,115,17,28,2,0,1,8,1,21,26,9,3
2022,"All Division I","Kaci Fuller","UT Martin",0.388,0.429,0.503,0.932,53,187,165,34,64,6,2,3,21,2,12,20,5,1
2022,"All Division I","Emily Gilstrap","UT Martin",0.183,0.309,0.194,0.503,45,117,93,18,17,1,0,0,19,6,11,31,0,0
2022,"All Division I","Lexi Morales","UTEP",0.294,0.411,0.426,0.838,49,164,136,23,40,7,1,3,16,1,26,19,4,1
2022,"All Division I","Erykah Guerrero","UTSA",0.301,0.353,0.528,0.881,45,136,123,19,37,4,0,8,22,1,10,38,0,0
2022,"All Division I","Kat Ibarra","UTSA",0.327,0.429,0.569,0.997,48,182,153,37,50,4,3,9,23,1,27,26,3,1
2022,"All Division I","Sophie Jacquez","Utah",0.31,0.348,0.476,0.824,49,135,126,13,39,12,3,1,22,4,4,6,2,0
2022,"All Division I","Aliya Belarde","Utah",0.278,0.325,0.311,0.636,51,170,151,34,42,2,0,1,8,1,10,21,8,4
2022,"All Division I","Zaia Castruita","Utah State",0.263,0.302,0.425,0.727,53,182,167,22,44,9,0,6,31,3,8,15,0,0
2022,"All Division I","Megan Gibbs","Utah Valley",0.28,0.378,0.538,0.916,50,157,132,34,37,7,0,9,27,5,17,29,5,0
2022,"All Division I","Kayla Skapyak","Valparaiso",0.227,0.247,0.227,0.473,38,81,75,8,17,0,0,0,1,0,2,14,7,0
2022,"All Division I","Regi Hecker","Valparaiso",0.228,0.264,0.298,0.563,45,123,114,8,26,6,1,0,14,0,6,31,0,0
2022,"All Division I","Tess Cites","Villanova",0.228,0.379,0.337,0.716,47,116,92,12,21,4,0,2,9,3,20,29,8,1
2022,"All Division I","Lauren VanAssche","Virginia",0.273,0.318,0.36,0.678,46,151,139,26,38,6,0,2,15,0,10,28,8,1
2022,"All Division I","Leah Boggs","Virginia",0.289,0.326,0.472,0.797,53,175,159,23,46,13,2,4,24,2,8,23,9,3
2022,"All Division I","Gabby Baylog","Virginia",0.273,0.389,0.418,0.807,43,133,110,13,30,7,0,3,15,4,17,18,7,2
2022,"All Division I","Emma Ritter","Virginia Tech",0.4,0.474,0.661,1.135,55,194,165,53,66,11,4,8,40,5,21,6,23,2
2022,"All Division I","Cameron Fagan","Virginia Tech",0.349,0.416,0.495,0.911,55,209,186,42,65,5,2,6,27,0,22,16,3,2
2022,"All Division I","Scarlett Lloyd","Wagner",0.259,0.29,0.328,0.618,39,124,116,7,30,5,0,1,14,0,6,10,0,0
2022,"All Division I","Makenzie Miller","Wagner",0.271,0.3,0.361,0.661,48,148,133,23,36,7,1,1,14,2,4,18,4,1
2022,"All Division I","Mackenzie Vogler","Wagner",0.263,0.33,0.444,0.775,40,110,99,10,26,6,0,4,18,0,10,12,0,1
2022,"All Division I","Keaghan Ward","Wagner",0.252,0.339,0.299,0.639,48,169,147,13,37,7,0,0,16,7,13,14,2,1
2022,"All Division I","Jenn Cummings","Washington",0.24,0.397,0.375,0.772,45,126,96,15,23,7,0,2,6,16,9,28,0,0
2022,"All Division I","Makayla Donahoo","Weber State",0.326,0.369,0.421,0.79,46,111,95,29,31,5,2,0,8,0,7,23,12,0
2022,"All Division I","Mia Rushton","Weber State",0.29,0.344,0.359,0.702,50,160,145,38,42,6,2,0,15,0,13,36,8,0
2022,"All Division I","Jeralynn Wells","Western Carolina",0.174,0.237,0.229,0.467,41,119,109,9,19,3,0,1,6,5,4,17,4,1
2022,"All Division I","Gabriela Drager","Western Illinois",0.151,0.232,0.174,0.406,39,97,86,3,13,2,0,0,3,5,4,23,0,0
2022,"All Division I","Jorja Hudson","Western Illinois",0.236,0.306,0.258,0.565,34,98,89,1,21,2,0,0,7,1,8,19,1,0
2022,"All Division I","Cassidy Brendtke","Western Michigan",0.267,0.322,0.391,0.713,53,177,161,18,43,11,0,3,23,0,13,28,0,1
2022,"All Division I","Rissa Bajusz","Western Michigan",0.236,0.276,0.315,0.591,51,139,127,15,30,4,0,2,13,1,6,28,4,1
2022,"All Division I","Lauren Lucas","Wichita State",0.387,0.461,0.684,1.145,51,179,155,41,60,12,2,10,39,0,22,24,5,2
2022,"All Division I","Addison Barnard","Wichita State",0.391,0.467,1.018,1.485,52,201,169,64,66,7,0,33,84,4,23,37,25,4
2022,"All Division I","Jessica Garcia","Wichita State",0.326,0.473,0.547,1.019,40,110,86,21,28,4,0,5,16,6,18,12,0,0
2022,"All Division I","Makenzie Smith","Winthrop",0.207,0.258,0.306,0.565,43,120,111,6,23,5,0,2,17,0,8,23,1,0
2022,"All Division I","Kaitlyn Tucker","Winthrop",0.227,0.342,0.371,0.713,51,164,132,12,30,10,0,3,24,4,21,41,2,1
2022,"All Division I","Hailey Niederkohr","Youngstown State",0.238,0.331,0.302,0.633,50,147,126,21,30,6,1,0,13,2,16,28,4,2
2022,"All Division I","Deena Pederson","UC San Diego",0.252,0.329,0.339,0.667,49,147,127,20,32,2,3,1,12,5,10,30,14,1
2022,"All Division I","Jazmine Dodd","Alabama State",0.338,0.415,0.419,0.834,50,175,148,30,50,7,1,1,26,1,20,16,13,3
2022,"All Division I","Arianna Atchley","Alabama State",0.194,0.235,0.213,0.448,43,123,108,21,21,2,0,0,6,1,5,13,8,0
2022,"All Division I","Destinee Dixon","Alabama State",0.23,0.341,0.336,0.677,43,137,113,14,26,4,1,2,27,9,11,11,6,1
2022,"All Division I","Jaeda Gardner","Alabama State",0.263,0.311,0.277,0.588,50,149,137,25,36,2,0,0,11,0,10,34,16,1
2022,"All Division I","Hailey Batista","North Carolina Central",0.272,0.393,0.52,0.913,48,150,125,31,34,10,0,7,28,4,21,26,5,0
2022,"All Division I","Jaylah Barr","North Carolina Central",0.262,0.406,0.505,0.911,45,133,107,17,28,5,0,7,23,3,23,27,1,0
2022,"All Division I","Maci Brown","Oakland",0.243,0.277,0.336,0.613,39,113,107,13,26,4,3,0,6,1,4,29,1,0
2022,"All Division I","Madison Simon","Oregon State",0.247,0.287,0.435,0.722,57,168,154,22,38,5,0,8,25,1,9,33,1,2
2022,"All Division I","Bailey McLaughlin","Santa Clara",0.233,0.266,0.244,0.51,41,99,90,14,21,1,0,0,3,2,2,26,6,3
2022,"All Division I","Sarah Nakahara","UC Davis",0.212,0.293,0.246,0.539,49,135,118,8,25,4,0,0,7,1,13,32,11,3
2022,"All Division I","Anna Dethlefson","UC Davis",0.326,0.37,0.491,0.861,52,194,175,42,57,9,1,6,20,7,7,11,19,4
2022,"All Division I","Libbie McMahan","UC Davis",0.255,0.361,0.345,0.706,52,172,145,12,37,7,0,2,16,10,14,27,5,1
2022,"All Division I","Addie Lightner","Drake",0.268,0.321,0.455,0.776,48,138,123,13,33,11,0,4,29,1,10,21,1,0
2022,"All Division I","Abigayle Perry","Mount St. Mary's",0.279,0.453,0.581,1.034,48,173,129,33,36,8,5,7,28,16,25,29,11,2
2022,"All Division I","Bridgette Gilliano","Mount St. Mary's",0.283,0.333,0.414,0.748,48,170,152,31,43,6,1,4,25,3,9,18,39,1
2022,"All Division I","Tori Bowles","Mount St. Mary's",0.261,0.35,0.37,0.72,43,137,119,9,31,4,0,3,10,5,12,17,0,0
2022,"All Division I","Peyton Bannon","Wisconsin",0.311,0.397,0.491,0.887,42,127,106,26,33,4,3,3,25,6,11,22,4,3
2022,"All Division I","Keisha White","Mississippi Valley",0.247,0.294,0.409,0.703,33,102,93,14,23,5,2,2,13,0,7,16,12,1
2022,"All Division I","Shelby Carson","Mississippi Valley",0.253,0.333,0.437,0.77,33,99,87,15,22,4,3,2,11,4,7,8,8,2
2022,"All Division I","Carmen Muscolina","Yale",0.207,0.226,0.402,0.629,29,86,82,10,17,2,1,4,10,1,1,13,0,0
2022,"All Division I","Alex Perren","Yale",0.145,0.25,0.161,0.411,27,72,62,4,9,1,0,0,5,4,5,14,2,1
2022,"All Division I","Marissa Baxter","Stetson",0.182,0.259,0.365,0.624,55,167,148,9,27,10,1,5,29,3,13,28,0,0
2022,"All Division I","Kimane Rogron","Texas A&M-Corpus Christi",0.242,0.269,0.331,0.6,42,131,124,10,30,6,1,1,13,2,3,21,3,2
2022,"All Division I","Miranda Lista","Abilene Christian",0.271,0.321,0.419,0.74,43,141,129,21,35,3,2,4,18,2,8,23,2,1
2022,"All Division I","Logan Gaspar","Abilene Christian",0.212,0.328,0.279,0.607,50,131,104,18,22,4,0,1,13,5,13,26,6,2
2022,"All Division I","Mercedes Eichelberger","Abilene Christian",0.329,0.455,0.445,0.901,51,191,155,37,51,11,2,1,16,12,24,11,9,1
2022,"All Division I","Cheyenne Stark","UTEP",0.182,0.297,0.286,0.582,39,91,77,8,14,5,0,1,6,6,7,30,1,1
2022,"All Division I","Kaylin Jackson","UTEP",0.22,0.258,0.363,0.62,39,97,91,3,20,4,0,3,20,1,4,30,0,0
2022,"All Division I","Marijn Crouwel","UTEP",0.217,0.308,0.293,0.601,39,105,92,4,20,4,0,1,13,3,9,16,0,0
2022,"All Division I","Ajia Richard","UTEP",0.277,0.346,0.39,0.736,49,159,141,20,39,7,0,3,19,0,15,25,4,0
2022,"All Division I","Jaycie Gandert","Northern Colorado",0.273,0.407,0.371,0.779,49,170,132,35,36,9,2,0,8,8,22,25,4,3
2022,"All Division I","Peyton Gale","Northern Colorado",0.268,0.351,0.366,0.717,45,133,112,13,30,5,0,2,21,8,8,29,0,1
2022,"All Division I","Kaileigh Holland","Northern Colorado",0.289,0.365,0.396,0.761,52,184,159,21,46,5,0,4,32,1,19,17,3,0
2022,"All Division I","Rylee Nicholson","South Dakota",0.237,0.346,0.421,0.767,45,135,114,26,27,8,2,3,18,3,16,22,4,0
2022,"All Division I","Bela Goerke","South Dakota",0.277,0.304,0.454,0.758,44,135,130,15,36,5,0,6,29,1,4,28,0,0
2022,"All Division I","Tatum Villotta","South Dakota",0.333,0.376,0.4,0.776,52,195,180,36,60,7,1,1,14,3,10,23,12,3
2022,"All Division I","AnneMarie Murphy","San Diego State",0.304,0.338,0.372,0.709,52,165,148,20,45,4,0,2,26,3,6,15,3,1
2022,"All Division I","Isabella Espinoza","San Diego State",0.375,0.4,0.386,0.786,53,188,176,39,66,0,1,0,2,0,8,12,15,3
2022,"All Division I","Neely Peterson","FGCU",0.215,0.257,0.346,0.602,44,117,107,9,23,5,0,3,12,0,6,31,2,0
2022,"All Division I","Angela Cirone","Akron",0.247,0.313,0.288,0.6,50,166,146,24,36,2,2,0,11,7,7,24,10,0
2022,"All Division I","Lexi Campbell","Akron",0.313,0.344,0.407,0.751,48,158,150,19,47,11,0,1,24,0,7,6,2,1
2022,"All Division I","Katelyn Reynolds","Akron",0.22,0.275,0.25,0.525,38,111,100,10,22,3,0,0,10,0,8,13,0,0
2022,"All Division I","Dallis Goodnight","Alabama",0.302,0.37,0.36,0.73,52,159,139,33,42,3,1,1,8,4,11,22,18,2
2022,"All Division I","Megan Bloodworth","Alabama",0.292,0.395,0.566,0.961,48,133,106,14,31,6,1,7,30,8,12,22,1,1
2022,"All Division I","Alex Preston","Alabama State",0.277,0.364,0.468,0.832,52,165,141,13,39,16,1,3,24,1,20,24,1,0
2022,"All Division I","Addie Wray","Appalachian State",0.301,0.343,0.353,0.696,55,170,156,18,47,4,2,0,11,0,10,28,9,2
2022,"All Division I","Kennedy Upshire","Appalachian State",0.175,0.316,0.268,0.584,42,117,97,9,17,3,0,2,15,3,17,37,0,0
2022,"All Division I","McKenzie McCullen","Appalachian State",0.281,0.401,0.5,0.901,52,177,146,18,41,8,0,8,36,2,28,44,0,0
2022,"All Division I","Cydney Sanders","Arizona State",0.425,0.566,0.952,1.518,54,197,146,53,62,14,0,21,63,4,45,13,4,1
2022,"All Division I","Paige Dimler","Arizona",0.299,0.362,0.583,0.944,48,142,127,24,38,4,1,10,25,4,9,29,0,0
2022,"All Division I","Nelia Peralta","Auburn",0.31,0.391,0.634,1.025,53,170,145,23,45,15,1,10,42,1,20,22,1,0
2022,"All Division I","Aubrie Lisenby","Auburn",0.269,0.353,0.385,0.738,49,120,104,14,28,6,0,2,18,1,13,13,1,0
2022,"All Division I","Jessie Blaine","Auburn",0.285,0.393,0.547,0.94,54,164,137,27,39,5,2,9,37,0,25,21,3,2
2022,"All Division I","Bri Ellis","Auburn",0.302,0.378,0.772,1.15,56,172,149,32,45,8,1,20,49,7,13,23,2,0
2022,"All Division I","Kylie Campbell","Austin Peay",0.338,0.402,0.444,0.846,53,173,151,14,51,7,0,3,28,0,17,10,1,0
2022,"All Division I","Chloe Collins","Bellarmine",0.266,0.347,0.477,0.824,43,124,109,8,29,5,0,6,17,1,13,20,0,0
2022,"All Division I","Baie Ensio","Belmont",0.306,0.363,0.328,0.691,50,152,134,30,41,3,0,0,13,3,9,23,12,5
2022,"All Division I","Emily Cockrill","Belmont",0.275,0.302,0.38,0.682,49,150,142,27,39,7,1,2,26,0,6,23,14,2
2022,"All Division I","Emma Barnes","Belmont",0.291,0.341,0.316,0.657,42,130,117,19,34,1,1,0,17,0,10,15,7,1
2022,"All Division I","Joslynn Davis","Bethune-Cookman",0.267,0.349,0.281,0.63,50,173,146,21,39,2,0,0,9,1,18,24,6,2
2022,"All Division I","Julissa Gomez","Bethune-Cookman",0.211,0.268,0.228,0.496,48,123,114,4,24,2,0,0,7,1,8,22,3,0
2022,"All Division I","Desirae Martinez","Bethune-Cookman",0.262,0.292,0.303,0.596,50,155,145,8,38,6,0,0,23,4,3,10,0,0
2022,"All Division I","Shania Owens","Bethune-Cookman",0.189,0.278,0.211,0.488,44,115,95,8,18,0,1,0,6,4,8,28,6,3
2022,"All Division I","Briana Paysinger","Bethune-Cookman",0.238,0.312,0.287,0.599,44,141,122,12,29,3,0,1,23,4,11,12,3,3
2022,"All Division I","Sarah Rende","Binghamton",0.282,0.408,0.505,0.913,44,130,103,28,29,3,1,6,24,2,22,29,4,3
2022,"All Division I","Alayna Harbaugh","Binghamton",0.306,0.394,0.347,0.741,46,170,147,27,45,4,1,0,11,1,21,23,19,5
2022,"All Division I","Darien McDonough","Boston College",0.22,0.271,0.349,0.62,40,118,109,13,24,2,0,4,16,0,8,36,1,0
2022,"All Division I","Hannah Slike","Boston College",0.305,0.345,0.494,0.839,47,165,154,21,47,13,2,4,23,3,7,17,3,1
2022,"All Division I","Bailey Sample","Bowling Green",0.229,0.341,0.366,0.707,53,183,153,24,35,9,0,4,21,11,15,45,5,2
2022,"All Division I","Lexi Carver","Bowling Green",0.22,0.37,0.331,0.7,49,154,118,17,26,7,0,2,13,5,23,28,1,0
2022,"All Division I","Leah Carey","Brown",0.245,0.355,0.255,0.61,35,112,94,20,23,1,0,0,4,2,14,20,12,1
2022,"All Division I","Laurel Moody","Brown",0.205,0.319,0.462,0.78,32,91,78,17,16,3,1,5,10,1,12,6,0,1
2022,"All Division I","MaKenzie Hilling","Bucknell",0.211,0.287,0.294,0.58,40,127,109,8,23,6,0,1,10,0,12,16,1,0
2022,"All Division I","Ava Aguilar","Bucknell",0.207,0.261,0.268,0.53,34,88,82,9,17,3,1,0,1,1,5,15,1,0
2022,"All Division I","Juliette Basso","Bucknell",0.171,0.227,0.22,0.447,34,88,82,4,14,4,0,0,6,0,6,27,1,0
2022,"All Division I","Ella White","Butler",0.273,0.365,0.515,0.881,47,157,132,31,36,11,3,5,29,1,20,28,2,1
2022,"All Division I","Ellie Boyer","Butler",0.244,0.358,0.291,0.649,47,158,127,21,31,4,1,0,18,1,22,16,16,6
2022,"All Division I","Cieana Curran","CSU Bakersfield",0.22,0.286,0.284,0.57,45,120,109,13,24,1,3,0,7,1,9,35,10,0
2022,"All Division I","Shay Fuimaono","CSU Bakersfield",0.235,0.337,0.341,0.678,39,98,85,10,20,4,1,1,9,5,8,25,5,2
2022,"All Division I","Savanna Montoya","CSU Bakersfield",0.165,0.259,0.223,0.482,44,119,103,8,17,1,1,1,2,6,7,35,8,0
2022,"All Division I","Vinessa Nunez","Cal State Northridge",0.165,0.321,0.211,0.532,50,143,109,14,18,2,0,1,14,8,18,32,1,2
2022,"All Division I","Kaylee Escutia","Cal State Northridge",0.288,0.366,0.381,0.747,45,136,118,22,34,6,1,1,13,2,13,26,0,0
2022,"All Division I","Mikayla Carman","Cal State Northridge",0.302,0.362,0.365,0.727,50,143,126,23,38,6,1,0,17,0,12,7,2,0
2022,"All Division I","Acacia Anders","California",0.315,0.386,0.511,0.897,56,203,178,44,56,9,1,8,28,3,19,20,7,2
2022,"All Division I","Alyssa Henault","Campbell",0.226,0.279,0.299,0.578,49,154,137,15,31,8,1,0,19,3,7,19,2,1
2022,"All Division I","Savannah White","Campbell",0.198,0.317,0.276,0.592,50,141,116,24,23,4,1,1,7,3,18,23,7,2
2022,"All Division I","Tyra Parker","Campbell",0.322,0.362,0.397,0.758,50,134,121,24,39,3,3,0,9,0,8,23,18,2
2022,"All Division I","Saige Alfaro","Canisius",0.376,0.405,0.44,0.845,48,149,141,27,53,5,2,0,18,0,7,25,12,1
2022,"All Division I","Kylie Griffin","Central Arkansas",0.339,0.369,0.387,0.756,58,184,168,21,57,4,2,0,9,1,7,17,5,4
2022,"All Division I","Weslin Jones","Charleston Southern",0.291,0.367,0.371,0.738,55,174,151,19,44,6,3,0,10,1,17,32,3,3
2022,"All Division I","Gracie Prince","Charleston Southern",0.251,0.297,0.395,0.692,55,186,167,20,42,9,0,5,21,1,11,28,1,0
2022,"All Division I","Ella Chancey","Charlotte",0.322,0.4,0.572,0.972,58,206,180,36,58,6,3,11,38,3,21,36,4,1
2022,"All Division I","Acelynn Sellers","Chattanooga",0.276,0.326,0.436,0.761,55,182,163,24,45,14,0,4,32,3,9,29,2,0
2022,"All Division I","Olivia Lipari","Chattanooga",0.277,0.372,0.486,0.857,57,204,173,32,48,6,3,8,28,1,25,21,4,1
2022,"All Division I","Presley Williamson","Chattanooga",0.224,0.27,0.364,0.634,49,121,107,15,24,6,0,3,10,1,6,16,2,0
2022,"All Division I","Sophie Spellman","Cleveland State",0.23,0.256,0.322,0.577,37,96,87,13,20,2,0,2,13,1,2,17,1,3
2022,"All Division I","Brooke Albaugh","Cleveland State",0.206,0.26,0.34,0.6,37,107,97,18,20,6,2,1,12,4,3,13,2,0
2022,"All Division I","Maddy Jennings","Coastal Carolina",0.19,0.344,0.437,0.78,52,157,126,18,24,4,0,9,20,8,22,43,0,0
2022,"All Division I","Keirstin Roose","Coastal Carolina",0.236,0.306,0.412,0.718,54,183,165,29,39,5,0,8,21,3,14,25,8,1
2022,"All Division I","Meaghan Houk","Colgate",0.211,0.304,0.378,0.682,41,103,90,12,19,5,2,2,7,1,11,38,1,1
2022,"All Division I","Jillian Herbst","Colgate",0.363,0.41,0.506,0.917,48,175,160,35,58,9,4,2,20,2,11,18,1,0
2022,"All Division I","Maddie Souza","Columbia",0.25,0.283,0.33,0.613,36,108,100,10,25,3,1,1,6,2,3,16,2,2
2022,"All Division I","Cami Neal","Columbia",0.233,0.288,0.274,0.561,29,81,73,4,17,3,0,0,7,2,4,9,0,0
2022,"All Division I","Rosie Garcia","Connecticut",0.245,0.361,0.404,0.765,55,180,151,25,37,9,0,5,31,5,23,32,2,0
2022,"All Division I","Lexi Hastings","Connecticut",0.318,0.376,0.438,0.814,56,196,176,36,56,10,4,1,26,0,17,43,27,6
2022,"All Division I","Emma Antich","Cornell",0.175,0.245,0.289,0.534,33,111,97,10,17,3,1,2,18,0,10,27,3,1
2022,"All Division I","Alaana Panu","Dartmouth",0.27,0.348,0.426,0.774,44,141,122,21,33,8,1,3,14,9,6,21,7,0
2022,"All Division I","Jenna Brown","Dartmouth",0.241,0.333,0.31,0.644,41,103,87,15,21,3,0,1,7,2,10,18,6,2
2022,"All Division I","Leila Hennessy","Dartmouth",0.23,0.252,0.319,0.57,44,141,135,12,31,6,0,2,14,0,4,19,4,0
2022,"All Division I","Emma Schutter","Dayton",0.414,0.465,0.48,0.945,46,172,152,26,63,4,0,2,14,0,16,19,23,2
2022,"All Division I","Anna Wohlers","DePaul",0.314,0.403,0.588,0.992,53,182,153,30,48,12,3,8,37,6,19,40,1,0
2022,"All Division I","Baylee Cosgrove","DePaul",0.253,0.315,0.526,0.841,43,108,95,17,24,6,1,6,26,4,6,27,3,0
2022,"All Division I","Chloe Blantz","Delaware",0.135,0.245,0.157,0.402,36,103,89,12,12,2,0,0,7,1,12,14,1,0
2022,"All Division I","Dallas Speicher-Ramirez","Delaware State",0.175,0.284,0.222,0.506,29,74,63,6,11,1,1,0,6,1,9,16,2,2
2022,"All Division I","Jaiden Lara","Detroit",0.176,0.243,0.309,0.552,33,74,68,7,12,0,0,3,7,1,5,25,0,0
2022,"All Division I","Carly Eldredge","Utah Tech",0.364,0.403,0.393,0.796,44,150,140,28,51,4,0,0,15,2,7,17,4,0
2022,"All Division I","Lauren Almeida","Utah Tech",0.357,0.444,0.55,0.994,48,153,129,25,46,7,0,6,30,4,17,18,1,1
2022,"All Division I","Marisa Rubio","Utah Tech",0.301,0.336,0.345,0.681,39,123,113,17,34,3,1,0,9,0,6,15,7,2
2022,"All Division I","Carey Koenig","Drake",0.235,0.35,0.337,0.687,39,118,98,13,23,4,0,2,16,0,18,21,1,0
2022,"All Division I","Jackie Masone","Drexel",0.362,0.455,0.585,1.039,40,159,130,38,47,8,0,7,26,1,22,18,4,0
2022,"All Division I","Ana Gold","Duke",0.311,0.399,0.637,1.036,51,159,135,38,42,12,1,10,36,6,15,34,13,2
2022,"All Division I","Jaylen Prichard","Eastern Illinois",0.32,0.391,0.417,0.808,54,198,175,37,56,9,1,2,23,2,19,36,1,1
2022,"All Division I","Maddie Swart","Eastern Illinois",0.261,0.358,0.304,0.663,52,165,138,14,36,3,0,1,17,0,21,20,2,0
2022,"All Division I","Kendall Fields","Eastern Illinois",0.229,0.309,0.336,0.645,54,157,131,13,30,5,0,3,24,1,15,22,0,0
2022,"All Division I","Riley Dittmar","Eastern Illinois",0.267,0.359,0.375,0.734,50,147,120,28,32,5,1,2,30,1,18,28,8,0
2022,"All Division I","Maggie Pertee","Eastern Kentucky",0.256,0.336,0.392,0.728,43,145,125,28,32,4,2,3,14,4,12,19,9,1
2022,"All Division I","Charli Warren","Fairfield",0.328,0.396,0.36,0.756,44,150,125,26,41,4,0,0,14,0,14,18,18,2
2022,"All Division I","Andreya Flores","Fairleigh Dickinson",0.383,0.45,0.574,1.024,46,164,141,10,54,9,0,6,36,7,11,6,2,0
2022,"All Division I","Jess DeWitt","Fairleigh Dickinson",0.373,0.402,0.646,1.048,47,170,158,34,59,13,0,10,35,1,8,14,1,0
2022,"All Division I","Sabrina Javorsky","Fairleigh Dickinson",0.263,0.401,0.407,0.808,44,152,118,24,31,11,0,2,19,2,26,12,4,0
2022,"All Division I","Reagan Walsh","Florida",0.268,0.301,0.404,0.705,68,229,213,22,57,11,0,6,49,2,10,27,0,0
2022,"All Division I","Kendra Falby","Florida",0.392,0.444,0.493,0.937,68,243,217,63,85,7,3,3,26,1,21,44,36,5
2022,"All Division I","Olivia Peterson","Florida Atlantic",0.19,0.25,0.341,0.591,49,140,126,10,24,8,1,3,20,1,9,34,2,2
2022,"All Division I","Taylor Warne","Fort Wayne",0.189,0.283,0.189,0.472,47,122,106,8,20,0,0,0,1,0,14,38,4,1
2022,"All Division I","Taryn Jenkins","Fort Wayne",0.219,0.346,0.352,0.699,46,133,105,11,23,5,0,3,9,1,20,32,10,2
2022,"All Division I","Thais Uyema","Fort Wayne",0.233,0.348,0.284,0.632,49,147,116,13,27,4,1,0,7,9,12,23,5,1
2022,"All Division I","Brooke Wintlend","Fort Wayne",0.252,0.328,0.515,0.842,41,116,103,14,26,6,0,7,20,1,11,25,0,1
2022,"All Division I","Sonia Solis","Fort Wayne",0.245,0.336,0.373,0.709,40,119,102,11,25,7,0,2,24,0,15,30,3,2
2022,"All Division I","Alex Rose Molinar","Furman",0.253,0.287,0.322,0.609,53,166,146,17,37,6,2,0,19,0,8,19,4,0
2022,"All Division I","Araceli Pesqueira","Gardner-Webb",0.349,0.444,0.457,0.901,44,151,129,13,45,12,1,0,14,6,16,17,1,3
2022,"All Division I","Lyndi Rae Davis","Georgia",0.339,0.431,0.483,0.914,48,137,118,15,40,11,0,2,27,1,18,25,0,0
2022,"All Division I","Jackie Gonzalez","Georgia State",0.136,0.2,0.182,0.382,43,100,88,10,12,1,0,1,6,4,3,20,5,0
2022,"All Division I","Ella Edgmon","Georgia Tech",0.238,0.351,0.3,0.651,54,160,130,25,31,3,1,1,27,6,17,21,13,2
2022,"All Division I","Deija Russell","Grambling",0.299,0.336,0.394,0.729,42,140,127,22,38,5,2,1,17,0,8,22,6,1
2022,"All Division I","Kaytlyn Moore","Grambling",0.27,0.391,0.288,0.679,43,136,111,27,30,2,0,0,6,3,19,10,16,3
2022,"All Division I","Hannah Burnett","Grand Canyon",0.36,0.417,0.404,0.821,51,130,114,24,41,3,1,0,9,2,10,15,21,3
2022,"All Division I","Olivia Wolk","Hartford",0.198,0.219,0.328,0.547,46,142,131,18,26,5,0,4,16,0,4,28,6,1
2022,"All Division I","Izabella Martinez","Hawaii",0.254,0.328,0.263,0.591,41,133,118,11,30,1,0,0,14,4,9,13,1,0
2022,"All Division I","Haylie Savage","Houston Christian",0.278,0.331,0.424,0.755,48,161,144,15,40,10,1,3,20,2,10,26,0,0
2022,"All Division I","Lealani Ricks","Howard",0.338,0.419,0.392,0.811,47,152,130,44,44,3,2,0,13,0,18,17,9,2
2022,"All Division I","Alyssa Vasquez","Howard",0.373,0.41,0.609,1.019,53,176,161,30,60,17,0,7,47,1,10,10,3,0
2022,"All Division I","Payton Quinonez","Howard",0.314,0.344,0.337,0.682,43,91,86,18,27,2,0,0,10,0,4,11,11,1
2022,"All Division I","Kendal Calvert","IUPUI",0.308,0.386,0.368,0.754,39,135,117,20,36,3,2,0,5,2,13,37,14,3
2022,"All Division I","Brook Richards","Idaho State",0.265,0.372,0.333,0.705,50,164,132,24,35,7,1,0,16,3,20,35,6,1
2022,"All Division I","Piper Tago","Idaho State",0.232,0.327,0.374,0.701,42,114,99,8,23,5,0,3,10,7,7,18,1,0
2022,"All Division I","Stevie Meade","Illinois",0.28,0.314,0.427,0.741,52,188,164,25,46,10,1,4,28,2,7,21,8,2
2022,"All Division I","Delainey Bryant","Illinois State",0.324,0.39,0.607,0.997,50,165,145,37,47,10,5,7,29,2,15,25,9,2
2022,"All Division I","Abby Knight","Illinois State",0.29,0.351,0.435,0.786,48,148,131,23,38,7,0,4,31,3,11,18,2,0
2022,"All Division I","Jojo Santiago","Illinois-Chicago",0.207,0.211,0.279,0.49,42,120,111,11,23,3,1,1,11,0,1,25,3,0
2022,"All Division I","Grace Fleming","Illinois-Chicago",0.227,0.238,0.319,0.557,44,145,141,19,32,7,0,2,14,0,2,26,1,0
2022,"All Division I","Taylor Minnick","Indiana",0.303,0.415,0.535,0.951,38,119,99,18,30,8,0,5,24,4,15,7,5,1
2022,"All Division I","Brianna Copeland","Indiana",0.278,0.344,0.574,0.918,39,128,115,20,32,6,2,8,27,4,8,31,8,1
2022,"All Division I","Brianna Bailey","Iona",0.207,0.329,0.264,0.593,45,144,121,12,25,5,1,0,6,3,19,29,6,2
2022,"All Division I","Madison Bratek","Jacksonville",0.27,0.36,0.32,0.68,43,117,100,16,27,2,0,1,6,1,13,11,11,2
2022,"All Division I","Logan Keith","Jacksonville",0.2,0.263,0.257,0.52,42,115,105,8,21,3,0,1,10,1,8,15,5,1
2022,"All Division I","Joely Leguizamon","Jacksonville",0.268,0.317,0.423,0.74,38,108,97,15,26,2,2,3,8,0,7,22,7,0
2022,"All Division I","Brantly Bonds","Jacksonville State",0.243,0.324,0.421,0.745,54,178,152,23,37,7,1,6,29,7,12,25,4,0
2022,"All Division I","Abbi Perkins","Jacksonville State",0.232,0.384,0.304,0.688,52,162,125,22,29,3,0,2,12,15,17,31,3,0
2022,"All Division I","Hannah Buffington","Jacksonville State",0.244,0.354,0.378,0.732,42,96,82,7,20,2,0,3,14,1,13,21,2,0
2022,"All Division I","Jasmine Hall","James Madison",0.362,0.434,0.67,1.104,35,109,94,27,34,6,1,7,19,2,10,15,1,0
2022,"All Division I","Ty Hardeman","Kennesaw State",0.203,0.314,0.271,0.585,51,157,133,28,27,2,2,1,16,5,17,41,7,0
2022,"All Division I","Isabella Galloway","Kennesaw State",0.261,0.297,0.315,0.612,43,120,111,15,29,6,0,0,10,0,6,22,1,0
2022,"All Division I","Savannah Wing","Kent State",0.272,0.375,0.342,0.717,47,137,114,15,31,5,0,1,14,7,13,16,1,0
2022,"All Division I","Taylor Ebbs","Kentucky",0.298,0.366,0.618,0.984,53,147,131,21,39,10,1,10,30,0,14,16,0,0
2022,"All Division I","Harlie Bickett","Lafayette",0.272,0.335,0.333,0.669,45,162,147,23,40,7,1,0,14,7,7,28,5,2
2022,"All Division I","Kaya Ciccone-Cozart","Lafayette",0.21,0.304,0.319,0.623,43,136,119,9,25,4,0,3,16,2,14,38,0,0
2022,"All Division I","Rory Dudley","Lehigh",0.232,0.252,0.345,0.597,48,147,142,22,33,8,1,2,17,0,4,21,4,0
2022,"All Division I","Jacquelyn Bickar","Long Beach State",0.27,0.359,0.36,0.72,50,133,111,31,30,3,2,1,16,4,12,16,5,3
2022,"All Division I","Marissa Caballero","Long Beach State",0.242,0.281,0.3,0.581,51,131,120,18,29,5,1,0,15,3,4,11,0,0
2022,"All Division I","Jaden Pone","Longwood",0.416,0.445,0.474,0.919,56,203,190,36,79,3,4,0,15,3,7,21,26,9
2022,"All Division I","Korynna Anderson","Longwood",0.273,0.342,0.424,0.766,52,156,139,17,38,6,0,5,20,7,8,22,3,2
2022,"All Division I","Katelin Cooper","Louisiana Tech",0.289,0.435,0.447,0.882,57,201,159,33,46,9,5,2,26,13,28,39,13,1
2022,"All Division I","Sierra Sacco","Louisiana Tech",0.441,0.535,0.511,1.046,59,226,188,54,83,7,3,0,21,2,36,40,28,5
2022,"All Division I","Dylann Cravens","Louisville",0.242,0.336,0.354,0.69,41,115,99,19,24,5,0,2,15,2,12,18,1,0
2022,"All Division I","Ally Alexander","Louisville",0.254,0.39,0.36,0.75,48,142,114,23,29,6,0,2,12,6,20,27,3,1
2022,"All Division I","Korbe Otis","Louisville",0.289,0.333,0.476,0.809,52,182,166,31,48,10,3,5,30,0,11,14,6,3
2022,"All Division I","Haley Wallace","Loyola Chicago",0.246,0.363,0.344,0.707,47,148,122,14,30,3,0,3,19,8,15,32,9,4
2022,"All Division I","Sydney Poole","Loyola Marymount",0.363,0.422,0.411,0.832,54,188,168,46,61,3,1,1,8,0,17,37,27,5
2022,"All Division I","Gabby Papushka","Maine",0.27,0.287,0.489,0.776,42,143,137,22,37,12,0,6,27,0,4,40,0,1
2022,"All Division I","Maddie Gore","Marist",0.14,0.211,0.202,0.413,45,131,114,11,16,4,0,1,17,3,8,32,2,2
2022,"All Division I","Lauren Love","Marshall",0.3,0.374,0.508,0.882,43,144,120,26,36,10,0,5,33,3,13,10,1,0
2022,"All Division I","Josie Willingham","McNeese",0.261,0.312,0.363,0.675,58,176,157,28,41,7,3,1,18,1,12,21,12,1
2022,"All Division I","Crislyne Moreno","McNeese",0.355,0.436,0.511,0.947,51,166,141,25,50,11,1,3,40,4,18,32,15,2
2022,"All Division I","Kendall Talley","McNeese",0.345,0.42,0.506,0.926,59,202,174,53,60,13,3,3,29,5,19,14,21,5
2022,"All Division I","Reese Reyna","McNeese",0.27,0.369,0.372,0.741,55,161,137,26,37,6,1,2,17,9,13,26,15,2
2022,"All Division I","Tori Hedgecock","Mercer",0.232,0.384,0.354,0.738,47,127,99,12,23,6,0,2,12,1,24,31,0,0
2022,"All Division I","Grace Prom","Mercer",0.198,0.388,0.297,0.685,43,121,91,8,18,4,1,1,7,15,14,19,0,0
2022,"All Division I","Chloe Parks","Miami (OH)",0.348,0.4,0.576,0.976,49,145,132,34,46,10,4,4,19,4,8,12,2,2
2022,"All Division I","Maggie Murphy","Miami (OH)",0.331,0.376,0.6,0.976,47,142,130,16,43,8,0,9,32,2,8,11,0,0
2022,"All Division I","Ellie Sieler","Michigan",0.24,0.295,0.306,0.601,46,135,121,13,29,5,0,1,10,2,8,18,4,2
2022,"All Division I","Ella McVey","Michigan",0.257,0.362,0.294,0.656,54,130,109,23,28,4,0,0,3,2,16,18,5,0
2022,"All Division I","Annabelle Widra","Michigan",0.238,0.357,0.314,0.671,46,128,105,18,25,3,1,1,11,8,12,36,9,2
2022,"All Division I","Macy Lee","Michigan State",0.244,0.343,0.311,0.654,42,107,90,3,22,3,0,1,13,0,14,10,0,0
2022,"All Division I","Kayleigh Roper","Michigan State",0.202,0.27,0.354,0.624,47,116,99,16,20,4,1,3,15,2,8,30,1,0
2022,"All Division I","Laura Mealer","Middle Tennessee",0.35,0.427,0.607,1.034,53,186,163,34,57,8,2,10,28,2,20,25,9,1
2022,"All Division I","Anyce Harvey","Middle Tennessee",0.323,0.348,0.466,0.814,42,142,133,14,43,11,1,2,28,2,4,17,6,1
2022,"All Division I","Kayla Chavez","Minnesota",0.281,0.35,0.375,0.725,52,146,128,17,36,4,1,2,16,4,10,15,0,0
2022,"All Division I","Riley Hull","Mississippi State",0.24,0.313,0.295,0.608,58,168,146,24,35,6,1,0,17,3,14,14,2,0
2022,"All Division I","Shea Moreno","Mississippi State",0.239,0.303,0.346,0.649,58,182,159,20,38,8,0,3,17,0,15,33,2,0
2022,"All Division I","Kara Daly","Missouri",0.27,0.37,0.547,0.917,58,175,148,24,40,2,0,13,26,3,21,47,1,0
2022,"All Division I","Eve Serrato","Monmouth",0.141,0.236,0.152,0.388,41,110,92,9,13,1,0,0,4,0,12,34,2,1
2022,"All Division I","Asia Thomas","Morgan State",0.287,0.454,0.443,0.897,44,163,122,42,35,6,2,3,17,7,32,14,19,2
2022,"All Division I","Tayven Rousseau","Morgan State",0.293,0.453,0.504,0.957,45,159,123,24,36,11,0,5,29,6,30,13,3,0
2022,"All Division I","Madison Nunez","Morgan State",0.252,0.328,0.383,0.711,38,125,107,15,27,7,2,1,21,2,11,14,0,1
2022,"All Division I","Michele Tarpey","NC State",0.248,0.338,0.408,0.746,51,145,125,20,31,8,0,4,24,7,11,40,0,0
2022,"All Division I","Alaina Smith","NC State",0.213,0.293,0.407,0.7,48,126,108,19,23,6,0,5,12,0,13,35,4,1
2022,"All Division I","Aaliyah Jenkins","Nevada",0.303,0.396,0.662,1.059,51,169,145,31,44,11,1,13,47,3,20,39,18,5
2022,"All Division I","Alycia Coats","Nevada",0.269,0.328,0.426,0.754,43,121,108,7,29,2,0,5,14,1,9,38,0,0
2022,"All Division I","Hailey Jones","North Alabama",0.306,0.343,0.449,0.792,60,215,196,42,60,14,1,4,30,4,9,12,6,1
2022,"All Division I","Alex Brown","North Carolina",0.157,0.221,0.235,0.457,43,115,102,9,16,3,1,1,16,4,5,20,2,3
2022,"All Division I","Jailyn Tineo","North Carolina A&T",0.266,0.343,0.436,0.779,38,105,94,8,25,8,1,2,21,1,10,23,1,0
2022,"All Division I","Dezianna Patmon","North Carolina A&T",0.316,0.428,0.535,0.963,47,139,114,24,36,4,0,7,24,2,21,24,6,3
2022,"All Division I","Icess Tresvik","North Carolina A&T",0.32,0.351,0.584,0.935,44,134,125,22,40,3,0,10,31,0,7,48,8,2
2022,"All Division I","Cierra Simon","North Texas",0.267,0.298,0.398,0.696,53,175,161,35,43,4,1,5,19,1,7,32,17,3
2022,"All Division I","Avery Carnahan","Northern Illinois",0.268,0.363,0.371,0.734,36,114,97,16,26,4,3,0,18,1,14,19,6,1
2022,"All Division I","Kylee Sanders","Northern Iowa",0.302,0.382,0.46,0.842,43,144,126,40,38,9,1,3,23,3,14,19,6,0
2022,"All Division I","Mya Dodge","Northern Iowa",0.373,0.441,0.706,1.147,46,179,153,43,57,8,2,13,34,1,21,27,21,5
2022,"All Division I","Olivia Pastin","Northern Kentucky",0.224,0.297,0.352,0.649,48,148,125,13,28,7,0,3,12,2,11,26,2,2
2022,"All Division I","Grace Nieto","Northwestern",0.324,0.4,0.43,0.83,58,161,142,33,46,9,0,2,18,2,16,21,6,1
2022,"All Division I","Kaitlyn Farley","Ohio State",0.265,0.282,0.337,0.62,41,86,83,10,22,2,2,0,5,0,2,16,0,0
2022,"All Division I","Melina Wilkison","Ohio State",0.336,0.392,0.5,0.892,47,168,152,34,51,11,1,4,13,1,13,16,7,1
2022,"All Division I","Kami Kortokrax","Ohio State",0.283,0.327,0.324,0.651,53,160,145,11,41,4,1,0,19,0,11,21,3,1
2022,"All Division I","Brianna Evans","Oklahoma State",0.29,0.371,0.351,0.722,48,154,131,33,38,2,0,2,12,1,17,19,14,2
2022,"All Division I","KK Esparza","Ole Miss",0.204,0.27,0.319,0.588,55,131,113,14,23,4,0,3,15,3,8,20,0,0
2022,"All Division I","Bre Roper","Ole Miss",0.364,0.465,0.523,0.988,60,223,176,39,64,14,1,4,37,0,37,26,10,1
2022,"All Division I","KK Humphreys","Oregon",0.308,0.353,0.514,0.866,49,157,146,29,45,12,0,6,26,2,8,27,8,0
2022,"All Division I","Paige Sinicki","Oregon",0.265,0.324,0.441,0.766,49,149,136,30,36,3,3,5,28,6,6,10,12,3
2022,"All Division I","Des Rivera","Oregon State",0.18,0.248,0.23,0.478,47,134,122,7,22,3,0,1,13,4,7,20,0,0
2022,"All Division I","Kaylah Nelsen","Oregon State",0.295,0.345,0.417,0.761,50,145,132,8,39,8,1,2,23,5,6,14,0,0
2022,"All Division I","Eliana Gottlieb","Oregon State",0.245,0.322,0.383,0.705,61,214,188,39,46,9,1,5,22,3,19,39,10,1
2022,"All Division I","Kiki Escobar","Oregon State",0.33,0.342,0.388,0.73,61,228,224,40,74,10,0,1,17,0,4,42,10,3
2022,"All Division I","Emily Budelli","Pacific",0.275,0.337,0.275,0.612,49,176,160,20,44,0,0,0,3,0,15,30,11,4
2022,"All Division I","Kyla Eck","Pacific",0.254,0.305,0.254,0.559,48,131,122,13,31,0,0,0,3,2,7,22,5,2
2022,"All Division I","Nina Davis","Pacific",0.2,0.269,0.253,0.522,41,105,95,3,19,2,0,1,10,0,9,17,1,0
2022,"All Division I","Delaney Scully","Pacific",0.254,0.325,0.391,0.716,49,157,138,14,35,10,0,3,17,1,14,18,2,2
2022,"All Division I","Cassie Lindmark","Penn State",0.4,0.508,0.631,1.139,54,197,160,22,64,16,0,7,34,19,17,14,1,0
2022,"All Division I","Kylie Griggs","Pittsburgh",0.243,0.312,0.329,0.64,35,81,70,12,17,3,0,1,5,1,6,14,2,1
2022,"All Division I","Haylie Brunson","Pittsburgh",0.233,0.299,0.336,0.635,40,129,116,15,27,7,1,1,15,0,11,27,2,1
2022,"All Division I","Amanda Ramirez","Pittsburgh",0.187,0.274,0.28,0.554,33,89,75,2,14,1,0,2,10,2,7,16,0,0
2022,"All Division I","Kiki McCrea","Portland State",0.224,0.396,0.306,0.702,36,113,85,12,19,4,0,1,18,0,25,27,4,3
2022,"All Division I","Morgan Hess","Presbyterian",0.379,0.453,0.848,1.301,50,160,132,36,50,14,0,16,50,0,22,21,1,2
2022,"All Division I","Kelby Goodrum","Presbyterian",0.235,0.268,0.304,0.573,45,124,115,11,27,2,0,2,14,2,4,35,2,0
2022,"All Division I","Sophia Marsalo","Princeton",0.324,0.363,0.428,0.791,46,158,145,23,47,10,1,1,23,2,8,13,7,0
2022,"All Division I","Lauren Sablone","Princeton",0.325,0.376,0.533,0.909,45,135,120,29,39,5,1,6,30,0,11,25,15,2
2022,"All Division I","Allison Ha","Princeton",0.326,0.363,0.471,0.834,46,151,138,19,45,14,0,2,18,2,6,11,3,1
2022,"All Division I","Ali Blanchard","Princeton",0.286,0.327,0.374,0.7,35,98,91,5,26,3,1,1,14,0,6,14,0,0
2022,"All Division I","Rachael Petrarca","Providence",0.288,0.367,0.515,0.882,44,152,132,20,38,5,2,7,23,5,12,21,2,1
2022,"All Division I","Kari Shedrick","Providence",0.267,0.396,0.333,0.729,40,92,75,10,20,2,0,1,8,1,15,18,0,0
2022,"All Division I","Olivia McFadden","Purdue",0.227,0.283,0.294,0.578,55,180,163,15,37,6,1,1,18,8,6,32,0,0
2022,"All Division I","Taylor Walton","Quinnipiac",0.212,0.284,0.282,0.567,34,96,85,3,18,6,0,0,9,4,5,27,0,0
2022,"All Division I","Brooke Hilliard","Quinnipiac",0.293,0.374,0.341,0.716,41,145,123,12,36,4,1,0,13,8,8,10,9,2
2022,"All Division I","Cori McMillan","Radford",0.365,0.407,0.743,1.151,48,163,148,38,54,14,0,14,36,2,10,22,11,0
2022,"All Division I","Jordan Moss","Radford",0.276,0.31,0.488,0.798,44,130,123,16,34,6,1,6,22,3,3,38,1,0
2022,"All Division I","Emily Smith","Radford",0.204,0.288,0.258,0.547,38,109,93,11,19,2,0,1,4,2,9,21,4,0
2022,"All Division I","Cassi Barbato","Radford",0.254,0.331,0.351,0.682,45,134,114,15,29,2,0,3,19,5,9,24,1,0
2022,"All Division I","Rachel Smith","Radford",0.246,0.329,0.442,0.771,47,156,138,27,34,6,0,7,16,1,16,41,7,0
2022,"All Division I","Emily Power","Rhode Island",0.183,0.245,0.215,0.46,39,103,93,9,17,3,0,0,5,1,7,26,1,0
2022,"All Division I","Anna Resnik","Robert Morris",0.237,0.376,0.273,0.65,51,176,139,29,33,3,1,0,11,13,18,24,1,0
2022,"All Division I","Alaina Koutsogiani","Robert Morris",0.27,0.358,0.371,0.729,52,208,178,35,48,5,2,3,22,10,15,54,34,4
2022,"All Division I","Maddie Lawson","Rutgers",0.261,0.308,0.363,0.671,51,175,157,18,41,10,0,2,25,5,7,15,1,2
2022,"All Division I","Nikki Barboza","Sacramento State",0.313,0.38,0.403,0.783,54,169,144,19,45,4,0,3,22,5,12,24,6,1
2022,"All Division I","Olivia Ulam","Saint Francis",0.288,0.35,0.436,0.785,54,183,163,25,47,7,1,5,30,1,16,29,2,0
2022,"All Division I","Kayla Tauber","Saint Joseph's",0.225,0.349,0.275,0.624,46,171,142,30,32,3,2,0,9,1,26,32,7,2
2022,"All Division I","Kaelin Cash","Saint Joseph's",0.28,0.365,0.424,0.789,43,138,118,12,33,8,0,3,26,1,16,17,0,0
2022,"All Division I","Sarah Cancila","Saint Joseph's",0.309,0.424,0.391,0.815,40,132,110,20,34,7,1,0,14,4,18,18,5,0
2022,"All Division I","Kendall Johnson","Saint Louis",0.192,0.239,0.232,0.471,50,145,125,10,24,3,1,0,13,0,8,15,1,0
2022,"All Division I","Natalie Sullivan","Saint Louis",0.216,0.352,0.336,0.688,51,143,116,22,25,7,2,1,10,2,23,37,5,0
2022,"All Division I","Aubrey Ketcham","Saint Peter's",0.256,0.36,0.291,0.651,50,140,117,20,30,2,1,0,14,8,11,23,13,3
2022,"All Division I","Dakota Pitts","Saint Peter's",0.301,0.339,0.431,0.771,55,169,153,22,46,12,1,2,28,5,6,17,2,2
2022,"All Division I","Brailey Wasik","Sam Houston State",0.272,0.361,0.631,0.992,44,120,103,13,28,4,0,11,28,0,15,28,0,1
2022,"All Division I","Brodie Quinlan","Sam Houston State",0.25,0.327,0.34,0.668,50,167,144,15,36,7,0,2,18,0,18,36,6,1
2022,"All Division I","Sarah Squillace","Samford",0.302,0.385,0.335,0.721,53,207,179,37,54,6,0,0,11,4,21,19,6,2
2022,"All Division I","Gwynnie Hornibrook","Samford",0.246,0.29,0.38,0.671,51,162,142,10,35,1,0,6,16,0,10,9,0,0
2022,"All Division I","Mary Katherine Tedder","Samford",0.368,0.481,0.652,1.133,53,190,155,33,57,19,2,7,41,1,33,20,2,0
2022,"All Division I","Joecellia Roberts","San Diego",0.261,0.328,0.376,0.704,54,183,165,22,43,11,1,2,19,2,15,28,3,0
2022,"All Division I","Arisa Tovar","San Diego",0.242,0.312,0.282,0.594,46,139,124,6,30,2,0,1,11,2,11,19,0,0
2022,"All Division I","Trenity Edwards","San Jose State",0.328,0.407,0.412,0.819,40,138,119,14,39,7,0,1,17,2,14,10,3,1
2022,"All Division I","Morgan Salmon","Santa Clara",0.253,0.287,0.384,0.67,50,157,146,17,37,9,2,2,24,1,7,35,3,0
2022,"All Division I","Kalyn Hill","Seattle",0.278,0.352,0.426,0.778,55,182,162,18,45,9,0,5,33,0,19,41,1,0
2022,"All Division I","Tai Wilson","Seattle",0.284,0.363,0.355,0.718,56,197,169,34,48,4,4,0,7,5,16,39,5,1
2022,"All Division I","Madison Kahwaty","Seattle",0.305,0.413,0.539,0.952,53,184,154,40,47,10,1,8,33,16,13,20,4,1
2022,"All Division I","Lauren Caye","Seton Hall",0.265,0.364,0.522,0.886,37,133,113,24,30,9,1,6,17,1,17,26,10,0
2022,"All Division I","Jenna Blevins","Seton Hall",0.222,0.291,0.286,0.576,43,142,126,7,28,2,0,2,27,1,12,26,0,0
2022,"All Division I","Taylor Hill","Seton Hall",0.373,0.404,0.612,1.016,42,146,134,26,50,15,1,5,36,3,6,30,2,1
2022,"All Division I","Jocelyn Ulrich","Siena",0.338,0.432,0.535,0.967,55,187,157,37,53,14,1,5,30,1,26,13,0,0
2022,"All Division I","Kyleigh Potter","Siena",0.212,0.323,0.413,0.736,43,125,104,18,22,6,0,5,29,1,17,25,0,0
2022,"All Division I","Gabby Stagner","South Alabama",0.214,0.271,0.429,0.7,37,107,98,11,21,3,0,6,25,1,7,26,1,0
2022,"All Division I","Emma Sellers","South Carolina",0.265,0.34,0.333,0.673,55,154,132,25,35,4,1,1,13,2,13,29,6,1
2022,"All Division I","Makenzie McDaniel","South Carolina State",0.25,0.314,0.313,0.627,34,107,96,19,24,2,2,0,6,1,8,32,8,3
2022,"All Division I","Marissa Marshall","South Carolina State",0.172,0.23,0.183,0.413,36,103,93,6,16,1,0,0,3,0,7,13,1,0
2022,"All Division I","Cassidy Church","South Carolina State",0.165,0.283,0.176,0.459,36,105,85,8,14,1,0,0,6,5,9,8,2,0
2022,"All Division I","Brooke Dumont","South Dakota State",0.289,0.412,0.578,0.99,42,102,83,21,24,9,0,5,19,3,15,18,1,0
2022,"All Division I","Tatum Gerwitz","Southeast Missouri",0.241,0.29,0.253,0.543,44,93,87,12,21,1,0,0,3,0,6,22,1,0
2022,"All Division I","Tori Bradley","Southeast Missouri",0.275,0.371,0.363,0.734,47,106,91,10,25,6,1,0,10,1,13,18,2,0
2022,"All Division I","Sydney Dennis","Southeast Missouri",0.221,0.25,0.239,0.489,48,121,113,12,25,2,0,0,13,0,5,14,3,2
2022,"All Division I","Aubrie Shore","Southeast Missouri",0.288,0.366,0.59,0.956,53,161,139,23,40,13,1,9,35,0,19,16,1,2
2022,"All Division I","Maddie Watson","Southeastern Louisiana",0.331,0.371,0.558,0.93,56,181,163,29,54,10,3,7,52,1,10,16,4,2
2022,"All Division I","Bailey Krolczyk","Southeastern Louisiana",0.333,0.382,0.464,0.846,55,168,153,34,51,9,1,3,23,4,8,19,10,0
2022,"All Division I","Alissa Castaneda","Southern",0.225,0.313,0.31,0.623,48,147,129,17,29,5,0,2,15,6,11,17,3,2
2022,"All Division I","Alana Mark","Southern",0.309,0.397,0.529,0.927,49,156,136,22,42,7,1,7,24,1,19,21,2,0
2022,"All Division I","Scout Jennings","Southern Miss",0.259,0.283,0.388,0.671,44,147,139,16,36,5,2,3,22,1,4,30,5,1
2022,"All Division I","Jana Lee","Southern Miss",0.329,0.422,0.529,0.951,51,180,155,20,51,12,2,5,27,1,24,21,0,0
2022,"All Division I","Tata Davis","Southern Miss",0.37,0.389,0.575,0.964,52,190,181,37,67,11,1,8,41,3,4,14,2,0
2022,"All Division I","Natalie Taylor","Southern Miss",0.214,0.296,0.27,0.566,49,144,126,14,27,2,1,1,11,1,14,22,2,0
2022,"All Division I","Sophia Masut","Southern Utah",0.2,0.247,0.25,0.497,37,85,80,3,16,4,0,0,5,1,4,29,3,1
2022,"All Division I","Jayne Sepulveda","Southern Utah",0.246,0.28,0.373,0.653,42,132,126,17,31,5,1,3,8,0,6,39,1,1
2022,"All Division I","Kaitlyn Raymond","St. Thomas (MN)",0.324,0.406,0.352,0.758,48,169,145,22,47,4,0,0,10,0,20,44,9,1
2022,"All Division I","Brooke Ellestad","St. Thomas (MN)",0.425,0.455,0.604,1.06,42,145,134,28,57,2,2,6,27,0,9,13,7,2
2022,"All Division I","Cassidy Carby","St. Thomas (MN)",0.172,0.267,0.397,0.663,40,135,116,18,20,2,0,8,24,1,15,40,2,0
2022,"All Division I","Mikaelah Burkland","Stephen F. Austin",0.207,0.296,0.27,0.566,51,132,111,13,23,7,0,0,4,1,13,20,2,0
2022,"All Division I","Hope Lusk","Stephen F. Austin",0.227,0.307,0.273,0.579,50,160,132,15,30,6,0,0,15,1,15,25,1,1
2022,"All Division I","Sydney Carithers","Stephen F. Austin",0.245,0.286,0.338,0.623,54,163,151,11,37,6,1,2,16,1,8,32,0,0
2022,"All Division I","Haley Fox","Stetson",0.291,0.328,0.316,0.644,47,129,117,10,34,3,0,0,6,2,5,25,13,2
2022,"All Division I","Kami Eppley","Stetson",0.222,0.274,0.242,0.516,46,112,99,16,22,2,0,0,3,2,5,21,9,1
2022,"All Division I","Evette Morgan","Stetson",0.25,0.325,0.389,0.714,47,123,108,10,27,3,0,4,17,10,3,28,0,0
2022,"All Division I","Dylan Anthony","Stetson",0.141,0.232,0.235,0.467,45,95,85,2,12,2,0,2,5,2,8,24,1,0
2022,"All Division I","Tessa Galipeau","Syracuse",0.236,0.41,0.354,0.764,47,166,127,23,30,6,0,3,23,3,35,34,2,0
2022,"All Division I","Kelly Breen","Syracuse",0.285,0.319,0.49,0.809,47,160,151,16,43,10,0,7,29,5,3,30,1,0
2022,"All Division I","Tristyn Trull","Tarleton State",0.312,0.343,0.439,0.783,52,167,157,25,49,11,3,1,26,0,8,17,1,0
2022,"All Division I","Savannah Talley","Tennessee Tech",0.264,0.36,0.457,0.817,53,162,140,22,37,9,0,6,28,1,20,32,1,0
2022,"All Division I","Sydney Dukes","Tennessee Tech",0.25,0.359,0.435,0.794,46,146,124,22,31,8,0,5,26,5,16,25,0,1
2022,"All Division I","Abby Buettner","Tennessee Tech",0.256,0.289,0.47,0.759,54,173,164,29,42,5,0,10,35,3,5,18,2,0
2022,"All Division I","Bella Dayton","Texas",0.276,0.368,0.442,0.81,65,187,156,38,43,9,1,5,23,0,24,26,14,1
2022,"All Division I","Mia Scott","Texas",0.377,0.443,0.554,0.997,64,235,204,62,77,14,5,4,38,0,25,29,26,2
2022,"All Division I","Katie Cimusz","Texas",0.244,0.322,0.468,0.79,60,177,156,22,38,8,0,9,32,4,15,36,5,0
2022,"All Division I","Koko Wooley","Texas A&M",0.359,0.398,0.473,0.871,58,197,184,45,66,9,6,0,15,2,10,33,26,2
2022,"All Division I","Katie Dack","Texas A&M",0.303,0.419,0.697,1.116,55,148,119,25,36,6,1,13,40,0,26,40,2,2
2022,"All Division I","Cayden Baker","Texas A&M",0.261,0.276,0.336,0.613,45,127,119,15,31,1,1,2,17,0,3,23,4,2
2022,"All Division I","Paolina Baez","Texas A&M-Corpus Christi",0.188,0.336,0.238,0.574,45,129,101,14,19,3,1,0,15,2,21,36,4,0
2022,"All Division I","Ciara Trahan","Texas State",0.335,0.389,0.379,0.768,56,202,182,35,61,2,3,0,27,2,14,27,14,2
2022,"All Division I","Riley Ehlen","Texas Tech",0.25,0.337,0.369,0.706,37,99,84,14,21,4,0,2,16,2,10,22,2,0
2022,"All Division I","Molly Grumbo","Texas Tech",0.187,0.237,0.262,0.499,41,118,107,13,20,2,0,2,7,2,5,16,6,1
2022,"All Division I","Sidney Griffith","Toledo",0.25,0.299,0.361,0.66,40,118,108,18,27,7,1,1,8,2,6,23,3,1
2022,"All Division I","Sydni Byers","Towson",0.256,0.312,0.408,0.72,46,139,125,13,32,7,0,4,25,2,9,28,1,0
2022,"All Division I","Taylor McKinney","Troy",0.294,0.374,0.485,0.859,49,155,136,18,40,5,0,7,25,3,15,18,2,2
2022,"All Division I","Claira Skaggs","Tulsa",0.187,0.281,0.243,0.524,45,121,107,12,20,3,0,1,8,2,12,20,0,1
2022,"All Division I","Celeste Wood","Tulsa",0.275,0.321,0.479,0.799,47,157,142,18,39,11,3,4,34,0,11,22,0,0
2022,"All Division I","Kailyn Bearpaw","Tulsa",0.256,0.288,0.323,0.611,45,141,133,7,34,6,0,1,14,0,6,16,0,0
2022,"All Division I","Lindsey Smith","UAB",0.286,0.338,0.474,0.812,49,148,133,27,38,11,1,4,21,3,9,17,1,2
2022,"All Division I","Bella Wiggins","UAB",0.305,0.361,0.404,0.765,47,160,141,24,43,9,1,1,16,6,8,15,3,6
2022,"All Division I","Lauren Brock","UAB",0.229,0.323,0.248,0.57,41,125,109,16,25,2,0,0,12,0,15,13,5,2
2022,"All Division I","Reese Mattley","UC Davis",0.306,0.378,0.378,0.756,43,129,111,18,34,6,1,0,12,0,14,32,2,0
2022,"All Division I","Delaney Diaz","UC Davis",0.272,0.317,0.39,0.707,44,147,136,9,37,4,0,4,25,1,8,20,1,0
2022,"All Division I","Ashleigh Griffin","UCF",0.281,0.387,0.432,0.819,56,175,146,14,41,10,0,4,36,1,25,24,0,0
2022,"All Division I","Micaela Macario","UCF",0.286,0.375,0.347,0.722,61,171,147,31,42,5,2,0,27,0,21,20,19,1
2022,"All Division I","Savannah Pola","UCLA",0.342,0.43,0.544,0.974,58,189,158,31,54,15,1,5,43,1,25,24,1,0
2022,"All Division I","Maddie Hayden","UL Lafayette",0.366,0.405,0.466,0.87,51,174,161,38,59,9,2,1,29,1,10,10,28,6
2022,"All Division I","Jourdyn Campbell","UL Lafayette",0.392,0.449,0.703,1.152,52,167,148,31,58,11,1,11,35,6,11,20,8,4
2022,"All Division I","Laney Credeur","UL Lafayette",0.348,0.464,0.598,1.062,49,112,92,13,32,5,0,6,24,0,20,17,0,0
2022,"All Division I","Stormy Kotzelnick","UL Lafayette",0.354,0.419,0.641,1.06,59,223,195,47,69,14,6,10,53,5,19,27,22,3
2022,"All Division I","Alexa Langeliers","UL Lafayette",0.37,0.477,0.782,1.258,46,152,119,38,44,6,2,13,42,3,25,17,5,0
2022,"All Division I","Alexis Chavez","UL Monroe",0.335,0.406,0.394,0.799,51,176,155,27,52,9,0,0,16,3,16,30,11,3
2022,"All Division I","Gabby Davila","UL Monroe",0.264,0.344,0.345,0.689,43,126,110,16,29,1,1,2,18,2,12,13,2,0
2022,"All Division I","Lourdes Bacon","UL Monroe",0.337,0.404,0.38,0.785,54,189,163,32,55,5,1,0,11,0,19,38,18,5
2022,"All Division I","Jules Shields","UMass",0.243,0.319,0.301,0.62,39,122,103,6,25,4,1,0,15,0,13,26,0,0
2022,"All Division I","Morgan Fisher","UMass Lowell",0.262,0.303,0.393,0.696,40,132,122,17,32,7,0,3,24,2,6,13,2,0
2022,"All Division I","Elizabeth Frederick","UMass Lowell",0.252,0.354,0.407,0.761,46,145,123,24,31,10,0,3,16,2,18,31,11,2
2022,"All Division I","Jessie Shipley","UNC Greensboro",0.231,0.325,0.433,0.758,51,162,134,25,31,6,0,7,23,1,19,27,1,0
2022,"All Division I","Grace Loftin","UNC Greensboro",0.296,0.372,0.605,0.977,52,172,152,24,45,14,0,11,46,4,15,31,1,0
2022,"All Division I","Sofia Morales","UNLV",0.378,0.414,0.423,0.837,51,175,156,40,59,3,2,0,18,0,11,11,6,3
2022,"All Division I","Ariana Martinez","UNLV",0.36,0.436,0.588,1.024,49,133,114,15,41,3,1,7,47,4,13,26,0,0
2022,"All Division I","Summer Johnson","USC Upstate",0.416,0.463,0.621,1.084,58,182,161,28,67,9,0,8,36,4,10,9,8,1
2022,"All Division I","Casey Goguts","USC Upstate",0.329,0.353,0.564,0.916,53,157,149,32,49,16,2,5,24,1,5,11,10,0
2022,"All Division I","Aaliyah White","UT Arlington",0.267,0.357,0.302,0.659,37,99,86,13,23,3,0,0,9,0,12,16,4,1
2022,"All Division I","Katie Dreiling","UT Martin",0.282,0.392,0.479,0.87,53,194,163,29,46,8,0,8,37,1,29,38,0,0
2022,"All Division I","Emily Dear","UTSA",0.25,0.32,0.439,0.759,46,147,132,17,33,8,1,5,23,1,13,27,1,1
2022,"All Division I","Camryn Robillard","UTSA",0.268,0.392,0.477,0.869,48,181,149,33,40,7,0,8,25,2,29,36,0,0
2022,"All Division I","Kate Wolf","Wagner",0.219,0.304,0.356,0.66,48,169,146,15,32,8,0,4,20,4,15,11,0,0
2022,"All Division I","Olivia Johnson","Washington",0.261,0.423,0.588,1.011,50,156,119,23,31,4,1,11,25,4,31,30,1,0
2022,"All Division I","Kinsey Fiedler","Washington",0.237,0.38,0.548,0.928,52,167,135,30,32,5,2,11,26,5,26,52,10,3
2022,"All Division I","Natalie Henry","Western Carolina",0.226,0.369,0.391,0.76,44,142,115,21,26,4,0,5,13,12,14,34,4,0
2022,"All Division I","Georgia Rea","Western Illinois",0.221,0.317,0.413,0.73,40,120,104,12,23,5,0,5,14,0,15,29,4,0
2022,"All Division I","Kaylee Ketcherside","Western Illinois",0.264,0.291,0.292,0.583,40,112,106,9,28,1,1,0,7,1,3,28,4,2
2022,"All Division I","Randi Drinnon","Western Kentucky",0.264,0.367,0.403,0.77,51,154,129,20,34,7,1,3,14,0,21,18,5,0
2022,"All Division I","Natalie Shuey","Western Michigan",0.128,0.184,0.162,0.346,49,128,117,10,15,4,0,0,7,3,5,24,2,0
2022,"All Division I","Darcy Barkauskas","Western Michigan",0.196,0.261,0.235,0.497,43,112,102,10,20,4,0,0,8,0,9,35,0,0
2022,"All Division I","Krystin Nelson","Wichita State",0.26,0.368,0.32,0.688,42,118,100,20,26,3,0,1,10,2,15,23,0,1
2022,"All Division I","Brooke Kuffel","Wisconsin",0.151,0.315,0.329,0.644,40,92,73,8,11,4,0,3,18,8,10,23,1,1
2022,"All Division I","Molly Schlosser","Wisconsin",0.253,0.32,0.308,0.628,39,105,91,19,23,1,2,0,7,1,9,28,2,1
2022,"All Division I","Ellie Hubbard","Wisconsin",0.266,0.362,0.36,0.722,50,163,139,24,37,9,2,0,13,3,19,43,0,0
2022,"All Division I","Maddie Latta","Yale",0.303,0.367,0.576,0.943,33,109,99,16,30,7,1,6,13,2,8,15,0,1
2022,"All Division I","Bree Kohler","Youngstown State",0.27,0.369,0.378,0.748,46,136,111,24,30,3,3,1,13,6,12,27,6,1
2022,"All Division I","Taylor Truran","Youngstown State",0.202,0.314,0.315,0.629,45,107,89,8,18,4,0,2,12,3,12,31,0,0
2022,"All Division I","Sarah Coon","Virginia",0.291,0.429,0.523,0.952,54,191,151,34,44,11,0,8,36,12,26,41,7,2
2022,"All Division I","Bre Peck","Virginia Tech",0.32,0.364,0.588,0.952,52,165,153,33,49,8,0,11,34,1,10,23,3,0
2022,"All Division I","Jantzen Owen","UC Riverside",0.261,0.355,0.336,0.691,44,138,119,16,31,6,0,1,15,7,11,9,0,0
2022,"All Division I","Nadia Witt","UC Riverside",0.33,0.388,0.425,0.812,42,118,106,29,35,6,2,0,24,2,8,19,14,2
2022,"All Division I","Gigi Araki","UC Riverside",0.234,0.376,0.477,0.853,45,141,111,24,26,9,0,6,36,8,19,26,0,0
2022,"All Division I","Kat Montuya","UC Riverside",0.229,0.365,0.339,0.704,45,143,109,26,25,6,0,2,19,7,18,36,6,3
2022,"All Division I","Sydney Soto","California Baptist",0.308,0.397,0.436,0.833,47,139,117,26,36,11,2,0,17,5,13,20,6,1
2022,"All Division I","Ellen Hubbard","Merrimack",0.362,0.404,0.465,0.869,42,138,127,16,46,7,0,2,22,1,8,11,3,0
2022,"All Division I","Hannah Lindsay","New Mexico State",0.33,0.337,0.615,0.952,39,92,91,12,30,2,0,8,21,1,0,16,0,1
2022,"All Division I","Jai'lyn Edwards","North Carolina Central",0.2,0.263,0.305,0.568,42,114,105,14,21,5,0,2,14,3,6,24,2,1
2022,"All Division I","Jaden Davis","North Carolina Central",0.315,0.344,0.389,0.733,48,159,149,29,47,5,0,2,15,1,6,24,11,4
2022,"All Division I","Tristin Court","Northwestern State",0.242,0.336,0.325,0.661,46,142,120,10,29,4,0,2,10,1,16,23,0,0
2022,"All Division I","Bailie Ragsdale","Northwestern State",0.311,0.354,0.329,0.684,48,181,164,17,51,3,0,0,8,2,9,15,5,2
2022,"All Division I","Maggie O'Brien","Omaha",0.28,0.384,0.336,0.72,46,128,107,14,30,2,2,0,10,2,16,21,3,0
2022,"All Division I","Lindsay Cabral","Saint Mary's (CA)",0.19,0.253,0.203,0.455,42,89,79,5,15,1,0,0,6,2,5,18,1,0
2022,"All Division I","Claudia Kirchner","Saint Mary's (CA)",0.232,0.264,0.268,0.533,38,90,82,3,19,3,0,0,6,3,1,16,2,0
2022,"All Division I","Natalie Casto","St. John's",0.183,0.245,0.269,0.514,40,106,93,8,17,5,0,1,4,1,7,31,4,3
2022,"All Division I","Anese Thompson","St. John's",0.171,0.292,0.297,0.59,45,130,111,6,19,5,0,3,11,3,16,41,1,0
2022,"All Division I","London Jarrard","St. John's",0.4,0.467,0.55,1.017,44,137,120,17,48,13,1,1,26,5,11,18,11,3
2022,"All Division I","Ryla Traylor","Tennessee State",0.234,0.277,0.261,0.539,44,119,111,14,26,3,0,0,3,1,6,22,4,0
2022,"All Division I","Jasmine Brown","Tennessee State",0.214,0.256,0.239,0.495,52,170,159,18,34,2,1,0,6,1,8,23,11,8
2022,"All Division I","Maggie Klug","Tennessee State",0.155,0.18,0.186,0.366,42,100,97,1,15,3,0,0,4,1,2,27,0,0
2022,"All Division I","Marissa Hassis","UC San Diego",0.195,0.229,0.257,0.485,44,122,113,6,22,7,0,0,15,1,4,18,0,0
2022,"All Division I","Kacie Hoffmann","Arkansas",0.273,0.333,0.555,0.888,50,120,110,17,30,5,1,8,20,2,8,20,0,0
2022,"All Division I","Kaci West","Baylor",0.278,0.349,0.391,0.74,50,151,133,23,37,7,1,2,23,0,15,16,2,0
2022,"All Division I","McKenzie Wilson","Baylor",0.422,0.532,0.602,1.134,56,206,166,53,70,11,5,3,29,5,34,18,27,8
2022,"All Division I","Katie Pederson","Bradley",0.268,0.311,0.431,0.742,48,136,123,13,33,6,1,4,23,2,7,27,3,0
2022,"All Division I","Addie Welsh","Bradley",0.234,0.296,0.372,0.668,52,156,137,16,32,3,2,4,21,0,13,41,8,0
2022,"All Division I","Abbott Badgley","Bradley",0.323,0.411,0.548,0.959,48,147,124,20,40,8,1,6,25,8,12,37,1,0
2022,"All Division I","Cameron Young","East Tennessee State",0.297,0.345,0.361,0.706,56,171,158,17,47,10,0,0,10,4,8,21,14,4
2022,"All Division I","Riley Nayadley","East Tennessee State",0.191,0.226,0.217,0.443,54,168,152,11,29,4,0,0,8,1,7,22,12,3
2022,"All Division I","Amber Atkins","East Tennessee State",0.255,0.352,0.358,0.711,47,122,106,7,27,5,0,2,9,3,13,28,4,0
2022,"All Division I","Chloe Hatzopoulos","Elon",0.213,0.308,0.351,0.659,41,107,94,17,20,1,0,4,11,4,9,27,2,0
2022,"All Division I","Teagan Shaw","Harvard",0.21,0.331,0.31,0.641,39,120,100,16,21,1,0,3,10,5,13,22,6,0
2022,"All Division I","Kaitlin Lampson","Harvard",0.228,0.304,0.239,0.543,39,105,92,14,21,1,0,0,7,8,2,25,4,0
2022,"All Division I","Trina Hoang","Harvard",0.218,0.298,0.248,0.546,38,116,101,14,22,3,0,0,10,0,12,7,8,2
2022,"All Division I","Morgan Melito","Harvard",0.351,0.469,0.526,0.995,42,146,114,21,40,4,2,4,26,3,24,29,6,1
2022,"All Division I","Sophia Maras","Iowa",0.3,0.408,0.36,0.768,45,121,100,19,30,6,0,0,14,1,18,27,4,1
2022,"All Division I","Angelina Allen","Iowa State",0.325,0.382,0.473,0.855,55,187,169,32,55,9,2,4,31,0,16,29,0,0
2022,"All Division I","Olivia Bruno","Kansas",0.345,0.426,0.662,1.088,54,169,148,28,51,9,1,12,41,1,20,26,0,0
2022,"All Division I","Shayna Espy","Kansas",0.3,0.391,0.343,0.734,48,162,140,24,42,4,1,0,12,0,21,16,3,2
2022,"All Division I","Sydney Peterson","LSU",0.213,0.41,0.307,0.717,43,104,75,15,16,4,0,1,3,8,17,14,3,1
2022,"All Division I","Raigan Barrett","Liberty",0.235,0.314,0.311,0.625,53,141,119,26,28,4,1,1,13,2,13,18,5,1
2022,"All Division I","Rachel Roupe","Liberty",0.259,0.351,0.475,0.826,61,196,162,31,42,9,1,8,45,4,21,19,7,2
2022,"All Division I","Ashley Archuleta","New Mexico",0.325,0.406,0.42,0.826,53,193,169,29,55,8,1,2,21,3,20,36,0,0
2022,"All Division I","Emma Bramson","New Mexico",0.245,0.301,0.403,0.704,46,154,139,24,34,4,0,6,23,1,11,20,0,0
2022,"All Division I","Lauren Yuhas","Ohio",0.181,0.319,0.33,0.648,40,114,94,16,17,3,1,3,6,8,11,37,6,0
2022,"All Division I","Lauryn Yslava","SIUE",0.317,0.356,0.54,0.897,53,174,161,18,51,9,0,9,34,1,10,17,0,0
2022,"All Division I","Piper Montgomery","SIUE",0.19,0.274,0.273,0.547,46,138,121,12,23,4,0,2,10,4,10,24,0,0
2022,"All Division I","Lair Beautae","Tennessee",0.293,0.407,0.467,0.873,55,182,150,31,44,9,1,5,33,6,24,30,13,1
2022,"All Division I","McKenna Gibson","Tennessee",0.252,0.379,0.524,0.902,56,178,147,25,37,5,1,11,30,12,18,36,1,0
2022,"All Division I","Tatum Kresley","UMES",0.437,0.468,0.506,0.973,51,187,174,40,76,2,5,0,21,1,10,12,40,9
2022,"All Division I","Mckenzie Abiley","UMES",0.24,0.315,0.287,0.602,50,150,129,20,31,6,0,0,16,5,9,19,6,1
2022,"All Division I","Kelsie Ekstrom","UMES",0.295,0.366,0.396,0.762,50,164,139,24,41,12,1,0,29,2,16,23,4,0
2022,"All Division I","Ryan Merriwether","UMES",0.248,0.296,0.286,0.581,39,116,105,11,26,4,0,0,13,1,7,18,2,1
2022,"All Division I","Julia Garcia","UMES",0.342,0.398,0.576,0.974,51,177,158,26,54,16,0,7,40,1,15,21,6,1
2022,"All Division I","Ah-Nayia Oglesby","UMES",0.211,0.279,0.336,0.615,49,142,128,24,27,3,2,3,18,1,11,30,19,1
2022,"All Division I","Addi Weaver","Valparaiso",0.222,0.305,0.299,0.604,47,132,117,5,26,7,1,0,10,0,14,24,0,0
2022,"All Division I","Cameron Kondo","Georgetown",0.254,0.414,0.467,0.881,43,158,122,27,31,3,1,7,21,12,22,18,5,3
2022,"All Division I","Kayla Dunn","Georgetown",0.225,0.352,0.303,0.655,34,111,89,8,20,4,0,1,13,2,16,27,0,0
2022,"All Division I","Abby Smith","Georgetown",0.347,0.468,0.683,1.151,37,124,101,11,35,4,0,10,28,2,21,8,0,0
2022,"All Division I","Alyssa Chavez","Georgetown",0.305,0.341,0.602,0.942,43,140,128,24,39,6,1,10,31,0,8,14,1,1
2022,"All Division I","Kenna Higa","Norfolk State",0.319,0.433,0.6,1.033,55,172,135,38,43,11,0,9,44,12,19,20,4,0
2022,"All Division I","Loren Hudson","Norfolk State",0.299,0.355,0.454,0.809,47,108,97,6,29,3,0,4,19,2,7,10,0,0
2022,"All Division I","Chloey Morgan","Alcorn State",0.287,0.366,0.357,0.722,41,145,129,22,37,7,1,0,11,2,14,16,12,3
2022,"All Division I","Tyesha Cole","Alcorn State",0.326,0.389,0.57,0.96,46,150,135,38,44,4,7,5,21,3,11,18,16,2
2022,"All Division I","Hermariya Stephens","Jackson State",0.338,0.413,0.489,0.902,49,168,139,28,47,6,3,3,29,1,18,31,24,2
2022,"All Division I","Presley Jantzi","Montana",0.353,0.405,0.496,0.9,42,132,119,21,42,11,0,2,17,1,10,17,0,0
2022,"All Division I","Tamera McKnight","Texas Southern",0.278,0.379,0.515,0.895,39,117,97,13,27,5,0,6,27,5,12,15,0,0
2022,"All Division I","Jaslyn Sanchez","Coppin State",0.144,0.214,0.178,0.392,34,100,90,11,13,3,0,0,6,0,8,14,1,2
2022,"All Division I","Amari Broughton","Arkansas-Pine Bluff",0.248,0.29,0.356,0.646,40,107,101,13,25,5,0,2,13,1,5,18,1,0
2022,"All Division I","Kiauna Watson","Florida A&M",0.277,0.353,0.311,0.664,41,137,119,18,33,2,1,0,15,0,14,22,13,4
2022,"All Division I","Desirae Beacham","Florida A&M",0.24,0.309,0.336,0.645,44,139,125,12,30,6,0,2,21,6,7,24,1,0
2022,"All Division I","Jane'a Mobley","Florida A&M",0.263,0.317,0.358,0.675,37,105,95,4,25,4,1,1,13,1,7,7,0,0
2022,"All Division I","Nyah Morgan","Florida A&M",0.276,0.347,0.526,0.873,49,170,152,23,42,16,2,6,30,2,15,25,0,0
2022,"All Division I","Da'Nijah Wade","Alabama A&M",0.262,0.283,0.291,0.574,36,114,103,17,27,1,1,0,8,2,1,12,14,4
2022,"All Division I","Tatianna Roman","Alabama A&M",0.29,0.348,0.355,0.703,38,138,124,21,36,4,2,0,11,1,10,19,4,3
2022,"All Division I","Lauryn Gross","Alabama A&M",0.362,0.487,0.447,0.934,31,117,94,29,34,4,2,0,12,3,20,9,21,2
2022,"All Division I","Allyson Riches","Alabama A&M",0.365,0.438,0.479,0.917,33,115,96,17,35,9,1,0,22,1,13,13,0,1
2022,"All Division I","Brooklyn Wallace","Alabama A&M",0.196,0.276,0.228,0.504,36,107,92,15,18,3,0,0,11,1,10,7,3,0
2022,"All Division I","Matti Reiling","Abilene Christian",0.21,0.269,0.301,0.57,51,159,143,23,30,3,2,2,8,3,9,34,8,1
2022,"All Division I","Rebeca Laudino","Mercer",0.337,0.376,0.376,0.752,54,193,178,34,60,4,0,1,22,4,7,20,17,3
2022,"All Division I","Kristian Edwards","Alcorn State",0.318,0.342,0.5,0.842,45,158,148,27,47,3,9,2,24,1,5,10,28,0
2022,"All Division I","Sara Muir","East Tennessee State",0.215,0.28,0.296,0.576,55,153,135,6,29,5,0,2,15,2,11,36,5,2
2022,"All Division I","Audrey Garcia","Prairie View",0.315,0.353,0.449,0.802,43,136,127,21,40,8,3,1,20,0,8,16,2,1
2022,"All Division I","Biviana Figueroa","Prairie View",0.438,0.51,0.657,1.166,45,158,137,29,60,15,0,5,38,4,16,7,4,0
2022,"All Division I","Taliya Talley","Prairie View",0.196,0.303,0.304,0.607,43,135,112,18,22,9,0,1,10,1,17,20,1,0
2022,"All Division I","Elia Hebel","Sam Houston State",0.259,0.331,0.453,0.784,51,154,139,15,36,3,0,8,22,1,14,22,1,0
2022,"All Division I","Ryleigh Mata","Incarnate Word",0.367,0.403,0.438,0.841,51,182,169,33,62,8,2,0,13,0,11,6,3,2
2022,"All Division I","Sarah Stone","Indiana",0.256,0.356,0.4,0.756,44,104,90,6,23,5,1,2,13,3,11,21,2,1
2022,"All Division I","Taylor Smrt","Memphis",0.234,0.315,0.315,0.63,47,128,111,12,26,3,0,2,23,1,13,33,0,0
2022,"All Division I","Mariah Headen","North Carolina A&T",0.147,0.206,0.2,0.406,39,105,95,7,14,2,0,1,7,5,2,22,4,2
